YEAR,MONTH,flight_date,flight_number,origin_airport,destination_airport,departure_delay,arrival_delay,cancelled,diverted,distance,is_delayed_15
2025.0,1.0,2025-01-01,1370.0,GRR,MCO,,,1,0,1024.0,
2025.0,1.0,2025-01-01,1373.0,EGE,ORD,,,1,0,1007.0,
2025.0,1.0,2025-01-01,1550.0,DEN,SBP,,,1,0,931.0,
2025.0,1.0,2025-01-01,2094.0,RSW,EWR,,,1,0,1068.0,
2025.0,1.0,2025-01-01,2121.0,TTN,PBI,,,1,0,985.0,
2025.0,1.0,2025-01-01,2123.0,MCI,DEN,,,1,0,533.0,
2025.0,1.0,2025-01-01,2221.0,DEN,MTJ,,,1,0,196.0,
2025.0,1.0,2025-01-01,2507.0,PHL,MCO,,,1,0,861.0,
2025.0,1.0,2025-01-01,2562.0,PGD,TOL,,,1,0,1016.0,
2025.0,1.0,2025-01-01,2575.0,TOL,PGD,,,1,0,1016.0,
2025.0,1.0,2025-01-01,2582.0,PBI,PHL,,,1,0,951.0,
2025.0,1.0,2025-01-01,262.0,DEN,DFW,,,1,0,641.0,
2025.0,1.0,2025-01-01,2624.0,RSW,ORD,,,1,0,1120.0,
2025.0,1.0,2025-01-01,2660.0,DEN,SBA,,,1,0,916.0,
2025.0,1.0,2025-01-01,3394.0,SFO,SLC,,,1,0,599.0,
2025.0,1.0,2025-01-01,4263.0,RSW,GRR,,,1,0,1147.0,
2025.0,1.0,2025-01-01,4461.0,SJU,PHL,,,1,0,1576.0,
2025.0,1.0,2025-01-01,4949.0,SLC,PHX,,,1,0,507.0,
2025.0,1.0,2025-01-01,586.0,DEN,MCI,,,1,0,533.0,
2025.0,1.0,2025-01-01,501.0,FLL,PBG,-5.0,-32.0,0,0,1334.0,0
2025.0,1.0,2025-01-01,531.0,PBG,FLL,-3.0,-17.0,0,0,1334.0,0
2025.0,1.0,2025-01-01,1062.0,PBG,PIE,25.0,33.0,0,0,1262.0,1
2025.0,1.0,2025-01-01,2724.0,PIE,PBG,-1.0,18.0,0,0,1262.0,1
2025.0,1.0,2025-01-01,2554.0,PGD,SPI,107.0,102.0,0,0,994.0,1
2025.0,1.0,2025-01-01,2820.0,SGF,SFB,-6.0,-13.0,0,0,914.0,0
2025.0,1.0,2025-01-01,2971.0,SFB,SGF,-3.0,-7.0,0,0,914.0,0
2025.0,1.0,2025-01-01,894.0,SPI,PGD,106.0,90.0,0,0,994.0,1
2025.0,1.0,2025-01-01,1785.0,PIE,ABE,-11.0,-25.0,0,0,970.0,0
2025.0,1.0,2025-01-01,1822.0,PGD,ABE,4.0,-7.0,0,0,1018.0,0
2025.0,1.0,2025-01-01,1836.0,ABE,PIE,-4.0,-13.0,0,0,970.0,0
2025.0,1.0,2025-01-01,204.0,ABE,PGD,-10.0,-3.0,0,0,1018.0,0
2025.0,1.0,2025-01-01,1567.0,PGD,ATW,41.0,40.0,0,0,1250.0,1
2025.0,1.0,2025-01-01,3189.0,ATW,PGD,-15.0,24.0,0,0,1250.0,1
2025.0,1.0,2025-01-01,1550.0,PGD,FNT,97.0,83.0,0,0,1111.0,1
2025.0,1.0,2025-01-01,3165.0,FNT,PGD,-5.0,68.0,0,0,1111.0,1
2025.0,1.0,2025-01-01,1548.0,SRQ,FNT,14.0,-5.0,0,0,1075.0,0
2025.0,1.0,2025-01-01,3157.0,FNT,SRQ,-3.0,13.0,0,0,1075.0,0
2025.0,1.0,2025-01-01,3004.0,SBN,SRQ,-10.0,7.0,0,0,1009.0,0
2025.0,1.0,2025-01-01,3016.0,SRQ,SBN,-8.0,-18.0,0,0,1009.0,0
2025.0,1.0,2025-01-01,2470.0,PGD,SBN,126.0,124.0,0,0,1049.0,1
2025.0,1.0,2025-01-01,2498.0,SBN,PGD,116.0,136.0,0,0,1049.0,1
2025.0,1.0,2025-01-01,2092.0,SFB,DSM,-18.0,-15.0,0,0,1124.0,0
2025.0,1.0,2025-01-01,466.0,DSM,SFB,-8.0,-17.0,0,0,1124.0,0
2025.0,1.0,2025-01-01,3009.0,SRQ,SYR,-16.0,-32.0,0,0,1142.0,0
2025.0,1.0,2025-01-01,3013.0,SYR,SRQ,-3.0,-9.0,0,0,1142.0,0
2025.0,1.0,2025-01-01,1853.0,SFB,AVL,-7.0,-13.0,0,0,465.0,0
2025.0,1.0,2025-01-01,1864.0,AVL,SFB,-5.0,-11.0,0,0,465.0,0
2025.0,1.0,2025-01-01,252.0,SFB,AVL,-8.0,-19.0,0,0,465.0,0
2025.0,1.0,2025-01-01,264.0,AVL,SFB,-10.0,-17.0,0,0,465.0,0
2025.0,1.0,2025-01-01,602.0,PIE,IND,-7.0,-10.0,0,0,840.0,0
2025.0,1.0,2025-01-01,619.0,SRQ,IND,-1.0,-18.0,0,0,876.0,0
2025.0,1.0,2025-01-01,626.0,IND,SRQ,-8.0,-1.0,0,0,876.0,0
2025.0,1.0,2025-01-01,631.0,IND,PIE,-10.0,-22.0,0,0,840.0,0
2025.0,1.0,2025-01-01,1841.0,AVL,FLL,409.0,399.0,0,0,661.0,1
2025.0,1.0,2025-01-01,1886.0,FLL,AVL,75.0,60.0,0,0,661.0,1
2025.0,1.0,2025-01-01,514.0,USA,FLL,-7.0,-22.0,0,0,643.0,0
2025.0,1.0,2025-01-01,532.0,FLL,USA,-11.0,-18.0,0,0,643.0,0
2025.0,1.0,2025-01-01,562.0,FLL,GRR,1.0,-9.0,0,0,1198.0,0
2025.0,1.0,2025-01-01,578.0,GRR,FLL,21.0,19.0,0,0,1198.0,1
2025.0,1.0,2025-01-01,2537.0,PGD,RFD,102.0,95.0,0,0,1127.0,1
2025.0,1.0,2025-01-01,852.0,RFD,PGD,90.0,74.0,0,0,1127.0,1
2025.0,1.0,2025-01-01,895.0,IAG,PGD,17.0,70.0,0,0,1129.0,1
2025.0,1.0,2025-01-01,959.0,PGD,IAG,-4.0,12.0,0,0,1129.0,0
2025.0,1.0,2025-01-01,2485.0,LEX,PGD,73.0,192.0,0,0,781.0,1
2025.0,1.0,2025-01-01,863.0,LCK,PGD,223.0,226.0,0,0,890.0,1
2025.0,1.0,2025-01-01,876.0,PGD,LEX,74.0,64.0,0,0,781.0,1
2025.0,1.0,2025-01-01,961.0,PGD,LCK,190.0,183.0,0,0,890.0,1
2025.0,1.0,2025-01-01,677.0,AZA,MSO,-19.0,-10.0,0,0,948.0,0
2025.0,1.0,2025-01-01,716.0,MSO,AZA,-11.0,-12.0,0,0,948.0,0
2025.0,1.0,2025-01-01,1527.0,SFB,FNT,-4.0,-14.0,0,0,988.0,0
2025.0,1.0,2025-01-01,3172.0,FNT,SFB,440.0,428.0,0,0,988.0,1
2025.0,1.0,2025-01-01,2262.0,AZA,FAR,4.0,-2.0,0,0,1220.0,0
2025.0,1.0,2025-01-01,2263.0,FAR,AZA,-2.0,-10.0,0,0,1220.0,0
2025.0,1.0,2025-01-01,2286.0,AZA,PIA,-7.0,-24.0,0,0,1312.0,0
2025.0,1.0,2025-01-01,717.0,PIA,AZA,-13.0,-14.0,0,0,1312.0,0
2025.0,1.0,2025-01-01,1048.0,USA,PIE,59.0,55.0,0,0,528.0,1
2025.0,1.0,2025-01-01,2616.0,PIE,USA,62.0,50.0,0,0,528.0,1
2025.0,1.0,2025-01-01,2653.0,PIE,LEX,59.0,49.0,0,0,707.0,1
2025.0,1.0,2025-01-01,2667.0,LEX,PIE,41.0,32.0,0,0,707.0,1
2025.0,1.0,2025-01-01,1279.0,SBN,SFB,-9.0,3.0,0,0,936.0,0
2025.0,1.0,2025-01-01,1280.0,SFB,SBN,-4.0,-9.0,0,0,936.0,0
2025.0,1.0,2025-01-01,1994.0,SRQ,CVG,-8.0,-19.0,0,0,812.0,0
2025.0,1.0,2025-01-01,386.0,CVG,PIE,-4.0,7.0,0,0,776.0,0
2025.0,1.0,2025-01-01,388.0,CVG,SRQ,-7.0,-11.0,0,0,812.0,0
2025.0,1.0,2025-01-01,407.0,PIE,CVG,13.0,8.0,0,0,776.0,0
2025.0,1.0,2025-01-01,1229.0,SFB,XNA,-6.0,-9.0,0,0,920.0,0
2025.0,1.0,2025-01-01,1302.0,XNA,SFB,1.0,6.0,0,0,920.0,0
2025.0,1.0,2025-01-01,2938.0,ELM,SFB,1.0,-4.0,0,0,954.0,0
2025.0,1.0,2025-01-01,2956.0,SFB,ELM,4.0,-3.0,0,0,954.0,0
2025.0,1.0,2025-01-01,647.0,CID,AZA,-28.0,-37.0,0,0,1240.0,0
2025.0,1.0,2025-01-01,656.0,AZA,CID,-10.0,-26.0,0,0,1240.0,0
2025.0,1.0,2025-01-01,681.0,MOT,AZA,-9.0,-30.0,0,0,1164.0,0
2025.0,1.0,2025-01-01,691.0,AZA,MOT,-8.0,-17.0,0,0,1164.0,0
2025.0,1.0,2025-01-01,909.0,FWA,PGD,69.0,61.0,0,0,986.0,1
2025.0,1.0,2025-01-01,944.0,PGD,FWA,55.0,44.0,0,0,986.0,1
2025.0,1.0,2025-01-01,1589.0,SNA,BOI,-1.0,-7.0,0,0,688.0,0
2025.0,1.0,2025-01-01,1594.0,SNA,PVU,15.0,26.0,0,0,565.0,1
2025.0,1.0,2025-01-01,1601.0,PVU,SNA,8.0,-10.0,0,0,565.0,0
2025.0,1.0,2025-01-01,1603.0,BOI,SNA,-4.0,9.0,0,0,688.0,0
2025.0,1.0,2025-01-01,1135.0,PIT,PBI,-9.0,-26.0,0,0,952.0,0
2025.0,1.0,2025-01-01,2736.0,PBI,PIT,-11.0,-26.0,0,0,952.0,0
2025.0,1.0,2025-01-01,599.0,PGD,IND,44.0,38.0,0,0,916.0,1
2025.0,1.0,2025-01-01,607.0,IND,PGD,-7.0,16.0,0,0,916.0,1
2025.0,1.0,2025-01-01,2203.0,PIE,GRR,14.0,12.0,0,0,1044.0,0
2025.0,1.0,2025-01-01,552.0,GRR,PIE,-4.0,9.0,0,0,1044.0,0
2025.0,1.0,2025-01-01,577.0,PIE,GRR,54.0,46.0,0,0,1044.0,1
2025.0,1.0,2025-01-01,581.0,GRR,PIE,14.0,49.0,0,0,1044.0,1
2025.0,1.0,2025-01-01,168.0,ABE,SFB,-9.0,-20.0,0,0,882.0,0
2025.0,1.0,2025-01-01,171.0,SFB,ABE,-18.0,-27.0,0,0,882.0,0
2025.0,1.0,2025-01-01,2176.0,GRR,SFB,-7.0,23.0,0,0,1001.0,1
2025.0,1.0,2025-01-01,536.0,GRR,AZA,-4.0,0.0,0,0,1561.0,0
2025.0,1.0,2025-01-01,559.0,SFB,GRR,25.0,23.0,0,0,1001.0,1
2025.0,1.0,2025-01-01,564.0,AZA,GRR,3.0,-2.0,0,0,1561.0,0
2025.0,1.0,2025-01-01,448.0,DSM,AZA,-1.0,-6.0,0,0,1138.0,0
2025.0,1.0,2025-01-01,459.0,AZA,DSM,7.0,-2.0,0,0,1138.0,0
2025.0,1.0,2025-01-01,977.0,PIE,BGR,-7.0,-28.0,0,0,1394.0,0
2025.0,1.0,2025-01-01,988.0,BGR,PIE,-10.0,-8.0,0,0,1394.0,0
2025.0,1.0,2025-01-01,1580.0,ATW,SFB,-19.0,-12.0,0,0,1141.0,0
2025.0,1.0,2025-01-01,3205.0,SFB,ATW,-9.0,-18.0,0,0,1141.0,0
2025.0,1.0,2025-01-01,1991.0,SFB,CVG,-4.0,-8.0,0,0,735.0,0
2025.0,1.0,2025-01-01,391.0,FLL,CVG,-14.0,-18.0,0,0,932.0,0
2025.0,1.0,2025-01-01,411.0,CVG,FLL,-3.0,-21.0,0,0,932.0,0
2025.0,1.0,2025-01-01,412.0,CVG,SFB,0.0,-6.0,0,0,735.0,0
2025.0,1.0,2025-01-01,2321.0,AZA,RFD,-7.0,14.0,0,0,1373.0,0
2025.0,1.0,2025-01-01,699.0,RAP,AZA,76.0,76.0,0,0,873.0,1
2025.0,1.0,2025-01-01,724.0,AZA,RAP,93.0,85.0,0,0,873.0,1
2025.0,1.0,2025-01-01,741.0,RFD,AZA,17.0,25.0,0,0,1373.0,1
2025.0,1.0,2025-01-01,843.0,PGD,CID,280.0,311.0,0,0,1170.0,1
2025.0,1.0,2025-01-01,856.0,CID,PGD,297.0,317.0,0,0,1170.0,1
2025.0,1.0,2025-01-01,2301.0,FSD,AZA,-7.0,-2.0,0,0,1072.0,0
2025.0,1.0,2025-01-01,682.0,AZA,PSC,-4.0,-6.0,0,0,977.0,0
2025.0,1.0,2025-01-01,698.0,AZA,FSD,-3.0,-17.0,0,0,1072.0,0
2025.0,1.0,2025-01-01,758.0,PSC,AZA,1.0,-17.0,0,0,977.0,0
2025.0,1.0,2025-01-01,3628.0,PGD,MCI,8.0,9.0,0,0,1126.0,0
2025.0,1.0,2025-01-01,3629.0,MCI,PGD,-1.0,-6.0,0,0,1126.0,0
2025.0,1.0,2025-01-01,932.0,PGD,BLV,158.0,159.0,0,0,921.0,1
2025.0,1.0,2025-01-01,933.0,BLV,PGD,152.0,146.0,0,0,921.0,1
2025.0,1.0,2025-01-01,3774.0,SRQ,CAK,59.0,44.0,0,0,934.0,1
2025.0,1.0,2025-01-01,3775.0,CAK,SRQ,44.0,49.0,0,0,934.0,1
2025.0,1.0,2025-01-01,2189.0,GRR,SRQ,316.0,318.0,0,0,1080.0,1
2025.0,1.0,2025-01-01,2192.0,SFB,GRR,260.0,257.0,0,0,1001.0,1
2025.0,1.0,2025-01-01,2195.0,SRQ,GRR,339.0,327.0,0,0,1080.0,1
2025.0,1.0,2025-01-01,570.0,GRR,SFB,241.0,251.0,0,0,1001.0,1
2025.0,1.0,2025-01-01,910.0,PSM,PGD,165.0,155.0,0,0,1279.0,1
2025.0,1.0,2025-01-01,963.0,PGD,PSM,180.0,162.0,0,0,1279.0,1
2025.0,1.0,2025-01-01,2469.0,PGD,GRR,-12.0,38.0,0,0,1118.0,1
2025.0,1.0,2025-01-01,877.0,GRR,PGD,38.0,84.0,0,0,1118.0,1
2025.0,1.0,2025-01-01,879.0,GRR,PGD,169.0,183.0,0,0,1118.0,1
2025.0,1.0,2025-01-01,924.0,PGD,GRR,111.0,145.0,0,0,1118.0,1
2025.0,1.0,2025-01-01,1123.0,PIT,PIE,-10.0,2.0,0,0,878.0,0
2025.0,1.0,2025-01-01,1127.0,PIT,SRQ,-7.0,-16.0,0,0,912.0,0
2025.0,1.0,2025-01-01,2749.0,SRQ,PIT,-16.0,-34.0,0,0,912.0,0
2025.0,1.0,2025-01-01,2756.0,PIE,PIT,4.0,-5.0,0,0,878.0,0
2025.0,1.0,2025-01-01,1586.0,PVU,AZA,-3.0,-25.0,0,0,477.0,0
2025.0,1.0,2025-01-01,1588.0,BIL,AZA,-2.0,15.0,0,0,878.0,1
2025.0,1.0,2025-01-01,1595.0,PVU,AZA,-12.0,-11.0,0,0,477.0,0
2025.0,1.0,2025-01-01,1605.0,AZA,BIL,-4.0,0.0,0,0,878.0,0
2025.0,1.0,2025-01-01,3214.0,AZA,PVU,26.0,43.0,0,0,477.0,1
2025.0,1.0,2025-01-01,3223.0,AZA,PVU,-3.0,-3.0,0,0,477.0,0
2025.0,1.0,2025-01-01,3151.0,FNT,PIE,18.0,33.0,0,0,1040.0,1
2025.0,1.0,2025-01-01,3160.0,PIE,FNT,35.0,40.0,0,0,1040.0,1
2025.0,1.0,2025-01-01,2101.0,PIE,DSM,-17.0,-17.0,0,0,1126.0,0
2025.0,1.0,2025-01-01,443.0,DSM,PGD,-7.0,-13.0,0,0,1206.0,0
2025.0,1.0,2025-01-01,454.0,PGD,DSM,-11.0,-22.0,0,0,1206.0,0
2025.0,1.0,2025-01-01,473.0,DSM,PIE,5.0,-7.0,0,0,1126.0,0
2025.0,1.0,2025-01-01,2468.0,TVC,PGD,91.0,127.0,0,0,1245.0,1
2025.0,1.0,2025-01-01,842.0,ALB,PGD,-5.0,51.0,0,0,1185.0,1
2025.0,1.0,2025-01-01,854.0,PGD,ALB,-7.0,-23.0,0,0,1185.0,0
2025.0,1.0,2025-01-01,902.0,PGD,TVC,92.0,85.0,0,0,1245.0,1
2025.0,1.0,2025-01-01,639.0,AZA,BIS,-12.0,-20.0,0,0,1092.0,0
2025.0,1.0,2025-01-01,643.0,BIS,AZA,-15.0,-25.0,0,0,1092.0,0
2025.0,1.0,2025-01-01,660.0,AZA,SGF,111.0,96.0,0,0,1066.0,1
2025.0,1.0,2025-01-01,742.0,SGF,AZA,115.0,126.0,0,0,1066.0,1
2025.0,1.0,2025-01-01,706.0,AZA,SBN,-10.0,-25.0,0,0,1501.0,0
2025.0,1.0,2025-01-01,733.0,SBN,AZA,-12.0,-22.0,0,0,1501.0,0
2025.0,1.0,2025-01-01,3184.0,PIE,ATW,12.0,15.0,0,0,1173.0,1
2025.0,1.0,2025-01-01,3206.0,ATW,PIE,-19.0,24.0,0,0,1173.0,1
2025.0,1.0,2025-01-01,1094.0,OMA,PIE,92.0,78.0,0,0,1188.0,1
2025.0,1.0,2025-01-01,1098.0,PIE,OMA,100.0,92.0,0,0,1188.0,1
2025.0,1.0,2025-01-01,2544.0,PVD,PGD,199.0,268.0,0,0,1184.0,1
2025.0,1.0,2025-01-01,935.0,PGD,PVD,208.0,193.0,0,0,1184.0,1
2025.0,1.0,2025-01-01,1396.0,TYS,EWR,-10.0,-15.0,0,0,631.0,0
2025.0,1.0,2025-01-01,1397.0,EWR,TYS,-16.0,-12.0,0,0,631.0,0
2025.0,1.0,2025-01-01,1435.0,FLL,TYS,-9.0,-21.0,0,0,709.0,0
2025.0,1.0,2025-01-01,3026.0,TYS,FLL,-7.0,-15.0,0,0,709.0,0
2025.0,1.0,2025-01-01,1209.0,PIA,SFB,55.0,50.0,0,0,949.0,1
2025.0,1.0,2025-01-01,1319.0,SFB,PIA,62.0,58.0,0,0,949.0,1
2025.0,1.0,2025-01-01,1331.0,SFB,RFD,-11.0,-20.0,0,0,1025.0,0
2025.0,1.0,2025-01-01,2955.0,RFD,SFB,-8.0,-8.0,0,0,1025.0,0
2025.0,1.0,2025-01-01,2511.0,PGD,USA,44.0,35.0,0,0,588.0,1
2025.0,1.0,2025-01-01,2593.0,PGD,TYS,686.0,681.0,0,0,624.0,1
2025.0,1.0,2025-01-01,926.0,TYS,PGD,-7.0,4.0,0,0,624.0,0
2025.0,1.0,2025-01-01,964.0,USA,PGD,42.0,41.0,0,0,588.0,1
2025.0,1.0,2025-01-01,2490.0,PIA,PGD,328.0,365.0,0,0,1045.0,1
2025.0,1.0,2025-01-01,928.0,PGD,PIA,328.0,315.0,0,0,1045.0,1
2025.0,1.0,2025-01-01,1118.0,PGD,PIT,15.0,15.0,0,0,941.0,1
2025.0,1.0,2025-01-01,1146.0,PIT,PGD,-6.0,-10.0,0,0,941.0,0
2025.0,1.0,2025-01-01,221.0,AVL,FLL,295.0,279.0,0,0,661.0,1
2025.0,1.0,2025-01-01,233.0,FLL,AVL,291.0,283.0,0,0,661.0,1
2025.0,1.0,2025-01-01,237.0,AVL,PGD,-6.0,,0,1,588.0,
2025.0,1.0,2025-01-01,258.0,PGD,AVL,231.0,223.0,0,0,588.0,1
2025.0,1.0,2025-01-01,1413.0,PIE,TYS,-5.0,-8.0,0,0,550.0,0
2025.0,1.0,2025-01-01,3051.0,TYS,PIE,-14.0,-3.0,0,0,550.0,0
2025.0,1.0,2025-01-01,2314.0,AZA,BZN,128.0,129.0,0,0,861.0,1
2025.0,1.0,2025-01-01,652.0,BZN,AZA,129.0,129.0,0,0,861.0,1
2025.0,1.0,2025-01-01,732.0,GRI,AZA,-4.0,7.0,0,0,905.0,0
2025.0,1.0,2025-01-01,751.0,AZA,GRI,-13.0,-27.0,0,0,905.0,0
2025.0,1.0,2025-01-01,3067.0,BLV,VPS,-20.0,-40.0,0,0,587.0,0
2025.0,1.0,2025-01-01,3078.0,BLV,PIE,-17.0,-24.0,0,0,841.0,0
2025.0,1.0,2025-01-01,3103.0,VPS,BLV,-10.0,-18.0,0,0,587.0,0
2025.0,1.0,2025-01-01,3108.0,PIE,BLV,-23.0,-20.0,0,0,841.0,0
2025.0,1.0,2025-01-01,61.0,PSC,LAS,41.0,25.0,0,0,732.0,1
2025.0,1.0,2025-01-01,64.0,LAS,PSC,-3.0,-10.0,0,0,732.0,0
2025.0,1.0,2025-01-01,2006.0,CVG,VPS,-1.0,2.0,0,0,600.0,0
2025.0,1.0,2025-01-01,2008.0,CVG,JAX,-5.0,4.0,0,0,613.0,0
2025.0,1.0,2025-01-01,374.0,VPS,CVG,-4.0,-11.0,0,0,600.0,0
2025.0,1.0,2025-01-01,404.0,JAX,CVG,-2.0,-3.0,0,0,613.0,0
2025.0,1.0,2025-01-01,3306.0,LAS,SHV,-1.0,-8.0,0,0,1243.0,0
2025.0,1.0,2025-01-01,3307.0,SHV,LAS,-5.0,-7.0,0,0,1243.0,0
2025.0,1.0,2025-01-01,3304.0,LAS,MEM,-6.0,-18.0,0,0,1416.0,0
2025.0,1.0,2025-01-01,3305.0,MEM,LAS,10.0,6.0,0,0,1416.0,0
2025.0,1.0,2025-01-01,2683.0,PIE,FSD,-6.0,-17.0,0,0,1334.0,0
2025.0,1.0,2025-01-01,997.0,FSD,PIE,-12.0,-2.0,0,0,1334.0,0
2025.0,1.0,2025-01-01,428.0,CVG,PGD,-9.0,-6.0,0,0,850.0,0
2025.0,1.0,2025-01-01,430.0,PGD,CVG,6.0,-4.0,0,0,850.0,0
2025.0,1.0,2025-01-01,1629.0,FAT,LAS,-10.0,-21.0,0,0,259.0,0
2025.0,1.0,2025-01-01,1701.0,LAS,FAT,-13.0,-35.0,0,0,259.0,0
2025.0,1.0,2025-01-01,3.0,LAS,BIL,-4.0,-1.0,0,0,754.0,0
2025.0,1.0,2025-01-01,4.0,BIL,LAS,-10.0,-24.0,0,0,754.0,0
2025.0,1.0,2025-01-01,1045.0,AVL,PIE,-6.0,-7.0,0,0,519.0,0
2025.0,1.0,2025-01-01,2639.0,SGF,PIE,-7.0,-18.0,0,0,895.0,0
2025.0,1.0,2025-01-01,986.0,PIE,AVL,-14.0,-19.0,0,0,519.0,0
2025.0,1.0,2025-01-01,991.0,PIE,SGF,-6.0,3.0,0,0,895.0,0
2025.0,1.0,2025-01-01,291.0,BLI,PSP,-11.0,-27.0,0,0,1078.0,0
2025.0,1.0,2025-01-01,302.0,PSP,BLI,40.0,41.0,0,0,1078.0,1
2025.0,1.0,2025-01-01,1025.0,PIE,SYR,-16.0,-30.0,0,0,1111.0,0
2025.0,1.0,2025-01-01,2610.0,PIE,FWA,109.0,92.0,0,0,912.0,1
2025.0,1.0,2025-01-01,2690.0,SYR,PIE,-15.0,6.0,0,0,1111.0,0
2025.0,1.0,2025-01-01,976.0,FWA,PIE,89.0,86.0,0,0,912.0,1
2025.0,1.0,2025-01-01,1510.0,AUS,TYS,18.0,11.0,0,0,882.0,0
2025.0,1.0,2025-01-01,3131.0,TYS,AUS,8.0,13.0,0,0,882.0,0
2025.0,1.0,2025-01-01,547.0,GRR,AUS,-1.0,19.0,0,0,1103.0,1
2025.0,1.0,2025-01-01,553.0,AUS,GRR,17.0,8.0,0,0,1103.0,0
2025.0,1.0,2025-01-01,1296.0,SFB,PBG,-3.0,-21.0,0,0,1175.0,0
2025.0,1.0,2025-01-01,2865.0,PBG,SFB,-14.0,-23.0,0,0,1175.0,0
2025.0,1.0,2025-01-01,1100.0,PIA,PIE,-12.0,-22.0,0,0,965.0,0
2025.0,1.0,2025-01-01,2687.0,PIE,PIA,-10.0,-15.0,0,0,965.0,0
2025.0,1.0,2025-01-01,1896.0,LAS,SCK,-16.0,-11.0,0,0,359.0,0
2025.0,1.0,2025-01-01,1900.0,SCK,LAS,-11.0,-10.0,0,0,359.0,0
2025.0,1.0,2025-01-01,272.0,BLI,LAS,-14.0,-12.0,0,0,954.0,0
2025.0,1.0,2025-01-01,274.0,LAS,BLI,-18.0,-11.0,0,0,954.0,0
2025.0,1.0,2025-01-01,1029.0,PIE,MDT,104.0,101.0,0,0,912.0,1
2025.0,1.0,2025-01-01,1071.0,EYW,PIE,80.0,82.0,0,0,238.0,1
2025.0,1.0,2025-01-01,2717.0,PIE,EYW,84.0,77.0,0,0,238.0,1
2025.0,1.0,2025-01-01,2721.0,MDT,PIE,91.0,95.0,0,0,912.0,1
2025.0,1.0,2025-01-01,1635.0,LAS,MFE,2.0,1.0,0,0,1210.0,0
2025.0,1.0,2025-01-01,45.0,MFE,LAS,0.0,-10.0,0,0,1210.0,0
2025.0,1.0,2025-01-01,1196.0,BGR,SFB,-9.0,-17.0,0,0,1299.0,0
2025.0,1.0,2025-01-01,1312.0,SFB,BGR,0.0,-19.0,0,0,1299.0,0
2025.0,1.0,2025-01-01,1422.0,SFB,TYS,12.0,8.0,0,0,511.0,0
2025.0,1.0,2025-01-01,2914.0,FWA,SFB,69.0,59.0,0,0,870.0,1
2025.0,1.0,2025-01-01,2949.0,SFB,FWA,28.0,52.0,0,0,870.0,1
2025.0,1.0,2025-01-01,3047.0,TYS,SFB,25.0,17.0,0,0,511.0,1
2025.0,1.0,2025-01-01,1283.0,MDT,SFB,-9.0,-18.0,0,0,827.0,0
2025.0,1.0,2025-01-01,1334.0,SFB,TOL,69.0,65.0,0,0,895.0,1
2025.0,1.0,2025-01-01,2855.0,SFB,MDT,6.0,-10.0,0,0,827.0,0
2025.0,1.0,2025-01-01,2883.0,TOL,SFB,79.0,74.0,0,0,895.0,1
2025.0,1.0,2025-01-01,2898.0,SFB,LEX,23.0,29.0,0,0,667.0,1
2025.0,1.0,2025-01-01,2921.0,LEX,SFB,46.0,54.0,0,0,667.0,1
2025.0,1.0,2025-01-01,1258.0,CID,SFB,30.0,26.0,0,0,1078.0,1
2025.0,1.0,2025-01-01,1317.0,ROA,SFB,36.0,38.0,0,0,594.0,1
2025.0,1.0,2025-01-01,1340.0,LCK,SFB,2.0,-4.0,0,0,767.0,0
2025.0,1.0,2025-01-01,1347.0,SFB,LCK,-5.0,-12.0,0,0,767.0,0
2025.0,1.0,2025-01-01,1350.0,SFB,ROA,37.0,36.0,0,0,594.0,1
2025.0,1.0,2025-01-01,2882.0,SFB,CID,17.0,23.0,0,0,1078.0,1
2025.0,1.0,2025-01-01,2031.0,MCO,SLC,-5.0,-1.0,0,0,1931.0,0
2025.0,1.0,2025-01-01,2049.0,JFK,MCO,-2.0,-12.0,0,0,944.0,0
2025.0,1.0,2025-01-01,2936.0,SLC,MSP,0.0,-8.0,0,0,991.0,0
2025.0,1.0,2025-01-01,2954.0,MSP,BZN,-1.0,-7.0,0,0,874.0,0
2025.0,1.0,2025-01-01,4476.0,RDU,DCA,-8.0,-17.0,0,0,227.0,0
2025.0,1.0,2025-01-01,4522.0,DCA,JFK,-5.0,-29.0,0,0,213.0,0
2025.0,1.0,2025-01-01,4658.0,JFK,RDU,-4.0,2.0,0,0,427.0,0
2025.0,1.0,2025-01-01,4776.0,BOS,DCA,0.0,-15.0,0,0,399.0,0
2025.0,1.0,2025-01-01,164.0,SFO,JFK,-6.0,-40.0,0,0,2586.0,0
2025.0,1.0,2025-01-01,76.0,JFK,SFO,-3.0,-15.0,0,0,2586.0,0
2025.0,1.0,2025-01-01,957.0,DEN,ATL,5.0,2.0,0,0,1199.0,0
2025.0,1.0,2025-01-01,2572.0,SAN,SEA,-8.0,-20.0,0,0,1050.0,0
2025.0,1.0,2025-01-01,2572.0,SEA,SAN,-3.0,-30.0,0,0,1050.0,0
2025.0,1.0,2025-01-01,2585.0,SNA,SEA,-6.0,14.0,0,0,978.0,0
2025.0,1.0,2025-01-01,2830.0,SEA,PDX,-10.0,-20.0,0,0,129.0,0
2025.0,1.0,2025-01-01,4399.0,ORD,PVD,8.0,0.0,0,0,849.0,0
2025.0,1.0,2025-01-01,4435.0,LGA,MSP,-1.0,-12.0,0,0,1020.0,0
2025.0,1.0,2025-01-01,4545.0,MSP,ORD,2.0,-15.0,0,0,334.0,0
2025.0,1.0,2025-01-01,4578.0,GSO,LGA,-7.0,-14.0,0,0,461.0,0
2025.0,1.0,2025-01-01,3244.0,SAT,CLT,-2.0,-24.0,0,0,1095.0,0
2025.0,1.0,2025-01-01,1199.0,ATL,ORD,-10.0,-9.0,0,0,606.0,0
2025.0,1.0,2025-01-01,663.0,ATL,SLC,4.0,23.0,0,0,1590.0,1
2025.0,1.0,2025-01-01,875.0,SLC,ATL,7.0,-18.0,0,0,1590.0,0
2025.0,1.0,2025-01-01,886.0,TUS,ATL,-5.0,-21.0,0,0,1541.0,0
2025.0,1.0,2025-01-01,4355.0,PHL,MSY,-6.0,-7.0,0,0,1089.0,0
2025.0,1.0,2025-01-01,4494.0,MSY,PHL,-3.0,-15.0,0,0,1089.0,0
2025.0,1.0,2025-01-01,4591.0,BTV,PHL,0.0,-22.0,0,0,335.0,0
2025.0,1.0,2025-01-01,4591.0,PHL,BTV,-3.0,-10.0,0,0,335.0,0
2025.0,1.0,2025-01-01,185.0,JFK,LAX,-8.0,-2.0,0,0,2475.0,0
2025.0,1.0,2025-01-01,2455.0,BOS,LAX,-5.0,-29.0,0,0,2611.0,0
2025.0,1.0,2025-01-01,4.0,LAX,JFK,41.0,-5.0,0,0,2475.0,0
2025.0,1.0,2025-01-01,4724.0,BFL,SFO,-10.0,-27.0,0,0,238.0,0
2025.0,1.0,2025-01-01,5212.0,SFO,BOI,-5.0,-6.0,0,0,522.0,0
2025.0,1.0,2025-01-01,5526.0,ORD,ATW,17.0,39.0,0,0,160.0,1
2025.0,1.0,2025-01-01,5792.0,BOI,ORD,-7.0,7.0,0,0,1437.0,0
2025.0,1.0,2025-01-01,1324.0,PHX,SMF,30.0,33.0,0,0,647.0,1
2025.0,1.0,2025-01-01,1324.0,SMF,PHX,20.0,9.0,0,0,647.0,0
2025.0,1.0,2025-01-01,1958.0,CMH,PHX,-4.0,-16.0,0,0,1670.0,0
2025.0,1.0,2025-01-01,2808.0,PHX,OMA,1.0,-7.0,0,0,1037.0,0
2025.0,1.0,2025-01-01,2019.0,JFK,MCO,-3.0,-17.0,0,0,944.0,0
2025.0,1.0,2025-01-01,2019.0,MCO,JFK,3.0,-25.0,0,0,944.0,0
2025.0,1.0,2025-01-01,2190.0,JFK,ATL,60.0,62.0,0,0,760.0,1
2025.0,1.0,2025-01-01,2693.0,MCO,JFK,8.0,-6.0,0,0,944.0,0
2025.0,1.0,2025-01-01,4644.0,LGA,LIT,-8.0,-1.0,0,0,1085.0,0
2025.0,1.0,2025-01-01,4676.0,BNA,LGA,-10.0,-28.0,0,0,764.0,0
2025.0,1.0,2025-01-01,1.0,JFK,LAX,-3.0,-7.0,0,0,2475.0,0
2025.0,1.0,2025-01-01,2150.0,DFW,MEM,-2.0,-17.0,0,0,431.0,0
2025.0,1.0,2025-01-01,2150.0,MEM,DFW,-5.0,-8.0,0,0,431.0,0
2025.0,1.0,2025-01-01,2272.0,OKC,DFW,-4.0,9.0,0,0,175.0,0
2025.0,1.0,2025-01-01,2731.0,CLE,DFW,6.0,12.0,0,0,1021.0,0
2025.0,1.0,2025-01-01,2731.0,DFW,CLE,17.0,4.0,0,0,1021.0,0
2025.0,1.0,2025-01-01,1113.0,DTW,DEN,0.0,-2.0,0,0,1123.0,0
2025.0,1.0,2025-01-01,2781.0,DEN,ATL,-4.0,-26.0,0,0,1199.0,0
2025.0,1.0,2025-01-01,821.0,ATL,BOS,2.0,-22.0,0,0,946.0,0
2025.0,1.0,2025-01-01,4364.0,DCA,PHL,-5.0,14.0,0,0,119.0,0
2025.0,1.0,2025-01-01,4485.0,PVD,DCA,-6.0,-23.0,0,0,356.0,0
2025.0,1.0,2025-01-01,4637.0,PHL,IND,-7.0,-21.0,0,0,588.0,0
2025.0,1.0,2025-01-01,4720.0,DCA,TPA,-5.0,-18.0,0,0,814.0,0
2025.0,1.0,2025-01-01,4720.0,TPA,DCA,-6.0,-18.0,0,0,814.0,0
2025.0,1.0,2025-01-01,5313.0,ACV,SFO,-9.0,-18.0,0,0,250.0,0
2025.0,1.0,2025-01-01,5484.0,MSP,SFO,0.0,8.0,0,0,1589.0,0
2025.0,1.0,2025-01-01,5669.0,SFO,PSC,-4.0,-12.0,0,0,620.0,0
2025.0,1.0,2025-01-01,5703.0,SFO,MSP,-4.0,-24.0,0,0,1589.0,0
2025.0,1.0,2025-01-01,1786.0,CLT,EWR,0.0,-21.0,0,0,529.0,0
2025.0,1.0,2025-01-01,1786.0,EWR,CLT,-9.0,-18.0,0,0,529.0,0
2025.0,1.0,2025-01-01,2554.0,CLT,SAV,-6.0,-17.0,0,0,213.0,0
2025.0,1.0,2025-01-01,2854.0,DSM,CLT,-6.0,-41.0,0,0,815.0,0
2025.0,1.0,2025-01-01,335.0,BNA,CLT,3.0,-7.0,0,0,328.0,0
2025.0,1.0,2025-01-01,335.0,CLT,BNA,-4.0,-9.0,0,0,328.0,0
2025.0,1.0,2025-01-01,1073.0,SAT,ATL,-2.0,-14.0,0,0,874.0,0
2025.0,1.0,2025-01-01,1335.0,ATL,AUS,-10.0,-26.0,0,0,813.0,0
2025.0,1.0,2025-01-01,1527.0,ATL,PBI,-2.0,-18.0,0,0,545.0,0
2025.0,1.0,2025-01-01,1527.0,PBI,ATL,-4.0,-20.0,0,0,545.0,0
2025.0,1.0,2025-01-01,3146.0,ATL,MSY,19.0,31.0,0,0,425.0,1
2025.0,1.0,2025-01-01,3146.0,MSY,ATL,37.0,12.0,0,0,425.0,0
2025.0,1.0,2025-01-01,4396.0,CMH,DCA,-3.0,-11.0,0,0,323.0,0
2025.0,1.0,2025-01-01,4396.0,DCA,CMH,-4.0,6.0,0,0,323.0,0
2025.0,1.0,2025-01-01,4471.0,MEM,DCA,-3.0,-17.0,0,0,762.0,0
2025.0,1.0,2025-01-01,4672.0,DCA,SDF,-6.0,-17.0,0,0,474.0,0
2025.0,1.0,2025-01-01,28.0,LAX,JFK,-1.0,-40.0,0,0,2475.0,0
2025.0,1.0,2025-01-01,307.0,LAX,JFK,-4.0,-46.0,0,0,2475.0,0
2025.0,1.0,2025-01-01,341.0,JFK,LAX,-5.0,-28.0,0,0,2475.0,0
2025.0,1.0,2025-01-01,4763.0,GEG,SFO,-4.0,-6.0,0,0,733.0,0
2025.0,1.0,2025-01-01,5664.0,SFO,EUG,11.0,13.0,0,0,451.0,0
2025.0,1.0,2025-01-01,5684.0,SFO,ONT,-5.0,-17.0,0,0,363.0,0
2025.0,1.0,2025-01-01,5838.0,EUG,SFO,21.0,10.0,0,0,451.0,0
2025.0,1.0,2025-01-01,5921.0,ONT,SFO,-8.0,-21.0,0,0,363.0,0
2025.0,1.0,2025-01-01,5961.0,SFO,MFR,-2.0,-19.0,0,0,329.0,0
2025.0,1.0,2025-01-01,1299.0,MSP,PHX,-3.0,-20.0,0,0,1276.0,0
2025.0,1.0,2025-01-01,1307.0,SAN,MSP,0.0,7.0,0,0,1532.0,0
2025.0,1.0,2025-01-01,1566.0,PHX,DTW,-17.0,-31.0,0,0,1671.0,0
2025.0,1.0,2025-01-01,894.0,ATL,SAN,-6.0,6.0,0,0,1892.0,0
2025.0,1.0,2025-01-01,4335.0,CLE,ORD,33.0,43.0,0,0,316.0,1
2025.0,1.0,2025-01-01,4335.0,ORD,CLE,20.0,51.0,0,0,316.0,1
2025.0,1.0,2025-01-01,4338.0,ORD,OKC,24.0,9.0,0,0,693.0,0
2025.0,1.0,2025-01-01,4362.0,BWI,ORD,-8.0,-10.0,0,0,622.0,0
2025.0,1.0,2025-01-01,117.0,JFK,LAX,-7.0,-15.0,0,0,2475.0,0
2025.0,1.0,2025-01-01,234.0,SFO,JFK,-11.0,-40.0,0,0,2586.0,0
2025.0,1.0,2025-01-01,4785.0,IAH,BNA,7.0,-15.0,0,0,657.0,0
2025.0,1.0,2025-01-01,5447.0,MAF,IAH,-12.0,-23.0,0,0,429.0,0
2025.0,1.0,2025-01-01,5757.0,IAH,MAF,-6.0,0.0,0,0,429.0,0
2025.0,1.0,2025-01-01,1586.0,CHS,CLT,-8.0,-13.0,0,0,168.0,0
2025.0,1.0,2025-01-01,1586.0,CLT,CHS,-4.0,-13.0,0,0,168.0,0
2025.0,1.0,2025-01-01,1858.0,CLT,ALB,14.0,-5.0,0,0,646.0,0
2025.0,1.0,2025-01-01,2863.0,AUS,CLT,-4.0,-20.0,0,0,1032.0,0
2025.0,1.0,2025-01-01,2999.0,CLT,AUS,-6.0,-8.0,0,0,1032.0,0
2025.0,1.0,2025-01-01,3253.0,BHM,CLT,-8.0,-23.0,0,0,350.0,0
2025.0,1.0,2025-01-01,1182.0,MSP,TPA,-5.0,-26.0,0,0,1306.0,0
2025.0,1.0,2025-01-01,1182.0,TPA,MSP,-2.0,-11.0,0,0,1306.0,0
2025.0,1.0,2025-01-01,2145.0,MSP,SAN,-2.0,6.0,0,0,1532.0,0
2025.0,1.0,2025-01-01,2668.0,ATL,MSP,-6.0,-24.0,0,0,907.0,0
2025.0,1.0,2025-01-01,2996.0,ORD,LGA,-5.0,2.0,0,0,733.0,0
2025.0,1.0,2025-01-01,4460.0,XNA,DCA,-3.0,-25.0,0,0,963.0,0
2025.0,1.0,2025-01-01,4569.0,IND,BOS,0.0,-13.0,0,0,818.0,0
2025.0,1.0,2025-01-01,4585.0,BOS,IND,-10.0,-18.0,0,0,818.0,0
2025.0,1.0,2025-01-01,4701.0,DCA,IND,-8.0,-16.0,0,0,500.0,0
2025.0,1.0,2025-01-01,1802.0,LAX,BOS,-5.0,-12.0,0,0,2611.0,0
2025.0,1.0,2025-01-01,5310.0,DEN,SAF,-2.0,-4.0,0,0,303.0,0
2025.0,1.0,2025-01-01,5766.0,ASE,DEN,-5.0,-21.0,0,0,125.0,0
2025.0,1.0,2025-01-01,5878.0,SAF,DEN,-6.0,-14.0,0,0,303.0,0
2025.0,1.0,2025-01-01,5954.0,DEN,TUS,-7.0,-22.0,0,0,639.0,0
2025.0,1.0,2025-01-01,1495.0,BWI,CLT,-5.0,-14.0,0,0,361.0,0
2025.0,1.0,2025-01-01,1495.0,CLT,BWI,-3.0,-16.0,0,0,361.0,0
2025.0,1.0,2025-01-01,2260.0,CLT,BWI,9.0,3.0,0,0,361.0,0
2025.0,1.0,2025-01-01,3096.0,BWI,CLT,-2.0,-7.0,0,0,361.0,0
2025.0,1.0,2025-01-01,3255.0,CLT,BHM,-4.0,-6.0,0,0,350.0,0
2025.0,1.0,2025-01-01,3286.0,CMH,CLT,-4.0,-12.0,0,0,347.0,0
2025.0,1.0,2025-01-01,2303.0,BOS,MSP,-11.0,-45.0,0,0,1124.0,0
2025.0,1.0,2025-01-01,1020.0,BOS,JFK,211.0,187.0,0,0,187.0,1
2025.0,1.0,2025-01-01,356.0,JFK,DFW,191.0,191.0,0,0,1391.0,1
2025.0,1.0,2025-01-01,4393.0,PIT,ORD,74.0,63.0,0,0,413.0,1
2025.0,1.0,2025-01-01,4400.0,ORD,BOS,-6.0,-40.0,0,0,867.0,0
2025.0,1.0,2025-01-01,4536.0,ORF,ORD,62.0,53.0,0,0,717.0,1
2025.0,1.0,2025-01-01,4625.0,ORD,PIT,46.0,87.0,0,0,413.0,1
2025.0,1.0,2025-01-01,10.0,LAX,JFK,-7.0,-47.0,0,0,2475.0,0
2025.0,1.0,2025-01-01,118.0,LAX,JFK,-8.0,-41.0,0,0,2475.0,0
2025.0,1.0,2025-01-01,306.0,JFK,LAX,-4.0,-22.0,0,0,2475.0,0
2025.0,1.0,2025-01-01,5530.0,ECP,IAH,-10.0,-19.0,0,0,572.0,0
2025.0,1.0,2025-01-01,5584.0,IAH,ECP,-5.0,-19.0,0,0,572.0,0
2025.0,1.0,2025-01-01,5613.0,IAH,CRP,4.0,8.0,0,0,201.0,0
2025.0,1.0,2025-01-01,5699.0,SLC,IAH,-5.0,-48.0,0,0,1195.0,0
2025.0,1.0,2025-01-01,1687.0,CLT,PHL,-2.0,-19.0,0,0,449.0,0
2025.0,1.0,2025-01-01,1708.0,CLT,MCI,38.0,41.0,0,0,808.0,1
2025.0,1.0,2025-01-01,1708.0,MCI,CLT,29.0,11.0,0,0,808.0,0
2025.0,1.0,2025-01-01,1714.0,PHL,CLT,0.0,4.0,0,0,449.0,0
2025.0,1.0,2025-01-01,2773.0,CLT,CHS,-4.0,-16.0,0,0,168.0,0
2025.0,1.0,2025-01-01,519.0,LGA,CLT,-8.0,-11.0,0,0,544.0,0
2025.0,1.0,2025-01-01,274.0,LAX,JFK,-5.0,-34.0,0,0,2475.0,0
2025.0,1.0,2025-01-01,3.0,JFK,LAX,-9.0,-33.0,0,0,2475.0,0
2025.0,1.0,2025-01-01,2090.0,JFK,MCO,0.0,0.0,0,0,944.0,0
2025.0,1.0,2025-01-01,2614.0,MSP,BOS,-2.0,-21.0,0,0,1124.0,0
2025.0,1.0,2025-01-01,2702.0,MCO,JFK,1.0,-4.0,0,0,944.0,0
2025.0,1.0,2025-01-01,2819.0,MCO,MSP,0.0,1.0,0,0,1310.0,0
2025.0,1.0,2025-01-01,4378.0,JFK,RDU,-6.0,-18.0,0,0,427.0,0
2025.0,1.0,2025-01-01,4495.0,BNA,DCA,-4.0,-18.0,0,0,562.0,0
2025.0,1.0,2025-01-01,4710.0,JFK,BNA,-6.0,2.0,0,0,765.0,0
2025.0,1.0,2025-01-01,4763.0,DCA,PIT,-10.0,-20.0,0,0,204.0,0
2025.0,1.0,2025-01-01,4765.0,RDU,JFK,-1.0,-25.0,0,0,427.0,0
2025.0,1.0,2025-01-01,5299.0,LAX,FAT,55.0,42.0,0,0,209.0,1
2025.0,1.0,2025-01-01,5304.0,DEN,FAT,82.0,85.0,0,0,844.0,1
2025.0,1.0,2025-01-01,5371.0,FAT,DEN,35.0,9.0,0,0,844.0,0
2025.0,1.0,2025-01-01,1560.0,EUG,DFW,49.0,24.0,0,0,1606.0,1
2025.0,1.0,2025-01-01,1774.0,DFW,EUG,30.0,38.0,0,0,1606.0,1
2025.0,1.0,2025-01-01,2469.0,DFW,MDT,28.0,6.0,0,0,1231.0,0
2025.0,1.0,2025-01-01,977.0,MDT,DFW,4.0,13.0,0,0,1231.0,0
2025.0,1.0,2025-01-01,1580.0,BOS,MCO,-11.0,-25.0,0,0,1121.0,0
2025.0,1.0,2025-01-01,1685.0,JFK,MCO,-2.0,12.0,0,0,944.0,0
2025.0,1.0,2025-01-01,2895.0,MCO,JFK,3.0,-21.0,0,0,944.0,0
2025.0,1.0,2025-01-01,4371.0,LGA,DCA,9.0,-5.0,0,0,214.0,0
2025.0,1.0,2025-01-01,4377.0,DCA,LGA,11.0,8.0,0,0,214.0,0
2025.0,1.0,2025-01-01,4454.0,DCA,LGA,-4.0,-4.0,0,0,214.0,0
2025.0,1.0,2025-01-01,4479.0,PIT,DCA,-7.0,-24.0,0,0,204.0,0
2025.0,1.0,2025-01-01,4744.0,DCA,OKC,4.0,7.0,0,0,1158.0,0
2025.0,1.0,2025-01-01,4744.0,OKC,DCA,0.0,-18.0,0,0,1158.0,0
2025.0,1.0,2025-01-01,1304.0,SLC,SNA,-6.0,-8.0,0,0,588.0,0
2025.0,1.0,2025-01-01,1410.0,BOS,AUS,-11.0,-16.0,0,0,1698.0,0
2025.0,1.0,2025-01-01,2873.0,AUS,SLC,-9.0,2.0,0,0,1086.0,0
2025.0,1.0,2025-01-01,2056.0,CLT,LGA,11.0,-6.0,0,0,544.0,0
2025.0,1.0,2025-01-01,798.0,CLT,TPA,-5.0,4.0,0,0,507.0,0
2025.0,1.0,2025-01-01,798.0,TPA,CLT,1.0,14.0,0,0,507.0,0
2025.0,1.0,2025-01-01,179.0,JFK,SFO,0.0,-7.0,0,0,2586.0,0
2025.0,1.0,2025-01-01,1374.0,DEN,RIC,-1.0,-22.0,0,0,1482.0,0
2025.0,1.0,2025-01-01,1375.0,HDN,DEN,-1.0,-21.0,0,0,141.0,0
2025.0,1.0,2025-01-01,2493.0,RIC,DEN,-2.0,6.0,0,0,1482.0,0
2025.0,1.0,2025-01-01,348.0,DEN,HDN,-4.0,-12.0,0,0,141.0,0
2025.0,1.0,2025-01-01,171.0,JFK,LAX,-6.0,-10.0,0,0,2475.0,0
2025.0,1.0,2025-01-01,238.0,LAX,JFK,-5.0,-40.0,0,0,2475.0,0
2025.0,1.0,2025-01-01,1066.0,SAT,ATL,6.0,-7.0,0,0,874.0,0
2025.0,1.0,2025-01-01,1190.0,ATL,PBI,-5.0,15.0,0,0,545.0,1
2025.0,1.0,2025-01-01,1190.0,PBI,ATL,8.0,-5.0,0,0,545.0,0
2025.0,1.0,2025-01-01,2378.0,ATL,JFK,-6.0,18.0,0,0,760.0,1
2025.0,1.0,2025-01-01,1198.0,SLC,SNA,-4.0,-25.0,0,0,588.0,0
2025.0,1.0,2025-01-01,1556.0,SNA,SLC,-16.0,-30.0,0,0,588.0,0
2025.0,1.0,2025-01-01,2743.0,SEA,SNA,-2.0,-16.0,0,0,978.0,0
2025.0,1.0,2025-01-01,2817.0,SLC,SEA,-1.0,-12.0,0,0,689.0,0
2025.0,1.0,2025-01-01,4366.0,LGA,STL,-10.0,-27.0,0,0,888.0,0
2025.0,1.0,2025-01-01,4738.0,BUF,LGA,-5.0,-15.0,0,0,292.0,0
2025.0,1.0,2025-01-01,1851.0,DFW,GRR,-4.0,-12.0,0,0,931.0,0
2025.0,1.0,2025-01-01,1851.0,GRR,DFW,10.0,55.0,0,0,931.0,1
2025.0,1.0,2025-01-01,516.0,DFW,ALB,-6.0,-24.0,0,0,1435.0,0
2025.0,1.0,2025-01-01,1185.0,SNA,SLC,-7.0,-18.0,0,0,588.0,0
2025.0,1.0,2025-01-01,1189.0,SLC,SNA,-6.0,-16.0,0,0,588.0,0
2025.0,1.0,2025-01-01,1189.0,SNA,SLC,-4.0,-13.0,0,0,588.0,0
2025.0,1.0,2025-01-01,2080.0,SFO,MSP,-6.0,-33.0,0,0,1589.0,0
2025.0,1.0,2025-01-01,2222.0,BOS,DTW,-3.0,-20.0,0,0,632.0,0
2025.0,1.0,2025-01-01,2649.0,MSP,BOS,-6.0,-17.0,0,0,1124.0,0
2025.0,1.0,2025-01-01,783.0,LAX,ATL,45.0,19.0,0,0,1947.0,1
2025.0,1.0,2025-01-01,908.0,DTW,LAX,0.0,24.0,0,0,1979.0,1
2025.0,1.0,2025-01-01,4456.0,DCA,BOS,-9.0,-12.0,0,0,399.0,0
2025.0,1.0,2025-01-01,4624.0,BTV,DCA,-12.0,-24.0,0,0,437.0,0
2025.0,1.0,2025-01-01,4694.0,BDL,DCA,-6.0,6.0,0,0,313.0,0
2025.0,1.0,2025-01-01,4694.0,DCA,BDL,0.0,-1.0,0,0,313.0,0
2025.0,1.0,2025-01-01,4700.0,CMH,DCA,-10.0,-22.0,0,0,323.0,0
2025.0,1.0,2025-01-01,4700.0,DCA,CMH,-11.0,-19.0,0,0,323.0,0
2025.0,1.0,2025-01-01,5574.0,TUS,DEN,-10.0,21.0,0,0,639.0,1
2025.0,1.0,2025-01-01,1341.0,ATL,FLL,-1.0,4.0,0,0,581.0,0
2025.0,1.0,2025-01-01,1341.0,FLL,ATL,14.0,-6.0,0,0,581.0,0
2025.0,1.0,2025-01-01,660.0,ATL,SLC,-4.0,10.0,0,0,1590.0,0
2025.0,1.0,2025-01-01,918.0,PHX,ATL,-3.0,-30.0,0,0,1587.0,0
2025.0,1.0,2025-01-01,1635.0,MCI,MSP,-10.0,-9.0,0,0,393.0,0
2025.0,1.0,2025-01-01,2700.0,MSP,PHL,-3.0,-3.0,0,0,980.0,0
2025.0,1.0,2025-01-01,2700.0,PHL,MSP,7.0,-6.0,0,0,980.0,0
2025.0,1.0,2025-01-01,4397.0,JFK,CMH,-4.0,-6.0,0,0,483.0,0
2025.0,1.0,2025-01-01,5351.0,SFO,GEG,-10.0,-30.0,0,0,733.0,0
2025.0,1.0,2025-01-01,5392.0,TUS,SFO,5.0,-15.0,0,0,751.0,0
2025.0,1.0,2025-01-01,1368.0,BOI,PHX,1.0,0.0,0,0,735.0,0
2025.0,1.0,2025-01-01,1368.0,PHX,BOI,-1.0,3.0,0,0,735.0,0
2025.0,1.0,2025-01-01,2421.0,PHX,SFO,0.0,-2.0,0,0,651.0,0
2025.0,1.0,2025-01-01,1730.0,MCO,MSP,-5.0,-19.0,0,0,1310.0,0
2025.0,1.0,2025-01-01,2591.0,MSP,BOS,70.0,45.0,0,0,1124.0,1
2025.0,1.0,2025-01-01,2694.0,LGA,MCO,-3.0,-13.0,0,0,950.0,0
2025.0,1.0,2025-01-01,804.0,DFW,SEA,-5.0,-9.0,0,0,1660.0,0
2025.0,1.0,2025-01-01,870.0,SEA,DFW,-8.0,-30.0,0,0,1660.0,0
2025.0,1.0,2025-01-01,2281.0,ORD,DFW,-1.0,-45.0,0,0,802.0,0
2025.0,1.0,2025-01-01,2488.0,CLT,ORD,-5.0,-6.0,0,0,599.0,0
2025.0,1.0,2025-01-01,2.0,LAX,JFK,-4.0,-47.0,0,0,2475.0,0
2025.0,1.0,2025-01-01,300.0,JFK,LAX,2.0,-9.0,0,0,2475.0,0
2025.0,1.0,2025-01-01,1378.0,DTW,FLL,22.0,35.0,0,0,1127.0,1
2025.0,1.0,2025-01-01,1378.0,FLL,DTW,37.0,21.0,0,0,1127.0,1
2025.0,1.0,2025-01-01,1646.0,ATL,DTW,-7.0,-6.0,0,0,594.0,0
2025.0,1.0,2025-01-01,2077.0,SLC,TPA,-10.0,-38.0,0,0,1888.0,0
2025.0,1.0,2025-01-01,2117.0,DTW,SLC,6.0,3.0,0,0,1481.0,0
2025.0,1.0,2025-01-01,1655.0,BOS,LGA,-7.0,-18.0,0,0,184.0,0
2025.0,1.0,2025-01-01,2822.0,LGA,BOS,-5.0,-23.0,0,0,184.0,0
2025.0,1.0,2025-01-01,869.0,LGA,DFW,-7.0,2.0,0,0,1389.0,0
2025.0,1.0,2025-01-01,4361.0,ORD,MCI,-7.0,-16.0,0,0,403.0,0
2025.0,1.0,2025-01-01,4529.0,BNA,ORD,-4.0,-24.0,0,0,409.0,0
2025.0,1.0,2025-01-01,4595.0,ORD,TYS,-8.0,-32.0,0,0,475.0,0
2025.0,1.0,2025-01-01,4595.0,TYS,ORD,-6.0,-20.0,0,0,475.0,0
2025.0,1.0,2025-01-01,32.0,LAX,JFK,-6.0,-32.0,0,0,2475.0,0
2025.0,1.0,2025-01-01,331.0,JFK,LAX,-9.0,-29.0,0,0,2475.0,0
2025.0,1.0,2025-01-01,1626.0,JFK,BOS,-2.0,-11.0,0,0,187.0,0
2025.0,1.0,2025-01-01,454.0,DFW,JFK,-4.0,-35.0,0,0,1391.0,0
2025.0,1.0,2025-01-01,1311.0,PBI,ATL,-2.0,-16.0,0,0,545.0,0
2025.0,1.0,2025-01-01,520.0,ATL,LGA,13.0,-6.0,0,0,762.0,0
2025.0,1.0,2025-01-01,838.0,ATL,PBI,-8.0,-10.0,0,0,545.0,0
2025.0,1.0,2025-01-01,838.0,PBI,ATL,-6.0,-19.0,0,0,545.0,0
2025.0,1.0,2025-01-01,4771.0,ICT,ORD,-6.0,-21.0,0,0,588.0,0
2025.0,1.0,2025-01-01,5497.0,DEN,ICT,4.0,-1.0,0,0,420.0,0
2025.0,1.0,2025-01-01,5839.0,BFL,DEN,-9.0,0.0,0,0,845.0,0
2025.0,1.0,2025-01-01,1002.0,MSN,CLT,36.0,20.0,0,0,708.0,1
2025.0,1.0,2025-01-01,1452.0,CLT,SRQ,6.0,-5.0,0,0,547.0,0
2025.0,1.0,2025-01-01,1848.0,CLT,ORD,1.0,-7.0,0,0,599.0,0
2025.0,1.0,2025-01-01,1976.0,CLT,SYR,-7.0,-21.0,0,0,603.0,0
2025.0,1.0,2025-01-01,465.0,SRQ,CLT,-6.0,-21.0,0,0,547.0,0
2025.0,1.0,2025-01-01,689.0,ORD,CLT,5.0,-1.0,0,0,599.0,0
2025.0,1.0,2025-01-01,1417.0,IAH,LGA,-1.0,-28.0,0,0,1416.0,0
2025.0,1.0,2025-01-01,2115.0,LGA,IAH,24.0,23.0,0,0,1416.0,1
2025.0,1.0,2025-01-01,1258.0,AUS,ATL,-6.0,-23.0,0,0,813.0,0
2025.0,1.0,2025-01-01,339.0,ATL,PHX,-3.0,-1.0,0,0,1587.0,0
2025.0,1.0,2025-01-01,4407.0,BOS,DCA,-6.0,7.0,0,0,399.0,0
2025.0,1.0,2025-01-01,4469.0,CMH,PHL,-5.0,-18.0,0,0,406.0,0
2025.0,1.0,2025-01-01,4506.0,PHL,PIT,-9.0,-12.0,0,0,268.0,0
2025.0,1.0,2025-01-01,4506.0,PIT,PHL,-10.0,-23.0,0,0,268.0,0
2025.0,1.0,2025-01-01,4547.0,DCA,XNA,-7.0,-12.0,0,0,963.0,0
2025.0,1.0,2025-01-01,4731.0,PHL,BOS,-4.0,-19.0,0,0,280.0,0
2025.0,1.0,2025-01-01,1905.0,CLT,IND,37.0,28.0,0,0,427.0,1
2025.0,1.0,2025-01-01,1905.0,IND,CLT,19.0,10.0,0,0,427.0,0
2025.0,1.0,2025-01-01,326.0,ORD,CLT,16.0,1.0,0,0,599.0,0
2025.0,1.0,2025-01-01,518.0,SAN,ORD,-6.0,-26.0,0,0,1723.0,0
2025.0,1.0,2025-01-01,4691.0,MFR,SFO,-8.0,-25.0,0,0,329.0,0
2025.0,1.0,2025-01-01,5341.0,ACV,LAX,-3.0,-15.0,0,0,577.0,0
2025.0,1.0,2025-01-01,5394.0,SFO,RNO,-5.0,-22.0,0,0,192.0,0
2025.0,1.0,2025-01-01,5398.0,LAX,MRY,-5.0,-15.0,0,0,266.0,0
2025.0,1.0,2025-01-01,5629.0,SFO,ACV,-3.0,-17.0,0,0,250.0,0
2025.0,1.0,2025-01-01,5899.0,RNO,SFO,-10.0,-32.0,0,0,192.0,0
2025.0,1.0,2025-01-01,2982.0,DFW,MEM,9.0,3.0,0,0,431.0,0
2025.0,1.0,2025-01-01,2982.0,MEM,DFW,-5.0,-14.0,0,0,431.0,0
2025.0,1.0,2025-01-01,3222.0,DFW,OKC,-4.0,-5.0,0,0,175.0,0
2025.0,1.0,2025-01-01,1257.0,ATL,BWI,0.0,5.0,0,0,577.0,0
2025.0,1.0,2025-01-01,2412.0,LGA,SRQ,2.0,-7.0,0,0,1047.0,0
2025.0,1.0,2025-01-01,2412.0,SRQ,LGA,-4.0,-26.0,0,0,1047.0,0
2025.0,1.0,2025-01-01,461.0,DFW,LGA,-15.0,-39.0,0,0,1389.0,0
2025.0,1.0,2025-01-01,844.0,DFW,TPA,-5.0,1.0,0,0,929.0,0
2025.0,1.0,2025-01-01,5241.0,OKC,DEN,117.0,108.0,0,0,495.0,1
2025.0,1.0,2025-01-01,5413.0,DEN,MRY,-5.0,-4.0,0,0,959.0,0
2025.0,1.0,2025-01-01,5454.0,DEN,ICT,63.0,51.0,0,0,420.0,1
2025.0,1.0,2025-01-01,5597.0,ICT,DEN,21.0,17.0,0,0,420.0,1
2025.0,1.0,2025-01-01,1014.0,CLT,MSN,-3.0,-6.0,0,0,708.0,0
2025.0,1.0,2025-01-01,1306.0,PBI,PHL,-4.0,-13.0,0,0,951.0,0
2025.0,1.0,2025-01-01,1306.0,PHL,PBI,1.0,-6.0,0,0,951.0,0
2025.0,1.0,2025-01-01,1631.0,RSW,PHL,-7.0,-15.0,0,0,993.0,0
2025.0,1.0,2025-01-01,2034.0,PHL,CLT,0.0,1.0,0,0,449.0,0
2025.0,1.0,2025-01-01,1548.0,EWR,LAX,-3.0,-9.0,0,0,2454.0,0
2025.0,1.0,2025-01-01,2303.0,LAX,EWR,-3.0,-16.0,0,0,2454.0,0
2025.0,1.0,2025-01-01,2725.0,LAX,EWR,5.0,-26.0,0,0,2454.0,0
2025.0,1.0,2025-01-01,343.0,ORD,SFO,47.0,30.0,0,0,1846.0,1
2025.0,1.0,2025-01-01,301.0,ATL,LAX,11.0,18.0,0,0,1947.0,1
2025.0,1.0,2025-01-01,2053.0,ORD,HNL,5.0,-4.0,0,0,4243.0,0
2025.0,1.0,2025-01-01,442.0,HNL,ORD,-7.0,-20.0,0,0,4243.0,0
2025.0,1.0,2025-01-01,202.0,ORD,OGG,8.0,21.0,0,0,4184.0,1
2025.0,1.0,2025-01-01,203.0,OGG,ORD,-6.0,-31.0,0,0,4184.0,0
2025.0,1.0,2025-01-01,2731.0,LAX,EWR,-1.0,-23.0,0,0,2454.0,0
2025.0,1.0,2025-01-01,1827.0,EYW,DFW,9.0,-7.0,0,0,1089.0,0
2025.0,1.0,2025-01-01,1898.0,PHL,EYW,-1.0,4.0,0,0,1121.0,0
2025.0,1.0,2025-01-01,591.0,DFW,EGE,-4.0,14.0,0,0,721.0,0
2025.0,1.0,2025-01-01,1180.0,PHL,ATL,1.0,-13.0,0,0,666.0,0
2025.0,1.0,2025-01-01,2138.0,ATL,PWM,-1.0,-18.0,0,0,1027.0,0
2025.0,1.0,2025-01-01,536.0,DFW,BOS,-4.0,-14.0,0,0,1562.0,0
2025.0,1.0,2025-01-01,1887.0,CLT,LAX,-5.0,14.0,0,0,2125.0,0
2025.0,1.0,2025-01-01,840.0,SDF,CLT,327.0,305.0,0,0,335.0,1
2025.0,1.0,2025-01-01,5396.0,ORD,GSO,4.0,16.0,0,0,589.0,1
2025.0,1.0,2025-01-01,5678.0,MOT,DEN,-2.0,-13.0,0,0,604.0,0
2025.0,1.0,2025-01-01,1165.0,EWR,SFO,-5.0,-19.0,0,0,2565.0,0
2025.0,1.0,2025-01-01,2488.0,SFO,BOS,-16.0,-49.0,0,0,2704.0,0
2025.0,1.0,2025-01-01,321.0,IAH,ORD,8.0,-5.0,0,0,925.0,0
2025.0,1.0,2025-01-01,1488.0,LAX,EWR,90.0,105.0,0,0,2454.0,1
2025.0,1.0,2025-01-01,311.0,BOS,LAX,11.0,1.0,0,0,2611.0,0
2025.0,1.0,2025-01-01,2976.0,DFW,SLC,-3.0,2.0,0,0,989.0,0
2025.0,1.0,2025-01-01,500.0,SFO,DFW,-3.0,-19.0,0,0,1464.0,0
2025.0,1.0,2025-01-01,1606.0,ATL,PBI,11.0,3.0,0,0,545.0,0
2025.0,1.0,2025-01-01,2170.0,JFK,ATL,22.0,24.0,0,0,760.0,1
2025.0,1.0,2025-01-01,4499.0,ORF,PHL,-6.0,17.0,0,0,212.0,1
2025.0,1.0,2025-01-01,4587.0,PHL,BNA,-7.0,-1.0,0,0,675.0,0
2025.0,1.0,2025-01-01,4717.0,ABQ,SFO,-6.0,-18.0,0,0,896.0,0
2025.0,1.0,2025-01-01,5349.0,FAT,SFO,36.0,11.0,0,0,158.0,0
2025.0,1.0,2025-01-01,5551.0,SFO,ABQ,-10.0,5.0,0,0,896.0,0
2025.0,1.0,2025-01-01,5618.0,SBA,SFO,-6.0,-24.0,0,0,262.0,0
2025.0,1.0,2025-01-01,5663.0,SFO,FAT,39.0,32.0,0,0,158.0,1
2025.0,1.0,2025-01-01,5722.0,SFO,PSP,-6.0,-11.0,0,0,421.0,0
2025.0,1.0,2025-01-01,1372.0,IAD,IAH,-4.0,8.0,0,0,1190.0,0
2025.0,1.0,2025-01-01,2395.0,IAH,MIA,2.0,-3.0,0,0,964.0,0
2025.0,1.0,2025-01-01,2483.0,RDU,ORD,-15.0,-28.0,0,0,646.0,0
2025.0,1.0,2025-01-01,1342.0,LAX,SFO,-1.0,-19.0,0,0,337.0,0
2025.0,1.0,2025-01-01,1791.0,LAX,SFO,-3.0,-22.0,0,0,337.0,0
2025.0,1.0,2025-01-01,1812.0,SFO,LAX,-5.0,-9.0,0,0,337.0,0
2025.0,1.0,2025-01-01,1962.0,SFO,LAX,-7.0,-17.0,0,0,337.0,0
2025.0,1.0,2025-01-01,2113.0,SFO,LAX,-7.0,-7.0,0,0,337.0,0
2025.0,1.0,2025-01-01,679.0,LAX,LAS,-7.0,-19.0,0,0,236.0,0
2025.0,1.0,2025-01-01,2347.0,LGA,MIA,72.0,59.0,0,0,1096.0,1
2025.0,1.0,2025-01-01,2347.0,MIA,LGA,53.0,29.0,0,0,1096.0,1
2025.0,1.0,2025-01-01,2460.0,LGA,PBI,27.0,17.0,0,0,1035.0,1
2025.0,1.0,2025-01-01,2460.0,PBI,LGA,14.0,-9.0,0,0,1035.0,0
2025.0,1.0,2025-01-01,1732.0,LGA,BOS,182.0,165.0,0,0,184.0,1
2025.0,1.0,2025-01-01,2140.0,IAH,LGA,16.0,-7.0,0,0,1416.0,0
2025.0,1.0,2025-01-01,4567.0,BNA,RDU,-10.0,-20.0,0,0,442.0,0
2025.0,1.0,2025-01-01,4596.0,BNA,RDU,-7.0,-24.0,0,0,442.0,0
2025.0,1.0,2025-01-01,4685.0,RDU,BNA,-9.0,-9.0,0,0,442.0,0
2025.0,1.0,2025-01-01,4686.0,DCA,BNA,-7.0,-11.0,0,0,562.0,0
2025.0,1.0,2025-01-01,1690.0,DFW,CLT,31.0,12.0,0,0,936.0,0
2025.0,1.0,2025-01-01,2391.0,PHX,ATL,-4.0,-27.0,0,0,1587.0,0
2025.0,1.0,2025-01-01,961.0,CLT,PHX,-7.0,-7.0,0,0,1773.0,0
2025.0,1.0,2025-01-01,2256.0,SEA,MCI,3.0,-27.0,0,0,1489.0,0
2025.0,1.0,2025-01-01,2705.0,SLC,AUS,-7.0,-34.0,0,0,1086.0,0
2025.0,1.0,2025-01-01,317.0,AUS,SEA,-11.0,-3.0,0,0,1770.0,0
2025.0,1.0,2025-01-01,491.0,BZN,SLC,-7.0,-14.0,0,0,347.0,0
2025.0,1.0,2025-01-01,2488.0,MSP,BOI,-7.0,-13.0,0,0,1142.0,0
2025.0,1.0,2025-01-01,2946.0,BZN,MSP,0.0,-3.0,0,0,874.0,0
2025.0,1.0,2025-01-01,2946.0,MSP,BZN,-5.0,-16.0,0,0,874.0,0
2025.0,1.0,2025-01-01,4429.0,ATL,DCA,-11.0,-24.0,0,0,547.0,0
2025.0,1.0,2025-01-01,4429.0,DCA,ATL,-13.0,2.0,0,0,547.0,0
2025.0,1.0,2025-01-01,4473.0,DCA,VPS,-10.0,-16.0,0,0,789.0,0
2025.0,1.0,2025-01-01,4473.0,VPS,DCA,-10.0,-27.0,0,0,789.0,0
2025.0,1.0,2025-01-01,4718.0,BOS,DCA,-10.0,-17.0,0,0,399.0,0
2025.0,1.0,2025-01-01,4806.0,DCA,PVD,10.0,-2.0,0,0,356.0,0
2025.0,1.0,2025-01-01,1679.0,PHX,DFW,-4.0,-17.0,0,0,868.0,0
2025.0,1.0,2025-01-01,1911.0,CLT,PHX,-2.0,9.0,0,0,1773.0,0
2025.0,1.0,2025-01-01,511.0,DFW,AMA,-7.0,-15.0,0,0,312.0,0
2025.0,1.0,2025-01-01,942.0,DEN,CLT,-6.0,-17.0,0,0,1337.0,0
2025.0,1.0,2025-01-01,1981.0,STT,CLT,-15.0,,0,1,1520.0,
2025.0,1.0,2025-01-01,2991.0,PHL,STT,-4.0,-29.0,0,0,1605.0,0
2025.0,1.0,2025-01-01,545.0,CLT,DCA,63.0,39.0,0,0,331.0,1
2025.0,1.0,2025-01-01,1908.0,LAS,DFW,-7.0,-25.0,0,0,1055.0,0
2025.0,1.0,2025-01-01,2091.0,LAX,MCO,-3.0,7.0,0,0,2218.0,0
2025.0,1.0,2025-01-01,2448.0,DFW,SMF,-4.0,-6.0,0,0,1431.0,0
2025.0,1.0,2025-01-01,2448.0,SMF,DFW,-4.0,-15.0,0,0,1431.0,0
2025.0,1.0,2025-01-01,2565.0,DFW,LAX,7.0,-12.0,0,0,1235.0,0
2025.0,1.0,2025-01-01,1657.0,MSP,MCI,163.0,144.0,0,0,393.0,1
2025.0,1.0,2025-01-01,1133.0,MCO,SLC,-1.0,-7.0,0,0,1931.0,0
2025.0,1.0,2025-01-01,770.0,ATL,ONT,-1.0,6.0,0,0,1900.0,0
2025.0,1.0,2025-01-01,885.0,SLC,ATL,0.0,-34.0,0,0,1590.0,0
2025.0,1.0,2025-01-01,4446.0,JAX,DCA,-10.0,-11.0,0,0,634.0,0
2025.0,1.0,2025-01-01,4487.0,CHS,DCA,-6.0,-13.0,0,0,444.0,0
2025.0,1.0,2025-01-01,4635.0,DCA,BOS,-10.0,-21.0,0,0,399.0,0
2025.0,1.0,2025-01-01,4699.0,DCA,BOS,-8.0,-19.0,0,0,399.0,0
2025.0,1.0,2025-01-01,4729.0,BOS,PHL,-7.0,-32.0,0,0,280.0,0
2025.0,1.0,2025-01-01,4748.0,PHL,CHS,-8.0,1.0,0,0,550.0,0
2025.0,1.0,2025-01-01,4750.0,ELP,DEN,-8.0,-9.0,0,0,563.0,0
2025.0,1.0,2025-01-01,5350.0,DEN,DSM,-5.0,-16.0,0,0,589.0,0
2025.0,1.0,2025-01-01,5469.0,DEN,PSP,-8.0,-11.0,0,0,776.0,0
2025.0,1.0,2025-01-01,5758.0,SFO,RNO,107.0,93.0,0,0,192.0,1
2025.0,1.0,2025-01-01,5835.0,DSM,DEN,-8.0,-19.0,0,0,589.0,0
2025.0,1.0,2025-01-01,5944.0,PSP,SFO,-10.0,-44.0,0,0,421.0,0
2025.0,1.0,2025-01-01,2653.0,FAT,DFW,-3.0,-19.0,0,0,1313.0,0
2025.0,1.0,2025-01-01,303.0,DFW,GEG,-1.0,6.0,0,0,1477.0,0
2025.0,1.0,2025-01-01,658.0,GEG,DFW,-4.0,-30.0,0,0,1477.0,0
2025.0,1.0,2025-01-01,1939.0,LAX,CLT,-3.0,-38.0,0,0,2125.0,0
2025.0,1.0,2025-01-01,2221.0,ATL,LAX,-2.0,-12.0,0,0,1947.0,0
2025.0,1.0,2025-01-01,990.0,LAX,ATL,-2.0,-27.0,0,0,1947.0,0
2025.0,1.0,2025-01-01,1135.0,DTW,PHX,65.0,68.0,0,0,1671.0,1
2025.0,1.0,2025-01-01,2163.0,DTW,LAS,17.0,11.0,0,0,1749.0,0
2025.0,1.0,2025-01-01,470.0,LAS,DTW,-1.0,-11.0,0,0,1749.0,0
2025.0,1.0,2025-01-01,2046.0,SLC,BZN,-1.0,-11.0,0,0,347.0,0
2025.0,1.0,2025-01-01,2335.0,IDA,SLC,-6.0,-5.0,0,0,188.0,0
2025.0,1.0,2025-01-01,2747.0,SJC,SLC,4.0,-14.0,0,0,584.0,0
2025.0,1.0,2025-01-01,2747.0,SLC,SJC,-10.0,-16.0,0,0,584.0,0
2025.0,1.0,2025-01-01,4426.0,ATL,DCA,-5.0,-18.0,0,0,547.0,0
2025.0,1.0,2025-01-01,4426.0,DCA,ATL,-5.0,-11.0,0,0,547.0,0
2025.0,1.0,2025-01-01,4467.0,CHS,PHL,26.0,23.0,0,0,550.0,1
2025.0,1.0,2025-01-01,4482.0,PHL,CMH,-7.0,-17.0,0,0,406.0,0
2025.0,1.0,2025-01-01,4486.0,DCA,CHS,7.0,22.0,0,0,444.0,1
2025.0,1.0,2025-01-01,4501.0,PIT,DCA,-5.0,-8.0,0,0,204.0,0
2025.0,1.0,2025-01-01,1475.0,DFW,PNS,4.0,-4.0,0,0,604.0,0
2025.0,1.0,2025-01-01,1475.0,PNS,DFW,5.0,5.0,0,0,604.0,0
2025.0,1.0,2025-01-01,3224.0,DFW,SAV,-4.0,-6.0,0,0,925.0,0
2025.0,1.0,2025-01-01,882.0,BUF,DFW,-4.0,-9.0,0,0,1212.0,0
2025.0,1.0,2025-01-01,1214.0,SLC,DFW,-2.0,-38.0,0,0,989.0,0
2025.0,1.0,2025-01-01,1376.0,BOI,DFW,29.0,18.0,0,0,1272.0,1
2025.0,1.0,2025-01-01,1376.0,DFW,BOI,-1.0,21.0,0,0,1272.0,1
2025.0,1.0,2025-01-01,2946.0,DFW,FLL,32.0,16.0,0,0,1119.0,1
2025.0,1.0,2025-01-01,2070.0,CLT,SLC,2.0,5.0,0,0,1727.0,0
2025.0,1.0,2025-01-01,2070.0,SLC,CLT,2.0,-19.0,0,0,1727.0,0
2025.0,1.0,2025-01-01,698.0,DTW,SLC,10.0,1.0,0,0,1481.0,0
2025.0,1.0,2025-01-01,1012.0,LGA,JAX,-13.0,-11.0,0,0,833.0,0
2025.0,1.0,2025-01-01,1214.0,JAX,LGA,-8.0,-20.0,0,0,833.0,0
2025.0,1.0,2025-01-01,1214.0,LGA,JAX,-7.0,-22.0,0,0,833.0,0
2025.0,1.0,2025-01-01,4614.0,DCA,MSY,-9.0,4.0,0,0,969.0,0
2025.0,1.0,2025-01-01,4614.0,MSY,DCA,7.0,-14.0,0,0,969.0,0
2025.0,1.0,2025-01-01,4638.0,CLE,DCA,-6.0,-2.0,0,0,310.0,0
2025.0,1.0,2025-01-01,4649.0,BOS,DCA,-7.0,-12.0,0,0,399.0,0
2025.0,1.0,2025-01-01,4649.0,DCA,BOS,-7.0,-21.0,0,0,399.0,0
2025.0,1.0,2025-01-01,4758.0,DCA,RDU,-4.0,-11.0,0,0,227.0,0
2025.0,1.0,2025-01-01,2307.0,CLT,PIT,119.0,108.0,0,0,366.0,1
2025.0,1.0,2025-01-01,2307.0,PIT,CLT,92.0,102.0,0,0,366.0,1
2025.0,1.0,2025-01-01,3235.0,XNA,CLT,-5.0,-25.0,0,0,754.0,0
2025.0,1.0,2025-01-01,763.0,CLT,ATL,68.0,53.0,0,0,226.0,1
2025.0,1.0,2025-01-01,1094.0,EWR,SNA,-5.0,-28.0,0,0,2434.0,0
2025.0,1.0,2025-01-01,2445.0,JAC,EWR,-9.0,-4.0,0,0,1874.0,0
2025.0,1.0,2025-01-01,1535.0,DFW,SLC,-2.0,5.0,0,0,989.0,0
2025.0,1.0,2025-01-01,1535.0,SLC,DFW,7.0,10.0,0,0,989.0,0
2025.0,1.0,2025-01-01,3284.0,DFW,ELP,5.0,4.0,0,0,551.0,0
2025.0,1.0,2025-01-01,644.0,SLC,DFW,0.0,-38.0,0,0,989.0,0
2025.0,1.0,2025-01-01,2288.0,MSP,PHX,-2.0,-23.0,0,0,1276.0,0
2025.0,1.0,2025-01-01,2288.0,PHX,MSP,-9.0,-19.0,0,0,1276.0,0
2025.0,1.0,2025-01-01,2732.0,MSP,LGA,-4.0,-9.0,0,0,1020.0,0
2025.0,1.0,2025-01-01,4520.0,DCA,IND,-3.0,-7.0,0,0,500.0,0
2025.0,1.0,2025-01-01,4593.0,IND,DCA,-15.0,-25.0,0,0,500.0,0
2025.0,1.0,2025-01-01,4671.0,JFK,DCA,-6.0,11.0,0,0,213.0,0
2025.0,1.0,2025-01-01,4712.0,BNA,JFK,-7.0,-24.0,0,0,765.0,0
2025.0,1.0,2025-01-01,4762.0,RDU,BNA,-5.0,-1.0,0,0,442.0,0
2025.0,1.0,2025-01-01,1884.0,PHX,PSP,-3.0,1.0,0,0,261.0,0
2025.0,1.0,2025-01-01,1884.0,PSP,PHX,9.0,0.0,0,0,261.0,0
2025.0,1.0,2025-01-01,2858.0,JAX,PHX,-6.0,-29.0,0,0,1786.0,0
2025.0,1.0,2025-01-01,2871.0,PHX,PIT,16.0,-7.0,0,0,1814.0,0
2025.0,1.0,2025-01-01,1267.0,DFW,RSW,0.0,-9.0,0,0,1017.0,0
2025.0,1.0,2025-01-01,482.0,ORD,DFW,-6.0,-16.0,0,0,802.0,0
2025.0,1.0,2025-01-01,1240.0,ATL,DTW,10.0,-3.0,0,0,594.0,0
2025.0,1.0,2025-01-01,1264.0,ORD,ATL,-2.0,22.0,0,0,606.0,1
2025.0,1.0,2025-01-01,2188.0,DTW,ATL,7.0,-4.0,0,0,594.0,0
2025.0,1.0,2025-01-01,659.0,ATL,LAS,3.0,4.0,0,0,1747.0,0
2025.0,1.0,2025-01-01,4647.0,COS,DEN,-2.0,-15.0,0,0,73.0,0
2025.0,1.0,2025-01-01,4755.0,DEN,ICT,-4.0,-15.0,0,0,420.0,0
2025.0,1.0,2025-01-01,4758.0,BIL,DEN,-5.0,5.0,0,0,455.0,0
2025.0,1.0,2025-01-01,5498.0,DEN,BIL,-3.0,0.0,0,0,455.0,0
2025.0,1.0,2025-01-01,1150.0,DFW,GEG,11.0,12.0,0,0,1477.0,0
2025.0,1.0,2025-01-01,1474.0,DFW,PNS,42.0,39.0,0,0,604.0,1
2025.0,1.0,2025-01-01,1474.0,PNS,DFW,33.0,10.0,0,0,604.0,0
2025.0,1.0,2025-01-01,851.0,PNS,DFW,-6.0,-17.0,0,0,604.0,0
2025.0,1.0,2025-01-01,1486.0,BUF,CLT,-3.0,-17.0,0,0,546.0,0
2025.0,1.0,2025-01-01,1486.0,CLT,BUF,10.0,16.0,0,0,546.0,1
2025.0,1.0,2025-01-01,2127.0,CLT,MCO,-3.0,-9.0,0,0,468.0,0
2025.0,1.0,2025-01-01,2127.0,MCO,CLT,-1.0,-20.0,0,0,468.0,0
2025.0,1.0,2025-01-01,3081.0,CLT,PHX,9.0,30.0,0,0,1773.0,1
2025.0,1.0,2025-01-01,346.0,IND,CLT,-3.0,-23.0,0,0,427.0,0
2025.0,1.0,2025-01-01,341.0,DEN,ATL,21.0,39.0,0,0,1199.0,1
2025.0,1.0,2025-01-01,366.0,ATL,PHX,6.0,19.0,0,0,1587.0,1
2025.0,1.0,2025-01-01,366.0,PHX,ATL,7.0,-20.0,0,0,1587.0,0
2025.0,1.0,2025-01-01,818.0,ATL,DFW,-6.0,-8.0,0,0,731.0,0
2025.0,1.0,2025-01-01,1262.0,CHS,LGA,-11.0,-25.0,0,0,641.0,0
2025.0,1.0,2025-01-01,1262.0,LGA,CHS,-11.0,-27.0,0,0,641.0,0
2025.0,1.0,2025-01-01,2506.0,BOS,LGA,-12.0,-37.0,0,0,184.0,0
2025.0,1.0,2025-01-01,2760.0,LGA,ORD,-11.0,-35.0,0,0,733.0,0
2025.0,1.0,2025-01-01,4548.0,DCA,PVD,-8.0,-10.0,0,0,356.0,0
2025.0,1.0,2025-01-01,4548.0,PVD,DCA,-6.0,-25.0,0,0,356.0,0
2025.0,1.0,2025-01-01,4549.0,SDF,DCA,-4.0,-20.0,0,0,474.0,0
2025.0,1.0,2025-01-01,4634.0,DCA,CHS,-10.0,-15.0,0,0,444.0,0
2025.0,1.0,2025-01-01,4650.0,DCA,PWM,-6.0,-22.0,0,0,482.0,0
2025.0,1.0,2025-01-01,4650.0,PWM,DCA,-7.0,-30.0,0,0,482.0,0
2025.0,1.0,2025-01-01,2403.0,EWR,LAX,-5.0,-16.0,0,0,2454.0,0
2025.0,1.0,2025-01-01,1330.0,PHL,PHX,20.0,21.0,0,0,2075.0,1
2025.0,1.0,2025-01-01,1875.0,PHX,ONT,-3.0,-19.0,0,0,325.0,0
2025.0,1.0,2025-01-01,2098.0,ORD,PHL,12.0,-3.0,0,0,678.0,0
2025.0,1.0,2025-01-01,2277.0,ONT,DFW,0.0,-28.0,0,0,1188.0,0
2025.0,1.0,2025-01-01,2843.0,CLT,ORD,-7.0,-13.0,0,0,599.0,0
2025.0,1.0,2025-01-01,4341.0,LGA,TUL,-3.0,-1.0,0,0,1231.0,0
2025.0,1.0,2025-01-01,4647.0,RDU,LGA,0.0,-3.0,0,0,431.0,0
2025.0,1.0,2025-01-01,4741.0,LEX,DEN,-4.0,25.0,0,0,1086.0,1
2025.0,1.0,2025-01-01,5319.0,SFO,SLC,8.0,-21.0,0,0,599.0,0
2025.0,1.0,2025-01-01,5520.0,DEN,PSC,2.0,12.0,0,0,852.0,0
2025.0,1.0,2025-01-01,5594.0,PSC,SFO,0.0,-14.0,0,0,620.0,0
2025.0,1.0,2025-01-01,5609.0,SLC,SFO,499.0,464.0,0,0,599.0,1
2025.0,1.0,2025-01-01,2038.0,TPA,EWR,-2.0,-20.0,0,0,997.0,0
2025.0,1.0,2025-01-01,2074.0,EWR,TPA,-10.0,-5.0,0,0,997.0,0
2025.0,1.0,2025-01-01,406.0,LAS,EWR,-7.0,-45.0,0,0,2227.0,0
2025.0,1.0,2025-01-01,407.0,EWR,LAS,1.0,-3.0,0,0,2227.0,0
2025.0,1.0,2025-01-01,2298.0,IAH,EWR,-4.0,-30.0,0,0,1400.0,0
2025.0,1.0,2025-01-01,2852.0,EWR,DEN,13.0,4.0,0,0,1605.0,0
2025.0,1.0,2025-01-01,492.0,EWR,IAH,-7.0,-8.0,0,0,1400.0,0
2025.0,1.0,2025-01-01,1796.0,EWR,PHX,-7.0,-11.0,0,0,2133.0,0
2025.0,1.0,2025-01-01,2363.0,PHX,EWR,53.0,50.0,0,0,2133.0,1
2025.0,1.0,2025-01-01,702.0,EWR,LAX,38.0,51.0,0,0,2454.0,1
2025.0,1.0,2025-01-01,2641.0,SEA,SNA,-6.0,-6.0,0,0,978.0,0
2025.0,1.0,2025-01-01,2641.0,SNA,SEA,-8.0,13.0,0,0,978.0,0
2025.0,1.0,2025-01-01,2851.0,SEA,DEN,-10.0,-34.0,0,0,1024.0,0
2025.0,1.0,2025-01-01,4367.0,RSW,DCA,-9.0,-25.0,0,0,892.0,0
2025.0,1.0,2025-01-01,4492.0,DCA,RSW,-7.0,-17.0,0,0,892.0,0
2025.0,1.0,2025-01-01,4681.0,DCA,MEM,61.0,61.0,0,0,762.0,1
2025.0,1.0,2025-01-01,4692.0,CHS,DCA,-8.0,-27.0,0,0,444.0,0
2025.0,1.0,2025-01-01,4692.0,DCA,CHS,-6.0,-13.0,0,0,444.0,0
2025.0,1.0,2025-01-01,4800.0,RDU,DCA,-10.0,1.0,0,0,227.0,0
2025.0,1.0,2025-01-01,2642.0,DFW,MIA,-3.0,-16.0,0,0,1121.0,0
2025.0,1.0,2025-01-01,2679.0,DFW,SRQ,28.0,26.0,0,0,945.0,1
2025.0,1.0,2025-01-01,2679.0,SRQ,DFW,24.0,7.0,0,0,945.0,0
2025.0,1.0,2025-01-01,802.0,RDU,DFW,-5.0,4.0,0,0,1061.0,0
2025.0,1.0,2025-01-01,4680.0,DEN,DSM,-10.0,-31.0,0,0,589.0,0
2025.0,1.0,2025-01-01,4759.0,DEN,TUS,-3.0,-12.0,0,0,639.0,0
2025.0,1.0,2025-01-01,5269.0,TUS,DEN,-9.0,16.0,0,0,639.0,1
2025.0,1.0,2025-01-01,5673.0,TYS,DEN,-8.0,0.0,0,0,1162.0,0
2025.0,1.0,2025-01-01,1217.0,DEN,DRO,4.0,-8.0,0,0,251.0,0
2025.0,1.0,2025-01-01,357.0,DEN,MCO,-4.0,-16.0,0,0,1546.0,0
2025.0,1.0,2025-01-01,364.0,BDL,DEN,-1.0,-10.0,0,0,1671.0,0
2025.0,1.0,2025-01-01,588.0,DRO,DEN,-3.0,-30.0,0,0,251.0,0
2025.0,1.0,2025-01-01,1323.0,IAD,LAS,-6.0,-14.0,0,0,2065.0,0
2025.0,1.0,2025-01-01,1370.0,IAD,CLE,-10.0,-6.0,0,0,288.0,0
2025.0,1.0,2025-01-01,2440.0,BDL,IAD,-1.0,-5.0,0,0,325.0,0
2025.0,1.0,2025-01-01,526.0,LAS,IAD,-7.0,-31.0,0,0,2065.0,0
2025.0,1.0,2025-01-01,1793.0,BOS,CLT,-8.0,-10.0,0,0,728.0,0
2025.0,1.0,2025-01-01,2052.0,CLT,SMF,0.0,22.0,0,0,2244.0,1
2025.0,1.0,2025-01-01,2052.0,SMF,CLT,14.0,-10.0,0,0,2244.0,0
2025.0,1.0,2025-01-01,2641.0,CLT,RSW,-6.0,-20.0,0,0,600.0,0
2025.0,1.0,2025-01-01,2759.0,ORD,LGA,5.0,-3.0,0,0,733.0,0
2025.0,1.0,2025-01-01,2894.0,LGA,ORD,-3.0,-26.0,0,0,733.0,0
2025.0,1.0,2025-01-01,4526.0,LGA,OKC,-3.0,2.0,0,0,1341.0,0
2025.0,1.0,2025-01-01,4766.0,IAH,ATL,-1.0,0.0,0,0,689.0,0
2025.0,1.0,2025-01-01,5325.0,COS,IAH,3.0,6.0,0,0,809.0,0
2025.0,1.0,2025-01-01,5960.0,ATL,IAH,-2.0,7.0,0,0,689.0,0
2025.0,1.0,2025-01-01,2361.0,DFW,SAN,174.0,155.0,0,0,1171.0,1
2025.0,1.0,2025-01-01,2361.0,SAN,DFW,142.0,130.0,0,0,1171.0,1
2025.0,1.0,2025-01-01,2720.0,DFW,TUS,-5.0,-12.0,0,0,813.0,0
2025.0,1.0,2025-01-01,2720.0,TUS,DFW,-3.0,-18.0,0,0,813.0,0
2025.0,1.0,2025-01-01,1583.0,IAH,SLC,190.0,183.0,0,0,1195.0,1
2025.0,1.0,2025-01-01,2514.0,SLC,IAH,-9.0,-11.0,0,0,1195.0,0
2025.0,1.0,2025-01-01,4348.0,ORD,EWR,-8.0,-24.0,0,0,719.0,0
2025.0,1.0,2025-01-01,4349.0,EWR,ORD,-10.0,-41.0,0,0,719.0,0
2025.0,1.0,2025-01-01,4363.0,ORD,BWI,-3.0,-13.0,0,0,622.0,0
2025.0,1.0,2025-01-01,4488.0,DTW,ORD,-6.0,-14.0,0,0,235.0,0
2025.0,1.0,2025-01-01,4742.0,AUS,LAX,-3.0,32.0,0,0,1242.0,1
2025.0,1.0,2025-01-01,5423.0,LAX,AUS,-8.0,-17.0,0,0,1242.0,0
2025.0,1.0,2025-01-01,6008.0,LAX,MTJ,-10.0,-6.0,0,0,666.0,0
2025.0,1.0,2025-01-01,6009.0,MTJ,LAX,8.0,-17.0,0,0,666.0,0
2025.0,1.0,2025-01-01,1555.0,DFW,BNA,-2.0,-23.0,0,0,631.0,0
2025.0,1.0,2025-01-01,2231.0,DFW,SFO,12.0,20.0,0,0,1464.0,1
2025.0,1.0,2025-01-01,2231.0,SFO,DFW,14.0,-4.0,0,0,1464.0,0
2025.0,1.0,2025-01-01,1731.0,DEN,SEA,-2.0,3.0,0,0,1024.0,0
2025.0,1.0,2025-01-01,2088.0,AUS,BOS,-9.0,-41.0,0,0,1698.0,0
2025.0,1.0,2025-01-01,831.0,SEA,AUS,-7.0,-36.0,0,0,1770.0,0
2025.0,1.0,2025-01-01,4379.0,DCA,JFK,42.0,41.0,0,0,213.0,1
2025.0,1.0,2025-01-01,4588.0,CLE,JFK,7.0,2.0,0,0,425.0,0
2025.0,1.0,2025-01-01,4670.0,JFK,CLE,30.0,10.0,0,0,425.0,0
2025.0,1.0,2025-01-01,4687.0,JFK,ORH,-10.0,-20.0,0,0,150.0,0
2025.0,1.0,2025-01-01,4687.0,ORH,JFK,-10.0,-23.0,0,0,150.0,0
2025.0,1.0,2025-01-01,4646.0,COS,IAH,-4.0,-32.0,0,0,809.0,0
2025.0,1.0,2025-01-01,4734.0,DEN,COS,2.0,-8.0,0,0,73.0,0
2025.0,1.0,2025-01-01,5278.0,IAH,OKC,-2.0,2.0,0,0,395.0,0
2025.0,1.0,2025-01-01,5764.0,DAY,DEN,24.0,2.0,0,0,1085.0,0
2025.0,1.0,2025-01-01,2140.0,LGA,IAH,-5.0,30.0,0,0,1416.0,1
2025.0,1.0,2025-01-01,4472.0,LGA,XNA,-6.0,-23.0,0,0,1147.0,0
2025.0,1.0,2025-01-01,4581.0,TUL,LGA,-5.0,-15.0,0,0,1231.0,0
2025.0,1.0,2025-01-01,2311.0,CLT,FLL,-7.0,-5.0,0,0,632.0,0
2025.0,1.0,2025-01-01,3088.0,PHX,CLT,-4.0,-37.0,0,0,1773.0,0
2025.0,1.0,2025-01-01,5692.0,XNA,DEN,-6.0,-13.0,0,0,616.0,0
2025.0,1.0,2025-01-01,5869.0,DEN,SLC,20.0,16.0,0,0,391.0,1
2025.0,1.0,2025-01-01,1336.0,DFW,MCO,-3.0,-17.0,0,0,985.0,0
2025.0,1.0,2025-01-01,2148.0,MCO,DFW,-7.0,-21.0,0,0,985.0,0
2025.0,1.0,2025-01-01,3166.0,ONT,DFW,-2.0,-20.0,0,0,1188.0,0
2025.0,1.0,2025-01-01,3210.0,DFW,MCO,-8.0,-21.0,0,0,985.0,0
2025.0,1.0,2025-01-01,871.0,SLC,SEA,-6.0,-14.0,0,0,689.0,0
2025.0,1.0,2025-01-01,5226.0,OMA,SFO,-3.0,5.0,0,0,1433.0,0
2025.0,1.0,2025-01-01,5279.0,SBP,DEN,3.0,-2.0,0,0,931.0,0
2025.0,1.0,2025-01-01,5680.0,SFO,SBP,16.0,9.0,0,0,190.0,0
2025.0,1.0,2025-01-01,5841.0,DEN,OKC,-6.0,-26.0,0,0,495.0,0
2025.0,1.0,2025-01-01,1334.0,MSY,IAH,0.0,1.0,0,0,305.0,0
2025.0,1.0,2025-01-01,2670.0,DFW,IAH,-2.0,-12.0,0,0,224.0,0
2025.0,1.0,2025-01-01,469.0,IAH,MSY,-6.0,-19.0,0,0,305.0,0
2025.0,1.0,2025-01-01,1668.0,IAD,SAT,71.0,70.0,0,0,1362.0,1
2025.0,1.0,2025-01-01,2250.0,SAT,IAD,63.0,55.0,0,0,1362.0,1
2025.0,1.0,2025-01-01,1964.0,IAD,SEA,-4.0,-13.0,0,0,2306.0,0
2025.0,1.0,2025-01-01,2275.0,SEA,IAD,153.0,116.0,0,0,2306.0,1
2025.0,1.0,2025-01-01,2542.0,SAN,DFW,-4.0,-17.0,0,0,1171.0,0
2025.0,1.0,2025-01-01,3261.0,PHL,MCO,0.0,-10.0,0,0,861.0,0
2025.0,1.0,2025-01-01,410.0,DFW,PHL,17.0,3.0,0,0,1303.0,0
2025.0,1.0,2025-01-01,2245.0,JFK,MSP,203.0,166.0,0,0,1029.0,1
2025.0,1.0,2025-01-01,2559.0,DFW,JFK,-3.0,-31.0,0,0,1391.0,0
2025.0,1.0,2025-01-01,760.0,BOS,DFW,-14.0,-2.0,0,0,1562.0,0
2025.0,1.0,2025-01-01,1198.0,SFO,DFW,-5.0,-33.0,0,0,1464.0,0
2025.0,1.0,2025-01-01,1458.0,DFW,OKC,-4.0,-17.0,0,0,175.0,0
2025.0,1.0,2025-01-01,2635.0,DFW,ONT,0.0,-17.0,0,0,1188.0,0
2025.0,1.0,2025-01-01,2635.0,ONT,DFW,-5.0,-21.0,0,0,1188.0,0
2025.0,1.0,2025-01-01,4389.0,CMH,BOS,-5.0,-9.0,0,0,640.0,0
2025.0,1.0,2025-01-01,4413.0,BOS,ORD,-9.0,-32.0,0,0,867.0,0
2025.0,1.0,2025-01-01,4440.0,PIT,JFK,-5.0,1.0,0,0,340.0,0
2025.0,1.0,2025-01-01,4546.0,JFK,DCA,-2.0,-19.0,0,0,213.0,0
2025.0,1.0,2025-01-01,4665.0,ORD,PIT,3.0,9.0,0,0,413.0,0
2025.0,1.0,2025-01-01,4757.0,GRR,IAH,-5.0,10.0,0,0,1042.0,0
2025.0,1.0,2025-01-01,4791.0,IAH,AUS,-5.0,-16.0,0,0,140.0,0
2025.0,1.0,2025-01-01,4808.0,AUS,IAH,-1.0,-18.0,0,0,140.0,0
2025.0,1.0,2025-01-01,5213.0,IAH,LFT,-7.0,-19.0,0,0,201.0,0
2025.0,1.0,2025-01-01,5215.0,LFT,IAH,-8.0,-11.0,0,0,201.0,0
2025.0,1.0,2025-01-01,5591.0,IAH,HRL,-7.0,-11.0,0,0,295.0,0
2025.0,1.0,2025-01-01,1561.0,DEN,SFO,8.0,10.0,0,0,967.0,0
2025.0,1.0,2025-01-01,468.0,SFO,ORD,147.0,106.0,0,0,1846.0,1
2025.0,1.0,2025-01-01,513.0,SFO,DEN,-6.0,3.0,0,0,967.0,0
2025.0,1.0,2025-01-01,1904.0,CLT,RDU,7.0,-2.0,0,0,130.0,0
2025.0,1.0,2025-01-01,1904.0,RDU,CLT,-12.0,-19.0,0,0,130.0,0
2025.0,1.0,2025-01-01,1937.0,CLT,BOS,11.0,-8.0,0,0,728.0,0
2025.0,1.0,2025-01-01,2039.0,DFW,LGA,-8.0,-29.0,0,0,1389.0,0
2025.0,1.0,2025-01-01,873.0,LGA,DFW,-4.0,1.0,0,0,1389.0,0
2025.0,1.0,2025-01-01,5217.0,LAX,SEA,143.0,125.0,0,0,954.0,1
2025.0,1.0,2025-01-01,5411.0,LAX,RNO,-7.0,-7.0,0,0,391.0,0
2025.0,1.0,2025-01-01,5651.0,SEA,LAX,15.0,12.0,0,0,954.0,0
2025.0,1.0,2025-01-01,5671.0,SEA,LAX,82.0,73.0,0,0,954.0,1
2025.0,1.0,2025-01-01,2255.0,CLT,DEN,-7.0,-2.0,0,0,1337.0,0
2025.0,1.0,2025-01-01,2255.0,DEN,CLT,3.0,-23.0,0,0,1337.0,0
2025.0,1.0,2025-01-01,683.0,RDU,CLT,-8.0,-29.0,0,0,130.0,0
2025.0,1.0,2025-01-01,815.0,CLT,ORD,-4.0,-4.0,0,0,599.0,0
2025.0,1.0,2025-01-01,1608.0,MCI,MSP,-5.0,-15.0,0,0,393.0,0
2025.0,1.0,2025-01-01,1608.0,MSP,MCI,-10.0,4.0,0,0,393.0,0
2025.0,1.0,2025-01-01,2661.0,MSP,JFK,-1.0,34.0,0,0,1029.0,1
2025.0,1.0,2025-01-01,496.0,JFK,DFW,30.0,80.0,0,0,1391.0,1
2025.0,1.0,2025-01-01,4648.0,BZN,ORD,-5.0,-12.0,0,0,1185.0,0
2025.0,1.0,2025-01-01,5257.0,ORD,ROA,-5.0,10.0,0,0,531.0,0
2025.0,1.0,2025-01-01,5340.0,ORD,BZN,-8.0,-13.0,0,0,1185.0,0
2025.0,1.0,2025-01-01,5457.0,ROA,ORD,3.0,-9.0,0,0,531.0,0
2025.0,1.0,2025-01-01,1700.0,LAX,EWR,-9.0,-36.0,0,0,2454.0,0
2025.0,1.0,2025-01-01,1695.0,EWR,IAD,12.0,23.0,0,0,212.0,1
2025.0,1.0,2025-01-01,397.0,SFO,EWR,20.0,-3.0,0,0,2565.0,0
2025.0,1.0,2025-01-01,573.0,DEN,SFO,5.0,19.0,0,0,967.0,1
2025.0,1.0,2025-01-01,2658.0,LAS,EWR,-1.0,3.0,0,0,2227.0,0
2025.0,1.0,2025-01-01,2858.0,EWR,LAS,-7.0,-17.0,0,0,2227.0,0
2025.0,1.0,2025-01-01,1149.0,SFO,EWR,53.0,8.0,0,0,2565.0,0
2025.0,1.0,2025-01-01,1187.0,BOS,SFO,-4.0,-50.0,0,0,2704.0,0
2025.0,1.0,2025-01-01,1864.0,EWR,BOS,-5.0,-15.0,0,0,200.0,0
2025.0,1.0,2025-01-01,2074.0,ORD,EWR,-4.0,-15.0,0,0,719.0,0
2025.0,1.0,2025-01-01,2464.0,LAS,EWR,-4.0,-31.0,0,0,2227.0,0
2025.0,1.0,2025-01-01,370.0,MCO,EWR,9.0,-11.0,0,0,937.0,0
2025.0,1.0,2025-01-01,619.0,EWR,LAS,-5.0,-17.0,0,0,2227.0,0
2025.0,1.0,2025-01-01,1651.0,EWR,LAX,8.0,-5.0,0,0,2454.0,0
2025.0,1.0,2025-01-01,2633.0,MIA,LAX,-8.0,-13.0,0,0,2342.0,0
2025.0,1.0,2025-01-01,3131.0,LAX,DFW,8.0,-9.0,0,0,1235.0,0
2025.0,1.0,2025-01-01,4746.0,BNA,IAH,0.0,-14.0,0,0,657.0,0
2025.0,1.0,2025-01-01,1772.0,PDX,IAH,-3.0,-31.0,0,0,1825.0,0
2025.0,1.0,2025-01-01,2439.0,IAH,BOS,-5.0,-25.0,0,0,1597.0,0
2025.0,1.0,2025-01-01,1314.0,CLE,LAX,1.0,2.0,0,0,2052.0,0
2025.0,1.0,2025-01-01,1597.0,LAX,SFO,-4.0,-5.0,0,0,337.0,0
2025.0,1.0,2025-01-01,1892.0,PHX,LAX,-3.0,-17.0,0,0,370.0,0
2025.0,1.0,2025-01-01,2736.0,LAX,PHX,-2.0,-8.0,0,0,370.0,0
2025.0,1.0,2025-01-01,1705.0,ORD,AUS,0.0,16.0,0,0,977.0,1
2025.0,1.0,2025-01-01,210.0,AUS,ORD,9.0,-11.0,0,0,977.0,0
2025.0,1.0,2025-01-01,2652.0,ORD,CLE,2.0,-4.0,0,0,316.0,0
2025.0,1.0,2025-01-01,1754.0,SFO,LAX,0.0,8.0,0,0,337.0,0
2025.0,1.0,2025-01-01,1971.0,LAX,SFO,50.0,33.0,0,0,337.0,1
2025.0,1.0,2025-01-01,2234.0,LAX,SFO,3.0,2.0,0,0,337.0,0
2025.0,1.0,2025-01-01,2650.0,LAX,SFO,12.0,34.0,0,0,337.0,1
2025.0,1.0,2025-01-01,565.0,SFO,LAX,12.0,15.0,0,0,337.0,1
2025.0,1.0,2025-01-01,2379.0,SEA,IAH,-10.0,-48.0,0,0,1874.0,0
2025.0,1.0,2025-01-01,2456.0,IAH,SEA,-2.0,7.0,0,0,1874.0,0
2025.0,1.0,2025-01-01,697.0,FLL,IAH,-6.0,-16.0,0,0,966.0,0
2025.0,1.0,2025-01-01,1638.0,DEN,LAX,-1.0,1.0,0,0,862.0,0
2025.0,1.0,2025-01-01,2198.0,LAX,PHX,-1.0,4.0,0,0,370.0,0
2025.0,1.0,2025-01-01,2391.0,MCI,DEN,-5.0,1.0,0,0,533.0,0
2025.0,1.0,2025-01-01,1195.0,MIA,DEN,6.0,14.0,0,0,1709.0,0
2025.0,1.0,2025-01-01,1620.0,IAD,MIA,-3.0,10.0,0,0,921.0,0
2025.0,1.0,2025-01-01,1964.0,RDU,IAD,-5.0,-14.0,0,0,224.0,0
2025.0,1.0,2025-01-01,1414.0,ORD,LAX,-4.0,-4.0,0,0,1744.0,0
2025.0,1.0,2025-01-01,1605.0,LAX,BWI,4.0,19.0,0,0,2329.0,1
2025.0,1.0,2025-01-01,2282.0,LAS,LAX,1.0,-7.0,0,0,236.0,0
2025.0,1.0,2025-01-01,2449.0,LAX,LAS,-2.0,27.0,0,0,236.0,1
2025.0,1.0,2025-01-01,2849.0,LAX,LAS,-3.0,-12.0,0,0,236.0,0
2025.0,1.0,2025-01-01,684.0,LAS,LAX,21.0,19.0,0,0,236.0,1
2025.0,1.0,2025-01-01,1709.0,CLT,DFW,-3.0,-6.0,0,0,936.0,0
2025.0,1.0,2025-01-01,2390.0,DFW,LAS,-7.0,-1.0,0,0,1055.0,0
2025.0,1.0,2025-01-01,2792.0,LAS,CLT,-4.0,-32.0,0,0,1916.0,0
2025.0,1.0,2025-01-01,702.0,PHX,CLT,2.0,-31.0,0,0,1773.0,0
2025.0,1.0,2025-01-01,1165.0,SEA,SLC,-8.0,-34.0,0,0,689.0,0
2025.0,1.0,2025-01-01,2360.0,PDX,SEA,-5.0,-8.0,0,0,129.0,0
2025.0,1.0,2025-01-01,2608.0,SLC,IDA,7.0,-11.0,0,0,188.0,0
2025.0,1.0,2025-01-01,2841.0,SEA,SFO,-6.0,-32.0,0,0,679.0,0
2025.0,1.0,2025-01-01,2841.0,SFO,SEA,0.0,-21.0,0,0,679.0,0
2025.0,1.0,2025-01-01,5419.0,SNA,SFO,-2.0,-27.0,0,0,372.0,0
2025.0,1.0,2025-01-01,5440.0,SFO,SNA,-1.0,-14.0,0,0,372.0,0
2025.0,1.0,2025-01-01,5566.0,SFO,SMF,-8.0,-19.0,0,0,86.0,0
2025.0,1.0,2025-01-01,5617.0,PSP,SFO,-3.0,9.0,0,0,421.0,0
2025.0,1.0,2025-01-01,1037.0,DFW,SFO,-6.0,-4.0,0,0,1464.0,0
2025.0,1.0,2025-01-01,1673.0,PHX,DFW,-2.0,-17.0,0,0,868.0,0
2025.0,1.0,2025-01-01,2798.0,SFO,DFW,-3.0,-33.0,0,0,1464.0,0
2025.0,1.0,2025-01-01,982.0,DFW,PHX,10.0,4.0,0,0,868.0,0
2025.0,1.0,2025-01-01,1016.0,SEA,SLC,-2.0,-33.0,0,0,689.0,0
2025.0,1.0,2025-01-01,1342.0,SLC,SMF,-7.0,-11.0,0,0,532.0,0
2025.0,1.0,2025-01-01,1342.0,SMF,SLC,-10.0,-30.0,0,0,532.0,0
2025.0,1.0,2025-01-01,2105.0,MCI,SEA,1.0,-1.0,0,0,1489.0,0
2025.0,1.0,2025-01-01,4631.0,ALB,ORD,-3.0,-11.0,0,0,723.0,0
2025.0,1.0,2025-01-01,4638.0,ORD,COS,6.0,18.0,0,0,911.0,1
2025.0,1.0,2025-01-01,5230.0,ORD,ALB,-5.0,-12.0,0,0,723.0,0
2025.0,1.0,2025-01-01,1036.0,CLT,RDU,-1.0,-4.0,0,0,130.0,0
2025.0,1.0,2025-01-01,1036.0,RDU,CLT,-10.0,-22.0,0,0,130.0,0
2025.0,1.0,2025-01-01,2710.0,CLT,TPA,1.0,-1.0,0,0,507.0,0
2025.0,1.0,2025-01-01,2710.0,TPA,CLT,1.0,-19.0,0,0,507.0,0
2025.0,1.0,2025-01-01,612.0,CLT,MCO,-4.0,1.0,0,0,468.0,0
2025.0,1.0,2025-01-01,5459.0,IAH,COS,-6.0,-25.0,0,0,809.0,0
2025.0,1.0,2025-01-01,5735.0,SGF,IAH,30.0,7.0,0,0,513.0,0
2025.0,1.0,2025-01-01,1840.0,ORD,SAN,6.0,5.0,0,0,1723.0,0
2025.0,1.0,2025-01-01,2310.0,MCO,EWR,119.0,109.0,0,0,937.0,1
2025.0,1.0,2025-01-01,752.0,EWR,MCO,122.0,121.0,0,0,937.0,1
2025.0,1.0,2025-01-01,2039.0,ORD,MCO,91.0,73.0,0,0,1005.0,1
2025.0,1.0,2025-01-01,222.0,IAH,ORD,8.0,-5.0,0,0,925.0,0
2025.0,1.0,2025-01-01,2627.0,TPA,ORD,0.0,0.0,0,0,1012.0,0
2025.0,1.0,2025-01-01,461.0,ORD,TPA,-3.0,-7.0,0,0,1012.0,0
2025.0,1.0,2025-01-01,1421.0,ORD,FLL,-4.0,-15.0,0,0,1182.0,0
2025.0,1.0,2025-01-01,1761.0,ORD,SFO,-2.0,-11.0,0,0,1846.0,0
2025.0,1.0,2025-01-01,1840.0,FLL,ORD,9.0,-10.0,0,0,1182.0,0
2025.0,1.0,2025-01-01,1268.0,PHX,ORD,-9.0,-13.0,0,0,1440.0,0
2025.0,1.0,2025-01-01,1322.0,ORD,PHX,-7.0,-4.0,0,0,1440.0,0
2025.0,1.0,2025-01-01,1915.0,ORD,PHX,9.0,-1.0,0,0,1440.0,0
2025.0,1.0,2025-01-01,532.0,DEN,ORD,56.0,49.0,0,0,888.0,1
2025.0,1.0,2025-01-01,1484.0,ORD,LAX,35.0,25.0,0,0,1744.0,1
2025.0,1.0,2025-01-01,1897.0,LAX,DEN,10.0,-3.0,0,0,862.0,0
2025.0,1.0,2025-01-01,377.0,DEN,ORD,-3.0,-20.0,0,0,888.0,0
2025.0,1.0,2025-01-01,2113.0,LAX,ORD,23.0,10.0,0,0,1744.0,0
2025.0,1.0,2025-01-01,2187.0,TPA,ORD,-3.0,-18.0,0,0,1012.0,0
2025.0,1.0,2025-01-01,2326.0,ORD,TPA,-6.0,-15.0,0,0,1012.0,0
2025.0,1.0,2025-01-01,2331.0,ORD,SAN,-3.0,-18.0,0,0,1723.0,0
2025.0,1.0,2025-01-01,2633.0,SAN,ORD,-12.0,-27.0,0,0,1723.0,0
2025.0,1.0,2025-01-01,1748.0,ORD,DEN,-5.0,-16.0,0,0,888.0,0
2025.0,1.0,2025-01-01,2082.0,IAH,DEN,-2.0,-1.0,0,0,862.0,0
2025.0,1.0,2025-01-01,2381.0,DEN,SAN,6.0,1.0,0,0,853.0,0
2025.0,1.0,2025-01-01,2665.0,SAN,ORD,-1.0,-11.0,0,0,1723.0,0
2025.0,1.0,2025-01-01,1013.0,DEN,LAX,-3.0,3.0,0,0,862.0,0
2025.0,1.0,2025-01-01,2737.0,LAX,ORD,5.0,-4.0,0,0,1744.0,0
2025.0,1.0,2025-01-01,711.0,ORD,DEN,-1.0,-10.0,0,0,888.0,0
2025.0,1.0,2025-01-01,1338.0,ORD,MCO,0.0,-5.0,0,0,1005.0,0
2025.0,1.0,2025-01-01,1359.0,ORD,MIA,-9.0,-26.0,0,0,1197.0,0
2025.0,1.0,2025-01-01,2005.0,MIA,ORD,-7.0,-24.0,0,0,1197.0,0
2025.0,1.0,2025-01-01,395.0,MCO,ORD,-6.0,-28.0,0,0,1005.0,0
2025.0,1.0,2025-01-01,1312.0,LAX,ORD,0.0,-19.0,0,0,1744.0,0
2025.0,1.0,2025-01-01,378.0,ORD,LAX,-1.0,-5.0,0,0,1744.0,0
2025.0,1.0,2025-01-01,1110.0,DEN,PHX,0.0,-8.0,0,0,602.0,0
2025.0,1.0,2025-01-01,2459.0,MCO,DEN,4.0,12.0,0,0,1546.0,0
2025.0,1.0,2025-01-01,259.0,DEN,MCO,-4.0,-11.0,0,0,1546.0,0
2025.0,1.0,2025-01-01,502.0,PHX,DEN,-7.0,-8.0,0,0,602.0,0
2025.0,1.0,2025-01-01,1872.0,ORD,FLL,-2.0,2.0,0,0,1182.0,0
2025.0,1.0,2025-01-01,2443.0,FLL,ORD,-5.0,-29.0,0,0,1182.0,0
2025.0,1.0,2025-01-01,622.0,LAX,ORD,-1.0,-11.0,0,0,1744.0,0
2025.0,1.0,2025-01-01,1324.0,ORD,SFO,-3.0,-12.0,0,0,1846.0,0
2025.0,1.0,2025-01-01,2341.0,MCO,ORD,2.0,-5.0,0,0,1005.0,0
2025.0,1.0,2025-01-01,609.0,ORD,IAH,-3.0,-17.0,0,0,925.0,0
2025.0,1.0,2025-01-01,787.0,IAH,ORD,-3.0,-11.0,0,0,925.0,0
2025.0,1.0,2025-01-01,2615.0,ORD,SAN,0.0,-14.0,0,0,1723.0,0
2025.0,1.0,2025-01-01,633.0,ORD,FLL,7.0,9.0,0,0,1182.0,0
2025.0,1.0,2025-01-01,714.0,SAN,ORD,6.0,3.0,0,0,1723.0,0
2025.0,1.0,2025-01-01,1810.0,CLT,PBI,1.0,-12.0,0,0,590.0,0
2025.0,1.0,2025-01-01,2123.0,MCO,CLT,-10.0,-30.0,0,0,468.0,0
2025.0,1.0,2025-01-01,2495.0,PBI,CLT,-4.0,3.0,0,0,590.0,0
2025.0,1.0,2025-01-01,2573.0,CLT,PHL,0.0,-9.0,0,0,449.0,0
2025.0,1.0,2025-01-01,812.0,PHL,PBI,-1.0,-4.0,0,0,951.0,0
2025.0,1.0,2025-01-01,1243.0,JAX,LGA,-5.0,-17.0,0,0,833.0,0
2025.0,1.0,2025-01-01,652.0,DFW,LGA,-10.0,-33.0,0,0,1389.0,0
2025.0,1.0,2025-01-01,652.0,LGA,DFW,-11.0,-9.0,0,0,1389.0,0
2025.0,1.0,2025-01-01,5657.0,SFO,AUS,-9.0,-10.0,0,0,1504.0,0
2025.0,1.0,2025-01-01,5724.0,SFO,RDD,103.0,110.0,0,0,199.0,1
2025.0,1.0,2025-01-01,5725.0,AUS,SFO,-6.0,12.0,0,0,1504.0,0
2025.0,1.0,2025-01-01,5882.0,SBP,SFO,-10.0,-21.0,0,0,190.0,0
2025.0,1.0,2025-01-01,1101.0,DFW,SAT,1.0,5.0,0,0,247.0,0
2025.0,1.0,2025-01-01,2605.0,RDU,DFW,-5.0,-4.0,0,0,1061.0,0
2025.0,1.0,2025-01-01,2673.0,DFW,PSP,-1.0,-13.0,0,0,1126.0,0
2025.0,1.0,2025-01-01,2673.0,PSP,DFW,-6.0,-29.0,0,0,1126.0,0
2025.0,1.0,2025-01-01,2970.0,SAT,DFW,-8.0,21.0,0,0,247.0,1
2025.0,1.0,2025-01-01,3178.0,DFW,TUS,3.0,3.0,0,0,813.0,0
2025.0,1.0,2025-01-01,4779.0,RNO,SFO,-10.0,-29.0,0,0,192.0,0
2025.0,1.0,2025-01-01,5531.0,RDM,LAX,-6.0,2.0,0,0,726.0,0
2025.0,1.0,2025-01-01,5539.0,SBA,LAX,-5.0,6.0,0,0,89.0,0
2025.0,1.0,2025-01-01,5674.0,LAX,RNO,-6.0,0.0,0,0,391.0,0
2025.0,1.0,2025-01-01,5688.0,SFO,TUS,-6.0,-13.0,0,0,751.0,0
2025.0,1.0,2025-01-01,5955.0,LAX,SBA,-5.0,-9.0,0,0,89.0,0
2025.0,1.0,2025-01-01,1245.0,JAC,ORD,23.0,42.0,0,0,1162.0,1
2025.0,1.0,2025-01-01,1583.0,ORD,BWI,-1.0,-17.0,0,0,622.0,0
2025.0,1.0,2025-01-01,2451.0,ORD,JAC,30.0,14.0,0,0,1162.0,0
2025.0,1.0,2025-01-01,307.0,CMH,ORD,-1.0,-4.0,0,0,296.0,0
2025.0,1.0,2025-01-01,1139.0,JAX,ORD,-3.0,-18.0,0,0,864.0,0
2025.0,1.0,2025-01-01,1559.0,SNA,EWR,18.0,8.0,0,0,2434.0,0
2025.0,1.0,2025-01-01,2609.0,ORD,SNA,2.0,33.0,0,0,1726.0,1
2025.0,1.0,2025-01-01,1001.0,ORD,PIT,-1.0,-12.0,0,0,413.0,0
2025.0,1.0,2025-01-01,1311.0,EWR,CLT,-4.0,-24.0,0,0,529.0,0
2025.0,1.0,2025-01-01,1361.0,CLT,IAD,-9.0,-24.0,0,0,322.0,0
2025.0,1.0,2025-01-01,1940.0,IAD,ATL,-6.0,3.0,0,0,534.0,0
2025.0,1.0,2025-01-01,516.0,ATL,ORD,-2.0,-21.0,0,0,606.0,0
2025.0,1.0,2025-01-01,1445.0,BOS,CLT,-6.0,-3.0,0,0,728.0,0
2025.0,1.0,2025-01-01,1576.0,CLT,LAX,72.0,78.0,0,0,2125.0,1
2025.0,1.0,2025-01-01,2556.0,SAT,CLT,-8.0,-18.0,0,0,1095.0,0
2025.0,1.0,2025-01-01,3215.0,CLT,BOS,-3.0,-34.0,0,0,728.0,0
2025.0,1.0,2025-01-01,1092.0,CLT,LAS,6.0,26.0,0,0,1916.0,1
2025.0,1.0,2025-01-01,3278.0,LAS,DFW,1.0,-23.0,0,0,1055.0,0
2025.0,1.0,2025-01-01,433.0,MSY,CLT,2.0,3.0,0,0,651.0,0
2025.0,1.0,2025-01-01,783.0,CLT,SJU,4.0,-12.0,0,0,1475.0,0
2025.0,1.0,2025-01-01,783.0,SJU,CLT,-6.0,-11.0,0,0,1475.0,0
2025.0,1.0,2025-01-01,4645.0,ORD,COS,-1.0,7.0,0,0,911.0,0
2025.0,1.0,2025-01-01,5353.0,DTW,ORD,-2.0,-10.0,0,0,235.0,0
2025.0,1.0,2025-01-01,5529.0,COS,ORD,-1.0,-29.0,0,0,911.0,0
2025.0,1.0,2025-01-01,5702.0,ORD,MCI,1.0,-14.0,0,0,403.0,0
2025.0,1.0,2025-01-01,1302.0,ONT,PHX,-10.0,-22.0,0,0,325.0,0
2025.0,1.0,2025-01-01,1302.0,PHX,ONT,-12.0,-16.0,0,0,325.0,0
2025.0,1.0,2025-01-01,3142.0,PHX,MSP,4.0,-1.0,0,0,1276.0,0
2025.0,1.0,2025-01-01,643.0,ONT,PHX,-13.0,-29.0,0,0,325.0,0
2025.0,1.0,2025-01-01,4657.0,COS,DEN,18.0,7.0,0,0,73.0,0
2025.0,1.0,2025-01-01,4676.0,DEN,LIT,6.0,15.0,0,0,771.0,1
2025.0,1.0,2025-01-01,4700.0,DSM,DEN,-5.0,-25.0,0,0,589.0,0
2025.0,1.0,2025-01-01,5577.0,DEN,COS,0.0,-8.0,0,0,73.0,0
2025.0,1.0,2025-01-01,5729.0,DEN,BOI,0.0,17.0,0,0,649.0,1
2025.0,1.0,2025-01-01,5830.0,BOI,DEN,7.0,21.0,0,0,649.0,1
2025.0,1.0,2025-01-01,2728.0,EWR,DFW,-3.0,-3.0,0,0,1372.0,0
2025.0,1.0,2025-01-01,884.0,DFW,LAS,7.0,2.0,0,0,1055.0,0
2025.0,1.0,2025-01-01,5328.0,ONT,SFO,-3.0,-8.0,0,0,363.0,0
2025.0,1.0,2025-01-01,5532.0,SFO,ABQ,-8.0,-28.0,0,0,896.0,0
2025.0,1.0,2025-01-01,5877.0,MCI,SFO,-7.0,7.0,0,0,1499.0,0
2025.0,1.0,2025-01-01,5976.0,SFO,MCI,-9.0,-20.0,0,0,1499.0,0
2025.0,1.0,2025-01-01,1104.0,DFW,BOI,-1.0,15.0,0,0,1272.0,1
2025.0,1.0,2025-01-01,1825.0,MEM,DFW,-6.0,-23.0,0,0,431.0,0
2025.0,1.0,2025-01-01,4706.0,IDA,DEN,-9.0,-21.0,0,0,458.0,0
2025.0,1.0,2025-01-01,4777.0,ORD,BNA,9.0,-12.0,0,0,409.0,0
2025.0,1.0,2025-01-01,5231.0,XNA,ORD,-5.0,-19.0,0,0,522.0,0
2025.0,1.0,2025-01-01,5267.0,DEN,XNA,2.0,14.0,0,0,616.0,0
2025.0,1.0,2025-01-01,1062.0,CLT,BDL,-5.0,-20.0,0,0,644.0,0
2025.0,1.0,2025-01-01,1707.0,CLT,DFW,-2.0,2.0,0,0,936.0,0
2025.0,1.0,2025-01-01,1955.0,DFW,SAN,-1.0,-12.0,0,0,1171.0,0
2025.0,1.0,2025-01-01,2293.0,SAN,CLT,5.0,-9.0,0,0,2077.0,0
2025.0,1.0,2025-01-01,2509.0,SFO,CLT,0.0,-40.0,0,0,2296.0,0
2025.0,1.0,2025-01-01,3230.0,CLT,SLC,-6.0,19.0,0,0,1727.0,1
2025.0,1.0,2025-01-01,508.0,SLC,CLT,-4.0,-41.0,0,0,1727.0,0
2025.0,1.0,2025-01-01,4718.0,ORD,DAY,4.0,23.0,0,0,240.0,1
2025.0,1.0,2025-01-01,5251.0,ORD,XNA,-7.0,-7.0,0,0,522.0,0
2025.0,1.0,2025-01-01,5386.0,BOI,ORD,-3.0,47.0,0,0,1437.0,1
2025.0,1.0,2025-01-01,5541.0,DAY,ORD,3.0,20.0,0,0,240.0,1
2025.0,1.0,2025-01-01,1333.0,FLL,PHL,1.0,-14.0,0,0,992.0,0
2025.0,1.0,2025-01-01,2076.0,MCO,DFW,1.0,-8.0,0,0,985.0,0
2025.0,1.0,2025-01-01,2141.0,PHL,MCO,-1.0,-12.0,0,0,861.0,0
2025.0,1.0,2025-01-01,446.0,DFW,SFO,-1.0,21.0,0,0,1464.0,1
2025.0,1.0,2025-01-01,5259.0,ORD,DTW,-2.0,-21.0,0,0,235.0,0
2025.0,1.0,2025-01-01,5560.0,SFO,TUS,0.0,-11.0,0,0,751.0,0
2025.0,1.0,2025-01-01,5630.0,EUG,SFO,-7.0,3.0,0,0,451.0,0
2025.0,1.0,2025-01-01,5642.0,TUS,ORD,-8.0,-30.0,0,0,1437.0,0
2025.0,1.0,2025-01-01,1925.0,CLT,JAX,-7.0,-2.0,0,0,328.0,0
2025.0,1.0,2025-01-01,1925.0,JAX,CLT,-1.0,-10.0,0,0,328.0,0
2025.0,1.0,2025-01-01,2303.0,DEN,CLT,19.0,15.0,0,0,1337.0,1
2025.0,1.0,2025-01-01,2419.0,CLT,AUS,-1.0,-6.0,0,0,1032.0,0
2025.0,1.0,2025-01-01,1704.0,DFW,CLT,-1.0,-42.0,0,0,936.0,0
2025.0,1.0,2025-01-01,2244.0,BNA,DFW,6.0,18.0,0,0,631.0,1
2025.0,1.0,2025-01-01,2244.0,DFW,BNA,-5.0,-19.0,0,0,631.0,0
2025.0,1.0,2025-01-01,653.0,PDX,DFW,-7.0,-33.0,0,0,1616.0,0
2025.0,1.0,2025-01-01,4639.0,ONT,SFO,-9.0,-10.0,0,0,363.0,0
2025.0,1.0,2025-01-01,5435.0,SFO,BOI,-8.0,-21.0,0,0,522.0,0
2025.0,1.0,2025-01-01,5571.0,ABQ,SFO,-10.0,-26.0,0,0,896.0,0
2025.0,1.0,2025-01-01,5700.0,DEN,FSD,-2.0,-7.0,0,0,483.0,0
2025.0,1.0,2025-01-01,5740.0,SFO,ONT,-5.0,-21.0,0,0,363.0,0
2025.0,1.0,2025-01-01,5989.0,BOI,DEN,-16.0,-1.0,0,0,649.0,0
2025.0,1.0,2025-01-01,1050.0,DFW,BHM,12.0,16.0,0,0,597.0,1
2025.0,1.0,2025-01-01,1123.0,DFW,SAN,-3.0,-10.0,0,0,1171.0,0
2025.0,1.0,2025-01-01,593.0,SAN,DFW,-7.0,-18.0,0,0,1171.0,0
2025.0,1.0,2025-01-01,701.0,BOS,DFW,-2.0,-8.0,0,0,1562.0,0
2025.0,1.0,2025-01-01,1264.0,DFW,PHL,-2.0,-24.0,0,0,1303.0,0
2025.0,1.0,2025-01-01,1650.0,MIA,PHL,-3.0,-21.0,0,0,1013.0,0
2025.0,1.0,2025-01-01,1650.0,PHL,MIA,-3.0,-19.0,0,0,1013.0,0
2025.0,1.0,2025-01-01,2249.0,PHL,SLC,13.0,13.0,0,0,1927.0,0
2025.0,1.0,2025-01-01,1283.0,CLT,DEN,-7.0,-3.0,0,0,1337.0,0
2025.0,1.0,2025-01-01,1766.0,PHX,SAN,-8.0,-7.0,0,0,304.0,0
2025.0,1.0,2025-01-01,2985.0,SAN,ORD,14.0,-1.0,0,0,1723.0,0
2025.0,1.0,2025-01-01,3075.0,AUS,CLT,-5.0,-23.0,0,0,1032.0,0
2025.0,1.0,2025-01-01,3151.0,DEN,PHX,-6.0,-20.0,0,0,602.0,0
2025.0,1.0,2025-01-01,1880.0,DFW,LAS,13.0,5.0,0,0,1055.0,0
2025.0,1.0,2025-01-01,994.0,TYS,DFW,4.0,-22.0,0,0,772.0,0
2025.0,1.0,2025-01-01,4672.0,DEN,BFL,-4.0,39.0,0,0,845.0,1
2025.0,1.0,2025-01-01,5714.0,BNA,ORD,-5.0,-17.0,0,0,409.0,0
2025.0,1.0,2025-01-01,1646.0,MIA,DFW,-5.0,-26.0,0,0,1121.0,0
2025.0,1.0,2025-01-01,2252.0,OKC,DFW,-2.0,-1.0,0,0,175.0,0
2025.0,1.0,2025-01-01,469.0,DFW,MIA,7.0,-20.0,0,0,1121.0,0
2025.0,1.0,2025-01-01,618.0,DFW,EWR,-3.0,-25.0,0,0,1372.0,0
2025.0,1.0,2025-01-01,1711.0,IAH,RDU,9.0,-5.0,0,0,1042.0,0
2025.0,1.0,2025-01-01,1030.0,IAH,RIC,64.0,46.0,0,0,1157.0,1
2025.0,1.0,2025-01-01,1704.0,RIC,IAH,257.0,265.0,0,0,1157.0,1
2025.0,1.0,2025-01-01,1581.0,ORD,EGE,-9.0,-21.0,0,0,1007.0,0
2025.0,1.0,2025-01-01,1297.0,PHL,DFW,0.0,17.0,0,0,1303.0,1
2025.0,1.0,2025-01-01,1671.0,DFW,PHL,-1.0,-34.0,0,0,1303.0,0
2025.0,1.0,2025-01-01,3294.0,PHL,LAS,-1.0,7.0,0,0,2176.0,0
2025.0,1.0,2025-01-01,5303.0,DEN,RAP,-10.0,-9.0,0,0,300.0,0
2025.0,1.0,2025-01-01,5462.0,DEN,MSO,20.0,25.0,0,0,679.0,1
2025.0,1.0,2025-01-01,5466.0,MSO,DEN,4.0,-21.0,0,0,679.0,0
2025.0,1.0,2025-01-01,5507.0,GSO,DEN,-6.0,2.0,0,0,1370.0,0
2025.0,1.0,2025-01-01,2005.0,DFW,LAX,-1.0,-11.0,0,0,1235.0,0
2025.0,1.0,2025-01-01,2108.0,DFW,PHX,65.0,54.0,0,0,868.0,1
2025.0,1.0,2025-01-01,453.0,LAX,DFW,3.0,-17.0,0,0,1235.0,0
2025.0,1.0,2025-01-01,1260.0,DFW,PHL,-6.0,-26.0,0,0,1303.0,0
2025.0,1.0,2025-01-01,2376.0,DFW,LAS,-7.0,-8.0,0,0,1055.0,0
2025.0,1.0,2025-01-01,2376.0,LAS,DFW,-2.0,-25.0,0,0,1055.0,0
2025.0,1.0,2025-01-01,3156.0,PHL,DFW,-3.0,-18.0,0,0,1303.0,0
2025.0,1.0,2025-01-01,509.0,DFW,SMF,4.0,34.0,0,0,1431.0,1
2025.0,1.0,2025-01-01,1116.0,IAD,SFO,4.0,9.0,0,0,2419.0,0
2025.0,1.0,2025-01-01,1425.0,DFW,BDL,3.0,-6.0,0,0,1471.0,0
2025.0,1.0,2025-01-01,1672.0,LAX,DFW,-2.0,-25.0,0,0,1235.0,0
2025.0,1.0,2025-01-01,880.0,MCO,LAX,1.0,-7.0,0,0,2218.0,0
2025.0,1.0,2025-01-01,348.0,ATL,PHX,-7.0,24.0,0,0,1587.0,1
2025.0,1.0,2025-01-01,348.0,PHX,ATL,2.0,-15.0,0,0,1587.0,0
2025.0,1.0,2025-01-01,636.0,JFK,HNL,-5.0,0.0,0,0,4983.0,0
2025.0,1.0,2025-01-01,979.0,LAX,JFK,33.0,9.0,0,0,2475.0,0
2025.0,1.0,2025-01-01,535.0,OGG,ATL,-5.0,-13.0,0,0,4431.0,0
2025.0,1.0,2025-01-01,623.0,SLC,OGG,-5.0,-5.0,0,0,2935.0,0
2025.0,1.0,2025-01-01,386.0,SLC,JFK,-1.0,-18.0,0,0,1990.0,0
2025.0,1.0,2025-01-01,1780.0,LAS,DFW,0.0,-15.0,0,0,1055.0,0
2025.0,1.0,2025-01-01,2209.0,DFW,IAH,-5.0,-10.0,0,0,224.0,0
2025.0,1.0,2025-01-01,5326.0,BUR,SFO,-10.0,-16.0,0,0,326.0,0
2025.0,1.0,2025-01-01,5504.0,BUR,SFO,-8.0,-36.0,0,0,326.0,0
2025.0,1.0,2025-01-01,5549.0,RDD,SFO,-14.0,-26.0,0,0,199.0,0
2025.0,1.0,2025-01-01,5661.0,SFO,BUR,-3.0,-8.0,0,0,326.0,0
2025.0,1.0,2025-01-01,5927.0,SFO,BUR,-5.0,-10.0,0,0,326.0,0
2025.0,1.0,2025-01-01,5937.0,SFO,SNA,-1.0,-4.0,0,0,372.0,0
2025.0,1.0,2025-01-01,5942.0,SNA,SFO,-7.0,-21.0,0,0,372.0,0
2025.0,1.0,2025-01-01,1692.0,PHL,DFW,-4.0,-5.0,0,0,1303.0,0
2025.0,1.0,2025-01-01,577.0,DFW,DEN,14.0,22.0,0,0,641.0,1
2025.0,1.0,2025-01-01,3648.0,DTW,SYR,35.0,44.0,0,0,374.0,1
2025.0,1.0,2025-01-01,3648.0,SYR,DTW,37.0,27.0,0,0,374.0,1
2025.0,1.0,2025-01-01,3666.0,ORD,DTW,-8.0,-4.0,0,0,235.0,0
2025.0,1.0,2025-01-01,3751.0,DTW,MBS,-2.0,14.0,0,0,98.0,0
2025.0,1.0,2025-01-01,3751.0,MBS,DTW,92.0,103.0,0,0,98.0,1
2025.0,1.0,2025-01-01,3946.0,DTW,BTV,-4.0,18.0,0,0,537.0,1
2025.0,1.0,2025-01-01,1605.0,DFW,RDU,12.0,-6.0,0,0,1061.0,0
2025.0,1.0,2025-01-01,2523.0,PHL,TPA,-4.0,-2.0,0,0,920.0,0
2025.0,1.0,2025-01-01,3108.0,CLT,DFW,-3.0,1.0,0,0,936.0,0
2025.0,1.0,2025-01-01,3129.0,TPA,CLT,-8.0,-24.0,0,0,507.0,0
2025.0,1.0,2025-01-01,1074.0,MCO,CLE,-7.0,-18.0,0,0,895.0,0
2025.0,1.0,2025-01-01,1186.0,CLE,TPA,-8.0,-6.0,0,0,927.0,0
2025.0,1.0,2025-01-01,2260.0,TPA,CLE,-10.0,-25.0,0,0,927.0,0
2025.0,1.0,2025-01-01,287.0,CLE,MCO,-4.0,6.0,0,0,895.0,0
2025.0,1.0,2025-01-01,1414.0,BOS,ORD,-2.0,-28.0,0,0,867.0,0
2025.0,1.0,2025-01-01,2465.0,ORD,JAX,-4.0,-9.0,0,0,864.0,0
2025.0,1.0,2025-01-01,457.0,JAX,ORD,6.0,-2.0,0,0,864.0,0
2025.0,1.0,2025-01-01,1856.0,SJU,DFW,1.0,1.0,0,0,2165.0,0
2025.0,1.0,2025-01-01,2009.0,DFW,SEA,-2.0,11.0,0,0,1660.0,0
2025.0,1.0,2025-01-01,2105.0,DFW,MCI,8.0,4.0,0,0,460.0,0
2025.0,1.0,2025-01-01,2105.0,MCI,DFW,-4.0,-24.0,0,0,460.0,0
2025.0,1.0,2025-01-01,3785.0,ATL,SBN,-3.0,-18.0,0,0,566.0,0
2025.0,1.0,2025-01-01,3785.0,SBN,ATL,-1.0,-9.0,0,0,566.0,0
2025.0,1.0,2025-01-01,4107.0,SBN,ATL,-5.0,-27.0,0,0,566.0,0
2025.0,1.0,2025-01-01,4117.0,ATL,FWA,-4.0,-2.0,0,0,508.0,0
2025.0,1.0,2025-01-01,4681.0,DEN,LEX,-2.0,-18.0,0,0,1086.0,0
2025.0,1.0,2025-01-01,5545.0,RAP,DEN,0.0,-16.0,0,0,300.0,0
2025.0,1.0,2025-01-01,5556.0,DEN,RAP,-5.0,-1.0,0,0,300.0,0
2025.0,1.0,2025-01-01,5561.0,PSP,DEN,-11.0,-18.0,0,0,776.0,0
2025.0,1.0,2025-01-01,2748.0,SEA,DFW,-3.0,-29.0,0,0,1660.0,0
2025.0,1.0,2025-01-01,2921.0,PHX,CLT,-4.0,-35.0,0,0,1773.0,0
2025.0,1.0,2025-01-01,3059.0,DFW,PHX,-2.0,-6.0,0,0,868.0,0
2025.0,1.0,2025-01-01,687.0,DFW,JAX,-4.0,-15.0,0,0,918.0,0
2025.0,1.0,2025-01-01,687.0,JAX,DFW,-8.0,-20.0,0,0,918.0,0
2025.0,1.0,2025-01-01,1695.0,CLT,DFW,8.0,4.0,0,0,936.0,0
2025.0,1.0,2025-01-01,2529.0,SFO,DFW,-7.0,-33.0,0,0,1464.0,0
2025.0,1.0,2025-01-01,3176.0,DFW,SFO,2.0,2.0,0,0,1464.0,0
2025.0,1.0,2025-01-01,575.0,DFW,CLT,-5.0,-18.0,0,0,936.0,0
2025.0,1.0,2025-01-01,826.0,DFW,PHX,0.0,-16.0,0,0,868.0,0
2025.0,1.0,2025-01-01,4716.0,HDN,LAX,-4.0,-15.0,0,0,763.0,0
2025.0,1.0,2025-01-01,4723.0,SAN,LAX,285.0,282.0,0,0,109.0,1
2025.0,1.0,2025-01-01,5335.0,MRY,LAX,-6.0,-9.0,0,0,266.0,0
2025.0,1.0,2025-01-01,5363.0,LAX,BOI,-5.0,-25.0,0,0,674.0,0
2025.0,1.0,2025-01-01,5475.0,LAX,HDN,0.0,-22.0,0,0,763.0,0
2025.0,1.0,2025-01-01,1279.0,DFW,SAT,-5.0,-23.0,0,0,247.0,0
2025.0,1.0,2025-01-01,1279.0,SAT,DFW,-1.0,-15.0,0,0,247.0,0
2025.0,1.0,2025-01-01,1544.0,SMF,DFW,-8.0,-27.0,0,0,1431.0,0
2025.0,1.0,2025-01-01,727.0,DFW,MCO,1.0,-13.0,0,0,985.0,0
2025.0,1.0,2025-01-01,4670.0,IAH,BNA,29.0,15.0,0,0,657.0,1
2025.0,1.0,2025-01-01,5399.0,IAH,ICT,25.0,28.0,0,0,542.0,1
2025.0,1.0,2025-01-01,5653.0,BNA,IAH,-5.0,-18.0,0,0,657.0,0
2025.0,1.0,2025-01-01,5698.0,OKC,IAH,12.0,2.0,0,0,395.0,0
2025.0,1.0,2025-01-01,2022.0,CLT,TPA,-5.0,-4.0,0,0,507.0,0
2025.0,1.0,2025-01-01,3112.0,PHX,MCO,7.0,-12.0,0,0,1849.0,0
2025.0,1.0,2025-01-01,3143.0,MSP,PHX,-2.0,-23.0,0,0,1276.0,0
2025.0,1.0,2025-01-01,520.0,MCO,CLT,0.0,-15.0,0,0,468.0,0
2025.0,1.0,2025-01-01,4764.0,GEG,SFO,-8.0,-26.0,0,0,733.0,0
2025.0,1.0,2025-01-01,5501.0,ORD,TUS,2.0,14.0,0,0,1437.0,0
2025.0,1.0,2025-01-01,5557.0,SFO,SBA,-7.0,-13.0,0,0,262.0,0
2025.0,1.0,2025-01-01,5583.0,TUS,SFO,4.0,-2.0,0,0,751.0,0
2025.0,1.0,2025-01-01,5682.0,SFO,GEG,6.0,-15.0,0,0,733.0,0
2025.0,1.0,2025-01-01,1097.0,RSW,CLT,-9.0,-23.0,0,0,600.0,0
2025.0,1.0,2025-01-01,1897.0,CLT,RDU,-6.0,-14.0,0,0,130.0,0
2025.0,1.0,2025-01-01,1897.0,RDU,CLT,-4.0,-21.0,0,0,130.0,0
2025.0,1.0,2025-01-01,459.0,CLT,DEN,-6.0,3.0,0,0,1337.0,0
2025.0,1.0,2025-01-01,4715.0,ECP,ORD,-3.0,-10.0,0,0,810.0,0
2025.0,1.0,2025-01-01,5383.0,ORD,ECP,-3.0,-1.0,0,0,810.0,0
2025.0,1.0,2025-01-01,5858.0,ORD,CAE,0.0,24.0,0,0,666.0,1
2025.0,1.0,2025-01-01,1383.0,IAH,SNA,-6.0,-17.0,0,0,1346.0,0
2025.0,1.0,2025-01-01,1477.0,IAH,SAT,10.0,8.0,0,0,191.0,0
2025.0,1.0,2025-01-01,543.0,SNA,IAH,-1.0,-17.0,0,0,1346.0,0
2025.0,1.0,2025-01-01,1269.0,EGE,ORD,13.0,12.0,0,0,1007.0,0
2025.0,1.0,2025-01-01,1752.0,IAH,EGE,-1.0,22.0,0,0,934.0,1
2025.0,1.0,2025-01-01,2113.0,ORD,ATL,0.0,-15.0,0,0,606.0,0
2025.0,1.0,2025-01-01,1599.0,ORD,PDX,-1.0,-5.0,0,0,1739.0,0
2025.0,1.0,2025-01-01,2199.0,PDX,ORD,-9.0,-36.0,0,0,1739.0,0
2025.0,1.0,2025-01-01,786.0,ICT,ORD,-3.0,22.0,0,0,588.0,1
2025.0,1.0,2025-01-01,1687.0,RNO,IAH,2.0,-12.0,0,0,1530.0,0
2025.0,1.0,2025-01-01,2194.0,IAH,PIT,9.0,-11.0,0,0,1117.0,0
2025.0,1.0,2025-01-01,2456.0,PIT,IAH,-5.0,6.0,0,0,1117.0,0
2025.0,1.0,2025-01-01,2168.0,EWR,CLE,0.0,0.0,0,0,404.0,0
2025.0,1.0,2025-01-01,1091.0,ELP,DFW,-8.0,-22.0,0,0,551.0,0
2025.0,1.0,2025-01-01,1421.0,DFW,PHX,-7.0,-24.0,0,0,868.0,0
2025.0,1.0,2025-01-01,1691.0,PHX,DFW,-5.0,-34.0,0,0,868.0,0
2025.0,1.0,2025-01-01,2512.0,DFW,TPA,22.0,8.0,0,0,929.0,0
2025.0,1.0,2025-01-01,2512.0,TPA,DFW,6.0,-2.0,0,0,929.0,0
2025.0,1.0,2025-01-01,2568.0,DFW,SAN,-5.0,-12.0,0,0,1171.0,0
2025.0,1.0,2025-01-01,5275.0,SFO,BUR,15.0,1.0,0,0,326.0,0
2025.0,1.0,2025-01-01,5449.0,RNO,SFO,4.0,-3.0,0,0,192.0,0
2025.0,1.0,2025-01-01,5509.0,SFO,OTH,-5.0,-15.0,0,0,412.0,0
2025.0,1.0,2025-01-01,5747.0,SFO,EUG,-8.0,15.0,0,0,451.0,1
2025.0,1.0,2025-01-01,5868.0,BUR,SFO,-6.0,-29.0,0,0,326.0,0
2025.0,1.0,2025-01-01,5967.0,OTH,SFO,-10.0,-22.0,0,0,412.0,0
2025.0,1.0,2025-01-01,5753.0,IAH,ICT,11.0,3.0,0,0,542.0,0
2025.0,1.0,2025-01-01,435.0,EWR,LAX,-3.0,-2.0,0,0,2454.0,0
2025.0,1.0,2025-01-01,218.0,HNL,ORD,1.0,-23.0,0,0,4243.0,0
2025.0,1.0,2025-01-01,219.0,ORD,HNL,-5.0,-27.0,0,0,4243.0,0
2025.0,1.0,2025-01-01,3312.0,LAS,LAX,42.0,15.0,0,0,236.0,1
2025.0,1.0,2025-01-01,3363.0,LAX,SJC,15.0,7.0,0,0,308.0,0
2025.0,1.0,2025-01-01,3375.0,SAN,SJC,-1.0,-10.0,0,0,417.0,0
2025.0,1.0,2025-01-01,3406.0,LAS,SAN,-5.0,-6.0,0,0,258.0,0
2025.0,1.0,2025-01-01,3406.0,SAN,LAS,-2.0,5.0,0,0,258.0,0
2025.0,1.0,2025-01-01,3459.0,SAN,SJC,-9.0,-14.0,0,0,417.0,0
2025.0,1.0,2025-01-01,3459.0,SJC,SAN,-12.0,-21.0,0,0,417.0,0
2025.0,1.0,2025-01-01,3498.0,SJC,SAN,-9.0,9.0,0,0,417.0,0
2025.0,1.0,2025-01-01,1429.0,FLL,DFW,-5.0,-20.0,0,0,1119.0,0
2025.0,1.0,2025-01-01,1676.0,DFW,LAX,-2.0,-17.0,0,0,1235.0,0
2025.0,1.0,2025-01-01,3185.0,LAX,DFW,-9.0,-30.0,0,0,1235.0,0
2025.0,1.0,2025-01-01,1349.0,EWR,EGE,-7.0,-22.0,0,0,1725.0,0
2025.0,1.0,2025-01-01,520.0,EGE,EWR,17.0,14.0,0,0,1725.0,0
2025.0,1.0,2025-01-01,1738.0,IAD,ORD,-7.0,-18.0,0,0,588.0,0
2025.0,1.0,2025-01-01,1783.0,LAX,BOS,3.0,-12.0,0,0,2611.0,0
2025.0,1.0,2025-01-01,2210.0,LAX,BOS,-4.0,-30.0,0,0,2611.0,0
2025.0,1.0,2025-01-01,333.0,BOS,LAX,-6.0,-19.0,0,0,2611.0,0
2025.0,1.0,2025-01-01,1213.0,ORD,EWR,-5.0,23.0,0,0,719.0,1
2025.0,1.0,2025-01-01,2164.0,EWR,ORD,12.0,-9.0,0,0,719.0,0
2025.0,1.0,2025-01-01,2191.0,EWR,LAX,-2.0,-7.0,0,0,2454.0,0
2025.0,1.0,2025-01-01,1213.0,EWR,MCO,-2.0,-3.0,0,0,937.0,0
2025.0,1.0,2025-01-01,1536.0,DEN,EWR,-2.0,-28.0,0,0,1605.0,0
2025.0,1.0,2025-01-01,3308.0,HDN,SAN,26.0,23.0,0,0,769.0,1
2025.0,1.0,2025-01-01,3308.0,SAN,HDN,20.0,27.0,0,0,769.0,1
2025.0,1.0,2025-01-01,3342.0,LAS,SAN,0.0,20.0,0,0,258.0,1
2025.0,1.0,2025-01-01,3349.0,SAN,SMF,-8.0,-19.0,0,0,480.0,0
2025.0,1.0,2025-01-01,1168.0,DEN,DFW,88.0,67.0,0,0,641.0,1
2025.0,1.0,2025-01-01,1168.0,DFW,DEN,86.0,91.0,0,0,641.0,1
2025.0,1.0,2025-01-01,2403.0,ATL,DFW,-4.0,-10.0,0,0,731.0,0
2025.0,1.0,2025-01-01,2403.0,DFW,ATL,6.0,-1.0,0,0,731.0,0
2025.0,1.0,2025-01-01,2681.0,CLT,DFW,-7.0,-8.0,0,0,936.0,0
2025.0,1.0,2025-01-01,1181.0,MIA,IAH,12.0,-11.0,0,0,964.0,0
2025.0,1.0,2025-01-01,2090.0,ORD,MIA,-13.0,-6.0,0,0,1197.0,0
2025.0,1.0,2025-01-01,1342.0,SFO,SNA,-7.0,-17.0,0,0,372.0,0
2025.0,1.0,2025-01-01,1871.0,PHX,SFO,-9.0,-15.0,0,0,651.0,0
2025.0,1.0,2025-01-01,351.0,SFO,DEN,-2.0,-24.0,0,0,967.0,0
2025.0,1.0,2025-01-01,709.0,DEN,BWI,10.0,3.0,0,0,1491.0,0
2025.0,1.0,2025-01-01,310.0,DEN,BNA,17.0,-6.0,0,0,1014.0,0
2025.0,1.0,2025-01-01,639.0,SAT,DEN,-11.0,-9.0,0,0,794.0,0
2025.0,1.0,2025-01-01,1534.0,EWR,MCO,92.0,111.0,0,0,937.0,1
2025.0,1.0,2025-01-01,1979.0,EWR,TPA,-7.0,6.0,0,0,997.0,0
2025.0,1.0,2025-01-01,2619.0,TPA,DEN,6.0,-2.0,0,0,1506.0,0
2025.0,1.0,2025-01-01,1744.0,LAX,CLE,-8.0,-26.0,0,0,2052.0,0
2025.0,1.0,2025-01-01,679.0,CLE,LAX,-1.0,4.0,0,0,2052.0,0
2025.0,1.0,2025-01-01,1273.0,SFO,OGG,0.0,-28.0,0,0,2338.0,0
2025.0,1.0,2025-01-01,1274.0,OGG,SFO,-4.0,-35.0,0,0,2338.0,0
2025.0,1.0,2025-01-01,2153.0,CLE,SFO,-6.0,9.0,0,0,2161.0,0
2025.0,1.0,2025-01-01,1530.0,STT,EWR,-8.0,1.0,0,0,1634.0,0
2025.0,1.0,2025-01-01,2176.0,ORD,STT,-5.0,-22.0,0,0,2116.0,0
2025.0,1.0,2025-01-01,596.0,EWR,MSN,-10.0,3.0,0,0,799.0,0
2025.0,1.0,2025-01-01,630.0,ORD,DSM,-7.0,-20.0,0,0,299.0,0
2025.0,1.0,2025-01-01,661.0,EWR,ORD,-10.0,-10.0,0,0,719.0,0
2025.0,1.0,2025-01-01,598.0,PHX,DEN,-1.0,4.0,0,0,602.0,0
2025.0,1.0,2025-01-01,1827.0,SAN,EWR,55.0,26.0,0,0,2425.0,1
2025.0,1.0,2025-01-01,1991.0,EWR,IAH,-7.0,13.0,0,0,1400.0,0
2025.0,1.0,2025-01-01,2407.0,IAH,ABQ,69.0,55.0,0,0,744.0,1
2025.0,1.0,2025-01-01,2261.0,FLL,IAH,1.0,-15.0,0,0,966.0,0
2025.0,1.0,2025-01-01,773.0,DEN,BNA,17.0,1.0,0,0,1014.0,0
2025.0,1.0,2025-01-01,1702.0,SFO,LAS,-6.0,-11.0,0,0,414.0,0
2025.0,1.0,2025-01-01,2019.0,SFO,SEA,-8.0,-14.0,0,0,679.0,0
2025.0,1.0,2025-01-01,2047.0,LAS,SFO,-1.0,-8.0,0,0,414.0,0
2025.0,1.0,2025-01-01,2121.0,PHL,SFO,-2.0,-12.0,0,0,2521.0,0
2025.0,1.0,2025-01-01,341.0,SEA,EWR,-3.0,-37.0,0,0,2402.0,0
2025.0,1.0,2025-01-01,363.0,SFO,JFK,-5.0,-31.0,0,0,2586.0,0
2025.0,1.0,2025-01-01,668.0,JFK,SFO,-3.0,-24.0,0,0,2586.0,0
2025.0,1.0,2025-01-01,381.0,SEA,CLT,-6.0,-42.0,0,0,2279.0,0
2025.0,1.0,2025-01-01,506.0,CLT,SEA,-3.0,4.0,0,0,2279.0,0
2025.0,1.0,2025-01-01,2468.0,EWR,MSY,-4.0,-5.0,0,0,1167.0,0
2025.0,1.0,2025-01-01,2469.0,MSY,IAH,-5.0,-9.0,0,0,305.0,0
2025.0,1.0,2025-01-01,544.0,IAH,CLE,5.0,1.0,0,0,1091.0,0
2025.0,1.0,2025-01-01,1117.0,FLL,SFO,0.0,5.0,0,0,2584.0,0
2025.0,1.0,2025-01-01,262.0,SLC,DEN,-5.0,-17.0,0,0,391.0,0
2025.0,1.0,2025-01-01,402.0,DEN,MSY,1.0,-18.0,0,0,1062.0,0
2025.0,1.0,2025-01-01,778.0,SFO,SLC,-8.0,-25.0,0,0,599.0,0
2025.0,1.0,2025-01-01,2228.0,IAH,TPA,-2.0,-15.0,0,0,787.0,0
2025.0,1.0,2025-01-01,2277.0,TPA,SFO,-2.0,-7.0,0,0,2393.0,0
2025.0,1.0,2025-01-01,1894.0,IAH,FLL,-2.0,-20.0,0,0,966.0,0
2025.0,1.0,2025-01-01,462.0,ABQ,IAH,-2.0,-16.0,0,0,744.0,0
2025.0,1.0,2025-01-01,2206.0,EWR,IAH,-7.0,-12.0,0,0,1400.0,0
2025.0,1.0,2025-01-01,1798.0,IAH,PHX,-7.0,-10.0,0,0,1009.0,0
2025.0,1.0,2025-01-01,2057.0,PHX,EWR,3.0,-9.0,0,0,2133.0,0
2025.0,1.0,2025-01-01,1830.0,MIA,ORD,-3.0,12.0,0,0,1197.0,0
2025.0,1.0,2025-01-01,2091.0,ORD,EWR,-1.0,-6.0,0,0,719.0,0
2025.0,1.0,2025-01-01,1199.0,DEN,IND,9.0,-8.0,0,0,977.0,0
2025.0,1.0,2025-01-01,1330.0,EWR,SEA,-1.0,-42.0,0,0,2402.0,0
2025.0,1.0,2025-01-01,1356.0,SEA,DEN,-6.0,-33.0,0,0,1024.0,0
2025.0,1.0,2025-01-01,1228.0,LIH,LAX,-2.0,-21.0,0,0,2615.0,0
2025.0,1.0,2025-01-01,1229.0,LAX,LIH,7.0,-31.0,0,0,2615.0,0
2025.0,1.0,2025-01-01,1331.0,EWR,SLC,7.0,35.0,0,0,1969.0,1
2025.0,1.0,2025-01-01,1445.0,STT,IAD,-14.0,-19.0,0,0,1606.0,0
2025.0,1.0,2025-01-01,1529.0,EWR,STT,-10.0,-26.0,0,0,1634.0,0
2025.0,1.0,2025-01-01,2398.0,IAD,EWR,38.0,34.0,0,0,212.0,1
2025.0,1.0,2025-01-01,1352.0,BZN,EWR,-6.0,-27.0,0,0,1882.0,0
2025.0,1.0,2025-01-01,2161.0,EWR,CLT,-6.0,19.0,0,0,529.0,1
2025.0,1.0,2025-01-01,2854.0,EWR,BZN,-2.0,-16.0,0,0,1882.0,0
2025.0,1.0,2025-01-01,1218.0,EWR,FLL,-6.0,-19.0,0,0,1065.0,0
2025.0,1.0,2025-01-01,1613.0,EWR,MCO,-8.0,-17.0,0,0,937.0,0
2025.0,1.0,2025-01-01,1768.0,MCO,EWR,-8.0,-14.0,0,0,937.0,0
2025.0,1.0,2025-01-01,1023.0,ORD,DCA,-2.0,-15.0,0,0,612.0,0
2025.0,1.0,2025-01-01,1370.0,SFO,TPA,-8.0,-16.0,0,0,2393.0,0
2025.0,1.0,2025-01-01,2335.0,TPA,ORD,-7.0,-27.0,0,0,1012.0,0
2025.0,1.0,2025-01-01,1637.0,RDU,ORD,-3.0,-18.0,0,0,646.0,0
2025.0,1.0,2025-01-01,2186.0,SLC,IAH,-2.0,-13.0,0,0,1195.0,0
2025.0,1.0,2025-01-01,2621.0,IAH,AUS,-9.0,-6.0,0,0,140.0,0
2025.0,1.0,2025-01-01,2668.0,ORD,SLC,-10.0,-15.0,0,0,1250.0,0
2025.0,1.0,2025-01-01,1866.0,FLL,EWR,-11.0,-27.0,0,0,1065.0,0
2025.0,1.0,2025-01-01,2008.0,EWR,FLL,-7.0,-26.0,0,0,1065.0,0
2025.0,1.0,2025-01-01,1643.0,MIA,IAD,-2.0,-2.0,0,0,921.0,0
2025.0,1.0,2025-01-01,2175.0,IAD,FLL,-2.0,4.0,0,0,901.0,0
2025.0,1.0,2025-01-01,673.0,EWR,PWM,-2.0,-7.0,0,0,284.0,0
2025.0,1.0,2025-01-01,776.0,FLL,EWR,9.0,-5.0,0,0,1065.0,0
2025.0,1.0,2025-01-01,1084.0,SFO,FLL,1.0,8.0,0,0,2584.0,0
2025.0,1.0,2025-01-01,1164.0,PDX,SFO,-5.0,-27.0,0,0,550.0,0
2025.0,1.0,2025-01-01,2218.0,PHL,SFO,-7.0,-22.0,0,0,2521.0,0
2025.0,1.0,2025-01-01,706.0,SFO,PHL,-4.0,-28.0,0,0,2521.0,0
2025.0,1.0,2025-01-01,1231.0,MIA,EWR,8.0,5.0,0,0,1085.0,0
2025.0,1.0,2025-01-01,1357.0,EWR,MIA,-10.0,26.0,0,0,1085.0,1
2025.0,1.0,2025-01-01,1364.0,EWR,FLL,-7.0,-20.0,0,0,1065.0,0
2025.0,1.0,2025-01-01,2233.0,FLL,EWR,-5.0,-30.0,0,0,1065.0,0
2025.0,1.0,2025-01-01,1747.0,CLT,EWR,-6.0,-12.0,0,0,529.0,0
2025.0,1.0,2025-01-01,1946.0,SNA,ORD,-10.0,-20.0,0,0,1726.0,0
2025.0,1.0,2025-01-01,2363.0,EWR,CHS,-7.0,10.0,0,0,628.0,0
2025.0,1.0,2025-01-01,2635.0,ORD,CLT,-1.0,3.0,0,0,599.0,0
2025.0,1.0,2025-01-01,1678.0,SFO,DCA,-7.0,-35.0,0,0,2442.0,0
2025.0,1.0,2025-01-01,698.0,DCA,SFO,-6.0,-16.0,0,0,2442.0,0
2025.0,1.0,2025-01-01,1125.0,DEN,BOI,2.0,18.0,0,0,649.0,1
2025.0,1.0,2025-01-01,1356.0,DEN,MIA,36.0,7.0,0,0,1709.0,0
2025.0,1.0,2025-01-01,1424.0,FLL,DEN,1.0,-2.0,0,0,1703.0,0
2025.0,1.0,2025-01-01,2173.0,BOI,DEN,45.0,42.0,0,0,649.0,1
2025.0,1.0,2025-01-01,1769.0,RDU,SFO,248.0,245.0,0,0,2400.0,1
2025.0,1.0,2025-01-01,2075.0,SNA,ORD,-8.0,-31.0,0,0,1726.0,0
2025.0,1.0,2025-01-01,2424.0,ORD,RDU,20.0,-1.0,0,0,646.0,0
2025.0,1.0,2025-01-01,2666.0,DEN,SNA,-8.0,-16.0,0,0,846.0,0
2025.0,1.0,2025-01-01,1254.0,ORD,CVG,-1.0,-20.0,0,0,264.0,0
2025.0,1.0,2025-01-01,1320.0,DEN,SNA,11.0,6.0,0,0,846.0,0
2025.0,1.0,2025-01-01,1641.0,SNA,ORD,0.0,-6.0,0,0,1726.0,0
2025.0,1.0,2025-01-01,1690.0,CLE,DEN,-4.0,0.0,0,0,1201.0,0
2025.0,1.0,2025-01-01,2048.0,EWR,PBI,-5.0,28.0,0,0,1023.0,1
2025.0,1.0,2025-01-01,2185.0,MFR,DEN,-1.0,-22.0,0,0,964.0,0
2025.0,1.0,2025-01-01,2496.0,PBI,EWR,91.0,89.0,0,0,1023.0,1
2025.0,1.0,2025-01-01,2645.0,EWR,FLL,69.0,79.0,0,0,1065.0,1
2025.0,1.0,2025-01-01,487.0,DEN,PBI,-1.0,-11.0,0,0,1679.0,0
2025.0,1.0,2025-01-01,1001.0,BTV,ORD,6.0,-27.0,0,0,763.0,0
2025.0,1.0,2025-01-01,1363.0,DSM,ORD,-4.0,-15.0,0,0,299.0,0
2025.0,1.0,2025-01-01,396.0,ORD,RSW,-4.0,-19.0,0,0,1120.0,0
2025.0,1.0,2025-01-01,786.0,ORD,BTV,4.0,9.0,0,0,763.0,0
2025.0,1.0,2025-01-01,1761.0,SFO,CLE,61.0,26.0,0,0,2161.0,1
2025.0,1.0,2025-01-01,1410.0,FLL,IAH,34.0,21.0,0,0,966.0,1
2025.0,1.0,2025-01-01,2078.0,IAH,PHX,16.0,-1.0,0,0,1009.0,0
2025.0,1.0,2025-01-01,796.0,IAH,FLL,15.0,19.0,0,0,966.0,1
2025.0,1.0,2025-01-01,1340.0,RDU,EWR,-9.0,-24.0,0,0,416.0,0
2025.0,1.0,2025-01-01,1797.0,EWR,RDU,-3.0,-13.0,0,0,416.0,0
2025.0,1.0,2025-01-01,1850.0,EWR,FLL,-4.0,15.0,0,0,1065.0,1
2025.0,1.0,2025-01-01,1872.0,FLL,EWR,11.0,0.0,0,0,1065.0,0
2025.0,1.0,2025-01-01,2607.0,MCO,EWR,22.0,-1.0,0,0,937.0,0
2025.0,1.0,2025-01-01,617.0,ORD,TVC,36.0,25.0,0,0,224.0,1
2025.0,1.0,2025-01-01,1371.0,STL,IAH,-9.0,-17.0,0,0,667.0,0
2025.0,1.0,2025-01-01,2080.0,IAH,EWR,-6.0,-31.0,0,0,1400.0,0
2025.0,1.0,2025-01-01,659.0,EWR,LAS,-3.0,-12.0,0,0,2227.0,0
2025.0,1.0,2025-01-01,2158.0,FLL,SFO,56.0,74.0,0,0,2584.0,1
2025.0,1.0,2025-01-01,2188.0,DEN,FLL,10.0,3.0,0,0,1703.0,0
2025.0,1.0,2025-01-01,2448.0,LAS,DEN,3.0,4.0,0,0,628.0,0
2025.0,1.0,2025-01-01,368.0,ATL,OGG,-5.0,-2.0,0,0,4431.0,0
2025.0,1.0,2025-01-01,397.0,OGG,SLC,-9.0,-4.0,0,0,2935.0,0
2025.0,1.0,2025-01-01,3325.0,STS,LAS,13.0,5.0,0,0,454.0,0
2025.0,1.0,2025-01-01,3377.0,LAS,SBP,3.0,-6.0,0,0,314.0,0
2025.0,1.0,2025-01-01,3438.0,SJC,LAX,193.0,185.0,0,0,308.0,1
2025.0,1.0,2025-01-01,3463.0,LAX,STS,35.0,20.0,0,0,400.0,1
2025.0,1.0,2025-01-01,1882.0,CLT,RIC,-4.0,-10.0,0,0,257.0,0
2025.0,1.0,2025-01-01,2241.0,RSW,CLT,-9.0,-22.0,0,0,600.0,0
2025.0,1.0,2025-01-01,2867.0,ATL,SFO,32.0,64.0,0,0,2139.0,1
2025.0,1.0,2025-01-01,785.0,SFO,ATL,43.0,17.0,0,0,2139.0,1
2025.0,1.0,2025-01-01,782.0,LAX,ATL,7.0,-12.0,0,0,1947.0,0
2025.0,1.0,2025-01-01,3323.0,PDX,RNO,-10.0,-11.0,0,0,444.0,0
2025.0,1.0,2025-01-01,3323.0,RNO,PDX,-4.0,1.0,0,0,444.0,0
2025.0,1.0,2025-01-01,3385.0,PDX,BOI,-4.0,-13.0,0,0,344.0,0
2025.0,1.0,2025-01-01,3416.0,LAX,RNO,63.0,60.0,0,0,391.0,1
2025.0,1.0,2025-01-01,3467.0,BOI,LAX,-2.0,45.0,0,0,674.0,1
2025.0,1.0,2025-01-01,1067.0,DEN,DFW,54.0,82.0,0,0,641.0,1
2025.0,1.0,2025-01-01,1207.0,DFW,TUS,-3.0,-11.0,0,0,813.0,0
2025.0,1.0,2025-01-01,1938.0,DFW,LAS,12.0,10.0,0,0,1055.0,0
2025.0,1.0,2025-01-01,1938.0,LAS,DFW,14.0,-1.0,0,0,1055.0,0
2025.0,1.0,2025-01-01,2280.0,EWR,TPA,-7.0,-1.0,0,0,997.0,0
2025.0,1.0,2025-01-01,2280.0,SEA,EWR,-6.0,-12.0,0,0,2402.0,0
2025.0,1.0,2025-01-01,1041.0,IAH,SFO,3.0,-5.0,0,0,1635.0,0
2025.0,1.0,2025-01-01,1247.0,PDX,SFO,-6.0,-21.0,0,0,550.0,0
2025.0,1.0,2025-01-01,1335.0,SFO,PDX,5.0,-6.0,0,0,550.0,0
2025.0,1.0,2025-01-01,1691.0,SFO,DEN,-3.0,-4.0,0,0,967.0,0
2025.0,1.0,2025-01-01,475.0,DEN,IAH,-1.0,-17.0,0,0,862.0,0
2025.0,1.0,2025-01-01,1325.0,DEN,PDX,-2.0,8.0,0,0,991.0,0
2025.0,1.0,2025-01-01,1490.0,PDX,ORD,-6.0,-34.0,0,0,1739.0,0
2025.0,1.0,2025-01-01,398.0,CLE,ORD,-1.0,-2.0,0,0,316.0,0
2025.0,1.0,2025-01-01,1288.0,OGG,SFO,-3.0,-27.0,0,0,2338.0,0
2025.0,1.0,2025-01-01,2416.0,SFO,RDU,-6.0,-22.0,0,0,2400.0,0
2025.0,1.0,2025-01-01,2623.0,SFO,OGG,-10.0,-21.0,0,0,2338.0,0
2025.0,1.0,2025-01-01,1144.0,TPA,EWR,-2.0,-24.0,0,0,997.0,0
2025.0,1.0,2025-01-01,1369.0,SFO,MIA,8.0,-6.0,0,0,2585.0,0
2025.0,1.0,2025-01-01,1893.0,IAH,DEN,1.0,30.0,0,0,862.0,1
2025.0,1.0,2025-01-01,2270.0,SAN,DEN,-8.0,0.0,0,0,853.0,0
2025.0,1.0,2025-01-01,427.0,SAN,EWR,-8.0,-32.0,0,0,2425.0,0
2025.0,1.0,2025-01-01,540.0,DEN,SAN,16.0,6.0,0,0,853.0,0
2025.0,1.0,2025-01-01,738.0,DEN,IAH,-6.0,-18.0,0,0,862.0,0
2025.0,1.0,2025-01-01,1339.0,DEN,SJU,7.0,3.0,0,0,2733.0,0
2025.0,1.0,2025-01-01,1339.0,LAX,DEN,-6.0,-3.0,0,0,862.0,0
2025.0,1.0,2025-01-01,2036.0,SJU,EWR,4.0,-11.0,0,0,1608.0,0
2025.0,1.0,2025-01-01,670.0,SFO,JFK,0.0,-8.0,0,0,2586.0,0
2025.0,1.0,2025-01-01,679.0,JFK,SFO,9.0,-5.0,0,0,2586.0,0
2025.0,1.0,2025-01-01,382.0,HNL,SLC,-7.0,-27.0,0,0,2994.0,0
2025.0,1.0,2025-01-01,382.0,SLC,HNL,-7.0,-8.0,0,0,2994.0,0
2025.0,1.0,2025-01-01,3320.0,PSP,PDX,-6.0,-10.0,0,0,873.0,0
2025.0,1.0,2025-01-01,3341.0,PDX,PSP,-8.0,-27.0,0,0,873.0,0
2025.0,1.0,2025-01-01,3344.0,PDX,SBP,-9.0,-11.0,0,0,722.0,0
2025.0,1.0,2025-01-01,3344.0,SBP,PDX,-12.0,-21.0,0,0,722.0,0
2025.0,1.0,2025-01-01,2366.0,SAN,DFW,-4.0,-19.0,0,0,1171.0,0
2025.0,1.0,2025-01-01,2950.0,CLT,IND,-4.0,-7.0,0,0,427.0,0
2025.0,1.0,2025-01-01,986.0,DFW,CLT,-3.0,-20.0,0,0,936.0,0
2025.0,1.0,2025-01-01,1821.0,IAH,DTW,10.0,5.0,0,0,1075.0,0
2025.0,1.0,2025-01-01,1949.0,IAH,DFW,12.0,0.0,0,0,224.0,0
2025.0,1.0,2025-01-01,1957.0,DTW,IAH,10.0,39.0,0,0,1075.0,1
2025.0,1.0,2025-01-01,1017.0,EGE,IAH,27.0,6.0,0,0,934.0,0
2025.0,1.0,2025-01-01,1224.0,IAH,EGE,10.0,30.0,0,0,934.0,1
2025.0,1.0,2025-01-01,1407.0,IAH,DFW,6.0,22.0,0,0,224.0,1
2025.0,1.0,2025-01-01,1888.0,IAH,GSP,-1.0,-10.0,0,0,837.0,0
2025.0,1.0,2025-01-01,1966.0,AUS,IAH,-3.0,-24.0,0,0,140.0,0
2025.0,1.0,2025-01-01,2675.0,DFW,IAH,22.0,11.0,0,0,224.0,0
2025.0,1.0,2025-01-01,680.0,JFK,SFO,-5.0,-23.0,0,0,2586.0,0
2025.0,1.0,2025-01-01,3307.0,SEA,PDX,1.0,0.0,0,0,129.0,0
2025.0,1.0,2025-01-01,3389.0,SLC,SEA,-2.0,-14.0,0,0,689.0,0
2025.0,1.0,2025-01-01,3485.0,RDM,SEA,-5.0,1.0,0,0,228.0,0
2025.0,1.0,2025-01-01,3485.0,SEA,RDM,-5.0,-9.0,0,0,228.0,0
2025.0,1.0,2025-01-01,1018.0,PHX,DFW,-3.0,-5.0,0,0,868.0,0
2025.0,1.0,2025-01-01,2496.0,DFW,PDX,-1.0,28.0,0,0,1616.0,1
2025.0,1.0,2025-01-01,2496.0,PDX,DFW,29.0,8.0,0,0,1616.0,0
2025.0,1.0,2025-01-01,3165.0,DFW,ONT,31.0,15.0,0,0,1188.0,1
2025.0,1.0,2025-01-01,1846.0,MEM,CLT,-8.0,-16.0,0,0,511.0,0
2025.0,1.0,2025-01-01,2486.0,CLT,STL,19.0,23.0,0,0,575.0,1
2025.0,1.0,2025-01-01,2486.0,STL,CLT,19.0,0.0,0,0,575.0,0
2025.0,1.0,2025-01-01,2561.0,CLT,VPS,-9.0,-18.0,0,0,460.0,0
2025.0,1.0,2025-01-01,2561.0,VPS,CLT,0.0,5.0,0,0,460.0,0
2025.0,1.0,2025-01-01,383.0,SFO,JFK,-9.0,-18.0,0,0,2586.0,0
2025.0,1.0,2025-01-01,422.0,HNL,LAX,-9.0,-24.0,0,0,2556.0,0
2025.0,1.0,2025-01-01,3315.0,STS,SEA,-1.0,-16.0,0,0,618.0,0
2025.0,1.0,2025-01-01,3393.0,SEA,STS,-4.0,-25.0,0,0,618.0,0
2025.0,1.0,2025-01-01,3419.0,SEA,BLI,-11.0,-20.0,0,0,93.0,0
2025.0,1.0,2025-01-01,3486.0,EGE,SEA,54.0,65.0,0,0,940.0,1
2025.0,1.0,2025-01-01,3486.0,SEA,EGE,-12.0,-21.0,0,0,940.0,0
2025.0,1.0,2025-01-01,2523.0,TPA,PHL,21.0,5.0,0,0,920.0,0
2025.0,1.0,2025-01-01,3161.0,PHL,PHX,18.0,27.0,0,0,2075.0,1
2025.0,1.0,2025-01-01,1973.0,EWR,IAH,8.0,9.0,0,0,1400.0,0
2025.0,1.0,2025-01-01,405.0,SFO,JFK,-1.0,-35.0,0,0,2586.0,0
2025.0,1.0,2025-01-01,670.0,JFK,SFO,-1.0,-11.0,0,0,2586.0,0
2025.0,1.0,2025-01-01,3317.0,PSC,SEA,-2.0,-4.0,0,0,172.0,0
2025.0,1.0,2025-01-01,3317.0,SEA,PSC,-4.0,-5.0,0,0,172.0,0
2025.0,1.0,2025-01-01,3343.0,SEA,FAT,-5.0,-12.0,0,0,748.0,0
2025.0,1.0,2025-01-01,3345.0,FAT,SEA,4.0,-9.0,0,0,748.0,0
2025.0,1.0,2025-01-01,1166.0,CLT,MCO,-5.0,-7.0,0,0,468.0,0
2025.0,1.0,2025-01-01,1166.0,MCO,CLT,12.0,2.0,0,0,468.0,0
2025.0,1.0,2025-01-01,1615.0,CLT,JAX,-5.0,-11.0,0,0,328.0,0
2025.0,1.0,2025-01-01,2273.0,OKC,CLT,-8.0,-3.0,0,0,940.0,0
2025.0,1.0,2025-01-01,3036.0,HNL,SAN,4.0,-5.0,0,0,2614.0,0
2025.0,1.0,2025-01-01,808.0,OAK,HNL,8.0,-21.0,0,0,2409.0,0
2025.0,1.0,2025-01-01,3543.0,STL,RSW,4.0,-6.0,0,0,979.0,0
2025.0,1.0,2025-01-01,3967.0,MCI,STL,18.0,10.0,0,0,237.0,0
2025.0,1.0,2025-01-01,3974.0,LGB,LAS,-1.0,-7.0,0,0,231.0,0
2025.0,1.0,2025-01-01,671.0,LAS,MCI,-1.0,30.0,0,0,1139.0,1
2025.0,1.0,2025-01-01,1171.0,IND,ATL,-4.0,-19.0,0,0,432.0,0
2025.0,1.0,2025-01-01,1555.0,ATL,AUS,-5.0,-7.0,0,0,813.0,0
2025.0,1.0,2025-01-01,251.0,AUS,LAS,0.0,-5.0,0,0,1090.0,0
2025.0,1.0,2025-01-01,2648.0,LAS,LGB,8.0,-9.0,0,0,231.0,0
2025.0,1.0,2025-01-01,2918.0,LGB,PHX,0.0,-11.0,0,0,355.0,0
2025.0,1.0,2025-01-01,4586.0,PHX,MCI,-3.0,-14.0,0,0,1044.0,0
2025.0,1.0,2025-01-01,1120.0,AUS,LAS,-6.0,-14.0,0,0,1090.0,0
2025.0,1.0,2025-01-01,1412.0,LAS,COS,-4.0,0.0,0,0,604.0,0
2025.0,1.0,2025-01-01,1740.0,TPA,AUS,7.0,-8.0,0,0,928.0,0
2025.0,1.0,2025-01-01,3964.0,COS,DEN,12.0,8.0,0,0,73.0,0
2025.0,1.0,2025-01-01,979.0,DEN,ATL,28.0,10.0,0,0,1199.0,0
2025.0,1.0,2025-01-01,1279.0,LAS,CMH,-2.0,-20.0,0,0,1771.0,0
2025.0,1.0,2025-01-01,1352.0,MDW,OKC,13.0,9.0,0,0,691.0,0
2025.0,1.0,2025-01-01,1495.0,ALB,MDW,-7.0,-13.0,0,0,717.0,0
2025.0,1.0,2025-01-01,3580.0,DEN,LAS,15.0,2.0,0,0,628.0,0
2025.0,1.0,2025-01-01,3625.0,OKC,DEN,5.0,6.0,0,0,495.0,0
2025.0,1.0,2025-01-01,2839.0,AUS,FLL,13.0,11.0,0,0,1105.0,0
2025.0,1.0,2025-01-01,3584.0,LAS,AUS,17.0,8.0,0,0,1090.0,0
2025.0,1.0,2025-01-01,3867.0,FLL,DCA,17.0,-6.0,0,0,899.0,0
2025.0,1.0,2025-01-01,1156.0,KOA,HNL,-6.0,-10.0,0,0,163.0,0
2025.0,1.0,2025-01-01,1666.0,OAK,OGG,-6.0,-30.0,0,0,2349.0,0
2025.0,1.0,2025-01-01,212.0,LAX,OAK,-3.0,-16.0,0,0,337.0,0
2025.0,1.0,2025-01-01,2919.0,OGG,HNL,3.0,-1.0,0,0,100.0,0
2025.0,1.0,2025-01-01,3299.0,HNL,KOA,3.0,-8.0,0,0,163.0,0
2025.0,1.0,2025-01-01,1586.0,OGG,OAK,-5.0,-17.0,0,0,2349.0,0
2025.0,1.0,2025-01-01,2758.0,OAK,LAS,170.0,161.0,0,0,407.0,1
2025.0,1.0,2025-01-01,1529.0,CLT,LAS,0.0,19.0,0,0,1916.0,1
2025.0,1.0,2025-01-01,3213.0,SAN,CLT,-2.0,-22.0,0,0,2077.0,0
2025.0,1.0,2025-01-01,1065.0,SJC,HNL,-5.0,-31.0,0,0,2417.0,0
2025.0,1.0,2025-01-01,2419.0,HNL,LAX,-5.0,-20.0,0,0,2556.0,0
2025.0,1.0,2025-01-01,1385.0,SFO,EWR,13.0,-4.0,0,0,2565.0,0
2025.0,1.0,2025-01-01,2313.0,IAH,SFO,-3.0,-6.0,0,0,1635.0,0
2025.0,1.0,2025-01-01,1524.0,IAD,IAH,3.0,2.0,0,0,1190.0,0
2025.0,1.0,2025-01-01,1938.0,LAS,OAK,5.0,-2.0,0,0,407.0,0
2025.0,1.0,2025-01-01,2080.0,DCA,MDW,-6.0,-7.0,0,0,601.0,0
2025.0,1.0,2025-01-01,547.0,MDW,DCA,-5.0,-4.0,0,0,601.0,0
2025.0,1.0,2025-01-01,547.0,OAK,MDW,16.0,-11.0,0,0,1844.0,0
2025.0,1.0,2025-01-01,3335.0,BUR,SFO,6.0,-4.0,0,0,326.0,0
2025.0,1.0,2025-01-01,3369.0,STS,BUR,8.0,7.0,0,0,387.0,0
2025.0,1.0,2025-01-01,3409.0,LAS,STS,12.0,19.0,0,0,454.0,1
2025.0,1.0,2025-01-01,3493.0,LAS,SFO,-4.0,-15.0,0,0,414.0,0
2025.0,1.0,2025-01-01,3493.0,SFO,LAS,10.0,13.0,0,0,414.0,0
2025.0,1.0,2025-01-01,1663.0,IAH,BOS,-10.0,-37.0,0,0,1597.0,0
2025.0,1.0,2025-01-01,1976.0,BOS,IAH,-5.0,0.0,0,0,1597.0,0
2025.0,1.0,2025-01-01,2108.0,IAH,MCO,-6.0,-18.0,0,0,854.0,0
2025.0,1.0,2025-01-01,1878.0,AUS,ORD,6.0,7.0,0,0,977.0,0
2025.0,1.0,2025-01-01,2236.0,IAH,MSP,0.0,-15.0,0,0,1034.0,0
2025.0,1.0,2025-01-01,3302.0,SAN,SFO,-6.0,-15.0,0,0,447.0,0
2025.0,1.0,2025-01-01,3396.0,SFO,SNA,-10.0,-13.0,0,0,372.0,0
2025.0,1.0,2025-01-01,3396.0,SNA,SFO,-3.0,0.0,0,0,372.0,0
2025.0,1.0,2025-01-01,3399.0,SBP,SAN,-10.0,-23.0,0,0,263.0,0
2025.0,1.0,2025-01-01,3488.0,SAN,SLC,-1.0,-21.0,0,0,626.0,0
2025.0,1.0,2025-01-01,3488.0,SLC,SAN,-7.0,-35.0,0,0,626.0,0
2025.0,1.0,2025-01-01,1960.0,SFO,CLT,-3.0,-43.0,0,0,2296.0,0
2025.0,1.0,2025-01-01,3387.0,SEA,PDX,-7.0,-12.0,0,0,129.0,0
2025.0,1.0,2025-01-01,3394.0,PDX,TUS,-4.0,-25.0,0,0,1119.0,0
2025.0,1.0,2025-01-01,3414.0,PDX,RNO,-1.0,-8.0,0,0,444.0,0
2025.0,1.0,2025-01-01,3449.0,SNA,TUS,12.0,18.0,0,0,417.0,1
2025.0,1.0,2025-01-01,3449.0,TUS,SNA,19.0,14.0,0,0,417.0,0
2025.0,1.0,2025-01-01,3455.0,TUS,PDX,11.0,19.0,0,0,1119.0,1
2025.0,1.0,2025-01-01,2528.0,DFW,SEA,-1.0,5.0,0,0,1660.0,0
2025.0,1.0,2025-01-01,3015.0,TUS,DFW,-3.0,-15.0,0,0,813.0,0
2025.0,1.0,2025-01-01,3295.0,DFW,LAX,0.0,-12.0,0,0,1235.0,0
2025.0,1.0,2025-01-01,3295.0,LAX,DFW,4.0,-25.0,0,0,1235.0,0
2025.0,1.0,2025-01-01,3300.0,PDX,SFO,-2.0,-19.0,0,0,550.0,0
2025.0,1.0,2025-01-01,3306.0,STS,LAX,-6.0,-19.0,0,0,400.0,0
2025.0,1.0,2025-01-01,3333.0,SFO,BUR,-1.0,-9.0,0,0,326.0,0
2025.0,1.0,2025-01-01,3401.0,BUR,STS,-4.0,-22.0,0,0,387.0,0
2025.0,1.0,2025-01-01,3424.0,LAX,SFO,153.0,140.0,0,0,337.0,1
2025.0,1.0,2025-01-01,3446.0,PSP,SFO,46.0,38.0,0,0,421.0,1
2025.0,1.0,2025-01-01,3446.0,SFO,PSP,59.0,47.0,0,0,421.0,1
2025.0,1.0,2025-01-01,3448.0,SFO,SAN,-10.0,-15.0,0,0,447.0,0
2025.0,1.0,2025-01-01,1868.0,DFW,PIT,-1.0,-24.0,0,0,1067.0,0
2025.0,1.0,2025-01-01,1868.0,PIT,DFW,-1.0,17.0,0,0,1067.0,1
2025.0,1.0,2025-01-01,2177.0,MSY,DFW,233.0,221.0,0,0,447.0,1
2025.0,1.0,2025-01-01,316.0,SLC,HNL,-5.0,-17.0,0,0,2994.0,0
2025.0,1.0,2025-01-01,650.0,HNL,JFK,-11.0,-29.0,0,0,4983.0,0
2025.0,1.0,2025-01-01,892.0,JFK,SLC,3.0,-24.0,0,0,1990.0,0
2025.0,1.0,2025-01-01,3301.0,SAN,SFO,,,1,0,447.0,
2025.0,1.0,2025-01-01,3326.0,BUR,SFO,28.0,13.0,0,0,326.0,0
2025.0,1.0,2025-01-01,3379.0,LAX,STS,-10.0,-13.0,0,0,400.0,0
2025.0,1.0,2025-01-01,3464.0,SAN,BOI,3.0,19.0,0,0,749.0,1
2025.0,1.0,2025-01-01,3479.0,SFO,LAX,-3.0,-14.0,0,0,337.0,0
2025.0,1.0,2025-01-01,3496.0,BOI,BUR,12.0,37.0,0,0,656.0,1
2025.0,1.0,2025-01-01,3499.0,SFO,SAN,-8.0,-20.0,0,0,447.0,0
2025.0,1.0,2025-01-01,1402.0,PHX,TPA,-5.0,-18.0,0,0,1788.0,0
2025.0,1.0,2025-01-01,504.0,TPA,PHL,-9.0,-25.0,0,0,920.0,0
2025.0,1.0,2025-01-01,625.0,SAN,PHX,-10.0,-10.0,0,0,304.0,0
2025.0,1.0,2025-01-01,713.0,JFK,LAX,44.0,50.0,0,0,2475.0,1
2025.0,1.0,2025-01-01,972.0,LAX,JFK,49.0,38.0,0,0,2475.0,1
2025.0,1.0,2025-01-01,3316.0,PDX,SMF,61.0,50.0,0,0,479.0,1
2025.0,1.0,2025-01-01,3316.0,SMF,PDX,38.0,38.0,0,0,479.0,1
2025.0,1.0,2025-01-01,3359.0,BOI,GEG,-2.0,25.0,0,0,287.0,1
2025.0,1.0,2025-01-01,3359.0,GEG,BOI,19.0,28.0,0,0,287.0,1
2025.0,1.0,2025-01-01,3494.0,BOI,PDX,-7.0,26.0,0,0,344.0,1
2025.0,1.0,2025-01-01,1094.0,CLT,RSW,72.0,64.0,0,0,600.0,1
2025.0,1.0,2025-01-01,1094.0,RSW,CLT,57.0,39.0,0,0,600.0,1
2025.0,1.0,2025-01-01,1227.0,BWI,CLT,-12.0,-25.0,0,0,361.0,0
2025.0,1.0,2025-01-01,464.0,CLT,BOS,14.0,-2.0,0,0,728.0,0
2025.0,1.0,2025-01-01,3886.0,MSP,SBN,-4.0,-6.0,0,0,411.0,0
2025.0,1.0,2025-01-01,3356.0,LAX,BOI,0.0,-18.0,0,0,674.0,0
2025.0,1.0,2025-01-01,3436.0,PSC,LAX,-3.0,-14.0,0,0,851.0,0
2025.0,1.0,2025-01-01,2769.0,PHX,MCO,-2.0,-9.0,0,0,1849.0,0
2025.0,1.0,2025-01-01,541.0,TPA,PHX,198.0,186.0,0,0,1788.0,1
2025.0,1.0,2025-01-01,3310.0,SFO,SAN,1.0,-3.0,0,0,447.0,0
2025.0,1.0,2025-01-01,3329.0,LAX,SFO,14.0,0.0,0,0,337.0,0
2025.0,1.0,2025-01-01,3404.0,SAN,BOI,1.0,8.0,0,0,749.0,0
2025.0,1.0,2025-01-01,3411.0,LAX,SFO,24.0,21.0,0,0,337.0,1
2025.0,1.0,2025-01-01,3411.0,SFO,LAX,19.0,3.0,0,0,337.0,0
2025.0,1.0,2025-01-01,3441.0,STS,LAX,-3.0,-15.0,0,0,400.0,0
2025.0,1.0,2025-01-01,465.0,LAX,HNL,2.0,-4.0,0,0,2556.0,0
2025.0,1.0,2025-01-01,658.0,HNL,LAX,-10.0,-18.0,0,0,2556.0,0
2025.0,1.0,2025-01-01,3355.0,BUR,SFO,-4.0,-7.0,0,0,326.0,0
2025.0,1.0,2025-01-01,2693.0,DFW,RDU,2.0,-23.0,0,0,1061.0,0
2025.0,1.0,2025-01-01,2693.0,RDU,DFW,-8.0,-17.0,0,0,1061.0,0
2025.0,1.0,2025-01-01,2709.0,DFW,PSP,-5.0,-8.0,0,0,1126.0,0
2025.0,1.0,2025-01-01,762.0,PIT,DFW,-7.0,11.0,0,0,1067.0,0
2025.0,1.0,2025-01-01,427.0,HNL,LAX,-10.0,-34.0,0,0,2556.0,0
2025.0,1.0,2025-01-01,960.0,LAX,JFK,2.0,-21.0,0,0,2475.0,0
2025.0,1.0,2025-01-01,1528.0,LAS,CLT,-6.0,-26.0,0,0,1916.0,0
2025.0,1.0,2025-01-01,1501.0,IAH,MIA,3.0,4.0,0,0,964.0,0
2025.0,1.0,2025-01-01,1639.0,MIA,IAH,0.0,-20.0,0,0,964.0,0
2025.0,1.0,2025-01-01,2160.0,ORD,IAH,12.0,-1.0,0,0,925.0,0
2025.0,1.0,2025-01-01,1886.0,IAH,EWR,6.0,-15.0,0,0,1400.0,0
2025.0,1.0,2025-01-01,512.0,SFO,IAH,6.0,-23.0,0,0,1635.0,0
2025.0,1.0,2025-01-01,3353.0,LAX,SFO,0.0,-2.0,0,0,337.0,0
2025.0,1.0,2025-01-01,3423.0,SFO,LAX,-10.0,-21.0,0,0,337.0,0
2025.0,1.0,2025-01-01,3447.0,SFO,PSP,-5.0,-9.0,0,0,421.0,0
2025.0,1.0,2025-01-01,1833.0,CLT,PBI,-8.0,-10.0,0,0,590.0,0
2025.0,1.0,2025-01-01,2064.0,PHL,CLT,-8.0,-32.0,0,0,449.0,0
2025.0,1.0,2025-01-01,2489.0,PBI,PHL,-5.0,-16.0,0,0,951.0,0
2025.0,1.0,2025-01-01,3247.0,PBI,CLT,-4.0,-17.0,0,0,590.0,0
2025.0,1.0,2025-01-01,3357.0,SAN,SFO,38.0,26.0,0,0,447.0,1
2025.0,1.0,2025-01-01,3362.0,BOI,SAN,-2.0,3.0,0,0,749.0,0
2025.0,1.0,2025-01-01,3429.0,RNO,SAN,52.0,50.0,0,0,488.0,1
2025.0,1.0,2025-01-01,3429.0,SAN,RNO,37.0,52.0,0,0,488.0,1
2025.0,1.0,2025-01-01,3457.0,SFO,BOI,36.0,26.0,0,0,522.0,1
2025.0,1.0,2025-01-01,2746.0,LAX,DFW,-7.0,-25.0,0,0,1235.0,0
2025.0,1.0,2025-01-01,3265.0,BDL,DFW,-8.0,-16.0,0,0,1471.0,0
2025.0,1.0,2025-01-01,3265.0,DFW,BDL,-5.0,-27.0,0,0,1471.0,0
2025.0,1.0,2025-01-01,662.0,DFW,DEN,-4.0,-4.0,0,0,641.0,0
2025.0,1.0,2025-01-01,480.0,LAX,HNL,-10.0,-31.0,0,0,2556.0,0
2025.0,1.0,2025-01-01,3361.0,SEA,SLC,-6.0,-32.0,0,0,689.0,0
2025.0,1.0,2025-01-01,3387.0,PDX,SEA,-4.0,-6.0,0,0,129.0,0
2025.0,1.0,2025-01-01,3418.0,RDD,SEA,0.0,-8.0,0,0,479.0,0
2025.0,1.0,2025-01-01,3418.0,SEA,RDD,0.0,-3.0,0,0,479.0,0
2025.0,1.0,2025-01-01,3465.0,BOI,PDX,-10.0,-7.0,0,0,344.0,0
2025.0,1.0,2025-01-01,1658.0,LAX,DFW,5.0,1.0,0,0,1235.0,0
2025.0,1.0,2025-01-01,2379.0,DFW,MCO,-5.0,-15.0,0,0,985.0,0
2025.0,1.0,2025-01-01,2848.0,PBI,CLT,-6.0,-20.0,0,0,590.0,0
2025.0,1.0,2025-01-01,3057.0,CLT,LAX,-2.0,12.0,0,0,2125.0,0
2025.0,1.0,2025-01-01,357.0,HNL,SLC,-12.0,-24.0,0,0,2994.0,0
2025.0,1.0,2025-01-01,443.0,LAX,HNL,-1.0,-17.0,0,0,2556.0,0
2025.0,1.0,2025-01-01,773.0,JFK,LAX,-5.0,19.0,0,0,2475.0,1
2025.0,1.0,2025-01-01,3309.0,LAX,LAS,-6.0,-4.0,0,0,236.0,0
2025.0,1.0,2025-01-01,3318.0,PDX,STS,22.0,11.0,0,0,489.0,0
2025.0,1.0,2025-01-01,3348.0,FAT,PDX,-1.0,-2.0,0,0,626.0,0
2025.0,1.0,2025-01-01,3373.0,GEG,PDX,7.0,24.0,0,0,279.0,1
2025.0,1.0,2025-01-01,3373.0,PDX,GEG,-6.0,-10.0,0,0,279.0,0
2025.0,1.0,2025-01-01,3388.0,STS,LAX,-5.0,-7.0,0,0,400.0,0
2025.0,1.0,2025-01-01,1829.0,CLT,FLL,6.0,10.0,0,0,632.0,0
2025.0,1.0,2025-01-01,1829.0,FLL,CLT,15.0,5.0,0,0,632.0,0
2025.0,1.0,2025-01-01,2966.0,ORD,CLT,4.0,-20.0,0,0,599.0,0
2025.0,1.0,2025-01-01,328.0,DFW,ORD,-3.0,-17.0,0,0,802.0,0
2025.0,1.0,2025-01-01,703.0,CLT,BUF,-5.0,-22.0,0,0,546.0,0
2025.0,1.0,2025-01-01,712.0,ATL,SAN,-3.0,13.0,0,0,1892.0,0
2025.0,1.0,2025-01-01,3400.0,BLI,SEA,11.0,-3.0,0,0,93.0,0
2025.0,1.0,2025-01-01,3400.0,SEA,BLI,-4.0,-5.0,0,0,93.0,0
2025.0,1.0,2025-01-01,3413.0,SEA,PSC,-5.0,-10.0,0,0,172.0,0
2025.0,1.0,2025-01-01,3422.0,PSC,SEA,-2.0,-17.0,0,0,172.0,0
2025.0,1.0,2025-01-01,3461.0,SEA,SMF,-8.0,-22.0,0,0,605.0,0
2025.0,1.0,2025-01-01,3461.0,SMF,SEA,-10.0,-2.0,0,0,605.0,0
2025.0,1.0,2025-01-01,3466.0,FAT,SEA,-2.0,-8.0,0,0,748.0,0
2025.0,1.0,2025-01-01,3466.0,SEA,FAT,2.0,-6.0,0,0,748.0,0
2025.0,1.0,2025-01-01,1992.0,SEA,DFW,18.0,-9.0,0,0,1660.0,0
2025.0,1.0,2025-01-01,3174.0,DFW,SEA,15.0,14.0,0,0,1660.0,0
2025.0,1.0,2025-01-01,3239.0,DFW,PHL,10.0,-14.0,0,0,1303.0,0
2025.0,1.0,2025-01-01,3366.0,SAN,SFO,29.0,17.0,0,0,447.0,1
2025.0,1.0,2025-01-01,3368.0,SAN,SMF,7.0,22.0,0,0,480.0,1
2025.0,1.0,2025-01-01,3368.0,SMF,SAN,-12.0,-3.0,0,0,480.0,0
2025.0,1.0,2025-01-01,3451.0,SFO,SNA,2.0,22.0,0,0,372.0,1
2025.0,1.0,2025-01-01,3471.0,SAN,STS,13.0,15.0,0,0,508.0,1
2025.0,1.0,2025-01-01,3471.0,STS,SAN,10.0,24.0,0,0,508.0,1
2025.0,1.0,2025-01-01,1392.0,FLL,PHL,5.0,2.0,0,0,992.0,0
2025.0,1.0,2025-01-01,1392.0,PHL,FLL,0.0,-7.0,0,0,992.0,0
2025.0,1.0,2025-01-01,1864.0,PHL,FLL,-8.0,-15.0,0,0,992.0,0
2025.0,1.0,2025-01-01,747.0,JFK,LAX,0.0,-12.0,0,0,2475.0,0
2025.0,1.0,2025-01-01,3303.0,BLI,SEA,-2.0,-4.0,0,0,93.0,0
2025.0,1.0,2025-01-01,3433.0,PHX,SEA,0.0,26.0,0,0,1107.0,1
2025.0,1.0,2025-01-01,3443.0,SEA,PHX,-2.0,-21.0,0,0,1107.0,0
2025.0,1.0,2025-01-01,3456.0,SEA,PSP,1.0,-13.0,0,0,987.0,0
2025.0,1.0,2025-01-01,3460.0,PSP,SEA,-2.0,-3.0,0,0,987.0,0
2025.0,1.0,2025-01-01,1278.0,PHL,SAN,-1.0,13.0,0,0,2370.0,0
2025.0,1.0,2025-01-01,1684.0,MCO,PHL,-8.0,-24.0,0,0,861.0,0
2025.0,1.0,2025-01-01,1684.0,PHL,MCO,-3.0,-18.0,0,0,861.0,0
2025.0,1.0,2025-01-01,499.0,SLC,PHL,26.0,-5.0,0,0,1927.0,0
2025.0,1.0,2025-01-01,3330.0,BZN,SAN,18.0,-5.0,0,0,956.0,0
2025.0,1.0,2025-01-01,3330.0,SAN,BZN,16.0,21.0,0,0,956.0,1
2025.0,1.0,2025-01-01,3398.0,SMF,SAN,-11.0,10.0,0,0,480.0,0
2025.0,1.0,2025-01-01,3437.0,RDM,SAN,19.0,6.0,0,0,823.0,0
2025.0,1.0,2025-01-01,3437.0,SAN,RDM,9.0,9.0,0,0,823.0,0
2025.0,1.0,2025-01-01,2993.0,DFW,SLC,0.0,66.0,0,0,989.0,1
2025.0,1.0,2025-01-01,1499.0,IAH,EWR,23.0,-4.0,0,0,1400.0,0
2025.0,1.0,2025-01-01,762.0,SAN,ATL,-5.0,-30.0,0,0,1892.0,0
2025.0,1.0,2025-01-01,3321.0,STS,PDX,-6.0,-17.0,0,0,489.0,0
2025.0,1.0,2025-01-01,3352.0,LAX,STS,16.0,-4.0,0,0,400.0,0
2025.0,1.0,2025-01-01,3365.0,SNA,SFO,-3.0,-17.0,0,0,372.0,0
2025.0,1.0,2025-01-01,3390.0,STS,SNA,-9.0,3.0,0,0,433.0,0
2025.0,1.0,2025-01-01,3434.0,SFO,SNA,4.0,-3.0,0,0,372.0,0
2025.0,1.0,2025-01-01,3450.0,SNA,STS,-11.0,-13.0,0,0,433.0,0
2025.0,1.0,2025-01-01,3452.0,SJC,LAX,37.0,32.0,0,0,308.0,1
2025.0,1.0,2025-01-01,3368.0,MIA,GNV,0.0,-15.0,0,0,294.0,0
2025.0,1.0,2025-01-01,3395.0,HPN,MIA,-3.0,20.0,0,0,1118.0,1
2025.0,1.0,2025-01-01,3966.0,MIA,TLH,41.0,33.0,0,0,402.0,1
2025.0,1.0,2025-01-01,3966.0,TLH,MIA,35.0,26.0,0,0,402.0,1
2025.0,1.0,2025-01-01,2321.0,ORD,TUS,-6.0,-26.0,0,0,1437.0,0
2025.0,1.0,2025-01-01,2880.0,PSP,ORD,0.0,-8.0,0,0,1651.0,0
2025.0,1.0,2025-01-01,3002.0,ORD,PSP,-4.0,4.0,0,0,1651.0,0
2025.0,1.0,2025-01-01,671.0,SAT,ORD,-9.0,-30.0,0,0,1041.0,0
2025.0,1.0,2025-01-01,4776.0,GSO,ORD,0.0,-3.0,0,0,589.0,0
2025.0,1.0,2025-01-01,5290.0,ORD,BOI,2.0,-4.0,0,0,1437.0,0
2025.0,1.0,2025-01-01,5395.0,ORD,GSO,9.0,0.0,0,0,589.0,0
2025.0,1.0,2025-01-01,5525.0,ORF,ORD,-3.0,-15.0,0,0,717.0,0
2025.0,1.0,2025-01-01,150.0,OAK,SNA,-9.0,-33.0,0,0,371.0,0
2025.0,1.0,2025-01-01,3289.0,DAL,ELP,1.0,-2.0,0,0,562.0,0
2025.0,1.0,2025-01-01,3289.0,ELP,LGB,-5.0,-10.0,0,0,699.0,0
2025.0,1.0,2025-01-01,3289.0,LGB,SJC,-4.0,-13.0,0,0,324.0,0
2025.0,1.0,2025-01-01,3289.0,MCO,DAL,1.0,-16.0,0,0,973.0,0
2025.0,1.0,2025-01-01,3786.0,SEA,OAK,-4.0,-24.0,0,0,672.0,0
2025.0,1.0,2025-01-01,4310.0,SJC,SEA,-1.0,-14.0,0,0,696.0,0
2025.0,1.0,2025-01-01,5600.0,JFK,ORD,50.0,30.0,0,0,740.0,1
2025.0,1.0,2025-01-01,5616.0,JFK,IND,-4.0,2.0,0,0,665.0,0
2025.0,1.0,2025-01-01,5622.0,ORD,JFK,36.0,41.0,0,0,740.0,1
2025.0,1.0,2025-01-01,1227.0,BWI,BNA,-4.0,0.0,0,0,587.0,0
2025.0,1.0,2025-01-01,2264.0,BNA,MIA,1.0,3.0,0,0,806.0,0
2025.0,1.0,2025-01-01,606.0,BNA,SRQ,2.0,0.0,0,0,648.0,0
2025.0,1.0,2025-01-01,711.0,MIA,BNA,5.0,-8.0,0,0,806.0,0
2025.0,1.0,2025-01-01,3425.0,XNA,DFW,-4.0,3.0,0,0,280.0,0
2025.0,1.0,2025-01-01,3551.0,DFW,FAR,-3.0,-8.0,0,0,968.0,0
2025.0,1.0,2025-01-01,4039.0,CHS,DFW,-8.0,-11.0,0,0,987.0,0
2025.0,1.0,2025-01-01,4039.0,DFW,CHS,-5.0,-20.0,0,0,987.0,0
2025.0,1.0,2025-01-01,41.0,SFO,OGG,-9.0,-12.0,0,0,2338.0,0
2025.0,1.0,2025-01-01,60.0,OGG,SMF,-5.0,-11.0,0,0,2404.0,0
2025.0,1.0,2025-01-01,5614.0,BOS,MKE,0.0,-26.0,0,0,860.0,0
2025.0,1.0,2025-01-01,5631.0,IND,BOS,-7.0,9.0,0,0,818.0,0
2025.0,1.0,2025-01-01,5784.0,MKE,BOS,-7.0,-19.0,0,0,860.0,0
2025.0,1.0,2025-01-01,3982.0,AMA,DFW,3.0,-2.0,0,0,312.0,0
2025.0,1.0,2025-01-01,3982.0,DFW,AMA,14.0,10.0,0,0,312.0,0
2025.0,1.0,2025-01-01,4029.0,DFW,LEX,-13.0,-21.0,0,0,785.0,0
2025.0,1.0,2025-01-01,4029.0,LEX,DFW,-9.0,-2.0,0,0,785.0,0
2025.0,1.0,2025-01-01,4261.0,FAR,DFW,-4.0,-30.0,0,0,968.0,0
2025.0,1.0,2025-01-01,4781.0,AUS,LAX,0.0,-3.0,0,0,1242.0,0
2025.0,1.0,2025-01-01,5390.0,SMF,LAX,-3.0,-7.0,0,0,373.0,0
2025.0,1.0,2025-01-01,5456.0,LAX,AUS,-3.0,-17.0,0,0,1242.0,0
2025.0,1.0,2025-01-01,5744.0,LAX,SLC,-9.0,-25.0,0,0,590.0,0
2025.0,1.0,2025-01-01,1689.0,PVD,TPA,26.0,23.0,0,0,1136.0,1
2025.0,1.0,2025-01-01,1690.0,TPA,PVD,33.0,25.0,0,0,1136.0,1
2025.0,1.0,2025-01-01,1891.0,PVD,RSW,-6.0,4.0,0,0,1200.0,0
2025.0,1.0,2025-01-01,1892.0,RSW,PVD,19.0,7.0,0,0,1200.0,0
2025.0,1.0,2025-01-01,1604.0,SJU,JFK,2.0,-5.0,0,0,1598.0,0
2025.0,1.0,2025-01-01,3476.0,MIA,PIT,-1.0,5.0,0,0,1013.0,0
2025.0,1.0,2025-01-01,3518.0,BNA,MIA,-4.0,1.0,0,0,806.0,0
2025.0,1.0,2025-01-01,3561.0,GSO,MIA,-3.0,-17.0,0,0,710.0,0
2025.0,1.0,2025-01-01,3623.0,MIA,BNA,2.0,-16.0,0,0,806.0,0
2025.0,1.0,2025-01-01,3700.0,EYW,MIA,-1.0,8.0,0,0,126.0,0
2025.0,1.0,2025-01-01,4044.0,MIA,EYW,-5.0,3.0,0,0,126.0,0
2025.0,1.0,2025-01-01,4722.0,GSO,ORD,-1.0,-20.0,0,0,589.0,0
2025.0,1.0,2025-01-01,4805.0,IND,ORD,25.0,14.0,0,0,177.0,0
2025.0,1.0,2025-01-01,5316.0,ORD,OKC,2.0,-17.0,0,0,693.0,0
2025.0,1.0,2025-01-01,5318.0,ORD,IND,0.0,30.0,0,0,177.0,1
2025.0,1.0,2025-01-01,5376.0,ORD,LEX,3.0,-2.0,0,0,323.0,0
2025.0,1.0,2025-01-01,5871.0,LEX,ORD,-3.0,-13.0,0,0,323.0,0
2025.0,1.0,2025-01-01,3270.0,ABQ,BWI,20.0,0.0,0,0,1670.0,0
2025.0,1.0,2025-01-01,3270.0,BHM,DEN,-5.0,6.0,0,0,1083.0,0
2025.0,1.0,2025-01-01,3270.0,DEN,ABQ,11.0,-2.0,0,0,349.0,0
2025.0,1.0,2025-01-01,4041.0,BWI,MCI,15.0,27.0,0,0,967.0,1
2025.0,1.0,2025-01-01,2838.0,BQN,JFK,-9.0,-23.0,0,0,1576.0,0
2025.0,1.0,2025-01-01,712.0,FLL,JFK,-8.0,-4.0,0,0,1069.0,0
2025.0,1.0,2025-01-01,713.0,JFK,FLL,-1.0,-9.0,0,0,1069.0,0
2025.0,1.0,2025-01-01,24.0,OGG,OAK,23.0,11.0,0,0,2349.0,0
2025.0,1.0,2025-01-01,57.0,SAN,OGG,-8.0,-1.0,0,0,2541.0,0
2025.0,1.0,2025-01-01,5698.0,LGA,ORF,-9.0,-8.0,0,0,296.0,0
2025.0,1.0,2025-01-01,5726.0,JFK,SAV,-4.0,3.0,0,0,718.0,0
2025.0,1.0,2025-01-01,5763.0,ORF,JFK,-2.0,-16.0,0,0,290.0,0
2025.0,1.0,2025-01-01,5810.0,CHS,LGA,-6.0,-16.0,0,0,641.0,0
2025.0,1.0,2025-01-01,3664.0,ORD,CMH,-1.0,9.0,0,0,296.0,0
2025.0,1.0,2025-01-01,3673.0,GSO,ORD,-11.0,-24.0,0,0,589.0,0
2025.0,1.0,2025-01-01,3720.0,BZN,ORD,27.0,6.0,0,0,1185.0,0
2025.0,1.0,2025-01-01,3929.0,ORD,BZN,3.0,29.0,0,0,1185.0,1
2025.0,1.0,2025-01-01,4641.0,DEN,PSC,4.0,25.0,0,0,852.0,1
2025.0,1.0,2025-01-01,5229.0,OKC,DEN,-3.0,-4.0,0,0,495.0,0
2025.0,1.0,2025-01-01,5587.0,MRY,DEN,-5.0,-13.0,0,0,959.0,0
2025.0,1.0,2025-01-01,5808.0,DEN,OKC,-2.0,-10.0,0,0,495.0,0
2025.0,1.0,2025-01-01,1310.0,LAS,AMA,1.0,-11.0,0,0,758.0,0
2025.0,1.0,2025-01-01,2125.0,LAS,STL,9.0,-11.0,0,0,1371.0,0
2025.0,1.0,2025-01-01,2718.0,DAL,LAS,-2.0,-8.0,0,0,1067.0,0
2025.0,1.0,2025-01-01,2718.0,FLL,DAL,-3.0,-17.0,0,0,1108.0,0
2025.0,1.0,2025-01-01,4855.0,AMA,LAS,-8.0,-17.0,0,0,758.0,0
2025.0,1.0,2025-01-01,48.0,HNL,OAK,3.0,-17.0,0,0,2409.0,0
2025.0,1.0,2025-01-01,53.0,SFO,HNL,-5.0,2.0,0,0,2398.0,0
2025.0,1.0,2025-01-01,5773.0,LGA,SAV,-7.0,-6.0,0,0,722.0,0
2025.0,1.0,2025-01-01,5773.0,SAV,LGA,-2.0,-21.0,0,0,722.0,0
2025.0,1.0,2025-01-01,5809.0,LGA,SAV,-1.0,-19.0,0,0,722.0,0
2025.0,1.0,2025-01-01,4095.0,BIL,DFW,7.0,0.0,0,0,1081.0,0
2025.0,1.0,2025-01-01,4095.0,DFW,BIL,-5.0,7.0,0,0,1081.0,0
2025.0,1.0,2025-01-01,4187.0,ATW,DFW,45.0,81.0,0,0,908.0,1
2025.0,1.0,2025-01-01,5487.0,DEN,ABQ,-6.0,2.0,0,0,349.0,0
2025.0,1.0,2025-01-01,5834.0,ABQ,DEN,-6.0,-10.0,0,0,349.0,0
2025.0,1.0,2025-01-01,5894.0,DEN,MKE,-3.0,-13.0,0,0,896.0,0
2025.0,1.0,2025-01-01,5999.0,BZN,DEN,-3.0,-18.0,0,0,524.0,0
2025.0,1.0,2025-01-01,5364.0,OKC,ORD,-4.0,-7.0,0,0,693.0,0
2025.0,1.0,2025-01-01,5517.0,PWM,ORD,-10.0,-44.0,0,0,900.0,0
2025.0,1.0,2025-01-01,5610.0,ORD,CHO,-5.0,-16.0,0,0,566.0,0
2025.0,1.0,2025-01-01,5708.0,ORD,PWM,-6.0,-2.0,0,0,900.0,0
2025.0,1.0,2025-01-01,1165.0,STL,MKE,54.0,56.0,0,0,317.0,1
2025.0,1.0,2025-01-01,1683.0,SAN,LAS,108.0,100.0,0,0,258.0,1
2025.0,1.0,2025-01-01,3050.0,DAL,STL,-6.0,-11.0,0,0,546.0,0
2025.0,1.0,2025-01-01,3050.0,LBB,DAL,-8.0,-15.0,0,0,293.0,0
2025.0,1.0,2025-01-01,3420.0,MKE,MCI,57.0,53.0,0,0,436.0,1
2025.0,1.0,2025-01-01,3957.0,DEN,RNO,92.0,112.0,0,0,804.0,1
2025.0,1.0,2025-01-01,3957.0,MCI,DEN,90.0,95.0,0,0,533.0,1
2025.0,1.0,2025-01-01,3957.0,RNO,SAN,117.0,114.0,0,0,488.0,1
2025.0,1.0,2025-01-01,3349.0,MIA,BNA,1.0,-18.0,0,0,806.0,0
2025.0,1.0,2025-01-01,3530.0,BNA,MIA,5.0,5.0,0,0,806.0,0
2025.0,1.0,2025-01-01,3712.0,SAV,MIA,-8.0,-26.0,0,0,440.0,0
2025.0,1.0,2025-01-01,4052.0,MIA,IND,-5.0,-25.0,0,0,1020.0,0
2025.0,1.0,2025-01-01,4170.0,MIA,MSY,-9.0,-29.0,0,0,675.0,0
2025.0,1.0,2025-01-01,4170.0,MSY,MIA,-4.0,-5.0,0,0,675.0,0
2025.0,1.0,2025-01-01,5627.0,BOS,IND,-8.0,-18.0,0,0,818.0,0
2025.0,1.0,2025-01-01,5801.0,BOS,RDU,0.0,-16.0,0,0,612.0,0
2025.0,1.0,2025-01-01,5812.0,RDU,BOS,-7.0,-24.0,0,0,612.0,0
2025.0,1.0,2025-01-01,4784.0,FWA,ORD,-10.0,10.0,0,0,157.0,0
2025.0,1.0,2025-01-01,5262.0,ORD,MKE,-2.0,-18.0,0,0,67.0,0
2025.0,1.0,2025-01-01,5573.0,ORD,TVC,29.0,46.0,0,0,224.0,1
2025.0,1.0,2025-01-01,5693.0,TVC,ORD,30.0,57.0,0,0,224.0,1
2025.0,1.0,2025-01-01,4686.0,LIT,DEN,-2.0,1.0,0,0,771.0,0
2025.0,1.0,2025-01-01,5265.0,DEN,RAP,-5.0,-9.0,0,0,300.0,0
2025.0,1.0,2025-01-01,5366.0,DEN,MOT,88.0,73.0,0,0,604.0,1
2025.0,1.0,2025-01-01,5508.0,DEN,LIT,1.0,-5.0,0,0,771.0,0
2025.0,1.0,2025-01-01,5885.0,SAF,DEN,-1.0,12.0,0,0,303.0,0
2025.0,1.0,2025-01-01,5906.0,RAP,DEN,-7.0,-12.0,0,0,300.0,0
2025.0,1.0,2025-01-01,1199.0,MCO,PIT,-5.0,-27.0,0,0,834.0,0
2025.0,1.0,2025-01-01,1199.0,OKC,MCO,-5.0,-12.0,0,0,1069.0,0
2025.0,1.0,2025-01-01,1442.0,PIT,MCO,-6.0,8.0,0,0,834.0,0
2025.0,1.0,2025-01-01,4413.0,MSY,MCO,-11.0,-31.0,0,0,551.0,0
2025.0,1.0,2025-01-01,996.0,MCO,MSY,-1.0,-13.0,0,0,551.0,0
2025.0,1.0,2025-01-01,165.0,BOS,RSW,23.0,30.0,0,0,1249.0,1
2025.0,1.0,2025-01-01,166.0,RSW,BOS,19.0,7.0,0,0,1249.0,0
2025.0,1.0,2025-01-01,52.0,MCO,BOS,3.0,-25.0,0,0,1121.0,0
2025.0,1.0,2025-01-01,3343.0,MIA,TPA,-7.0,-11.0,0,0,204.0,0
2025.0,1.0,2025-01-01,3575.0,MKE,MIA,0.0,26.0,0,0,1258.0,1
2025.0,1.0,2025-01-01,3668.0,TPA,BNA,-4.0,-16.0,0,0,612.0,0
2025.0,1.0,2025-01-01,23.0,OAK,OGG,-6.0,-6.0,0,0,2349.0,0
2025.0,1.0,2025-01-01,32.0,OGG,LAS,-3.0,19.0,0,0,2695.0,1
2025.0,1.0,2025-01-01,5618.0,LGA,CLT,-10.0,-35.0,0,0,544.0,0
2025.0,1.0,2025-01-01,5721.0,CLT,DTW,-8.0,-17.0,0,0,500.0,0
2025.0,1.0,2025-01-01,5765.0,ORF,LGA,-9.0,-20.0,0,0,296.0,0
2025.0,1.0,2025-01-01,5796.0,DTW,SDF,-9.0,-2.0,0,0,306.0,0
2025.0,1.0,2025-01-01,5843.0,DTW,ROC,-4.0,17.0,0,0,296.0,1
2025.0,1.0,2025-01-01,5843.0,ROC,DTW,9.0,2.0,0,0,296.0,0
2025.0,1.0,2025-01-01,1517.0,ATL,BWI,-3.0,-9.0,0,0,577.0,0
2025.0,1.0,2025-01-01,2164.0,ATL,PBI,0.0,1.0,0,0,545.0,0
2025.0,1.0,2025-01-01,2252.0,BWI,HOU,-4.0,17.0,0,0,1246.0,1
2025.0,1.0,2025-01-01,2396.0,PBI,ATL,10.0,-7.0,0,0,545.0,0
2025.0,1.0,2025-01-01,46.0,OGG,SJC,6.0,-13.0,0,0,2355.0,0
2025.0,1.0,2025-01-01,59.0,SMF,OGG,-6.0,-1.0,0,0,2404.0,0
2025.0,1.0,2025-01-01,5779.0,BOS,JAX,-4.0,-14.0,0,0,1010.0,0
2025.0,1.0,2025-01-01,5792.0,JFK,ORF,-3.0,-7.0,0,0,290.0,0
2025.0,1.0,2025-01-01,5826.0,JAX,JFK,9.0,-14.0,0,0,828.0,0
2025.0,1.0,2025-01-01,3347.0,CMH,MIA,3.0,6.0,0,0,990.0,0
2025.0,1.0,2025-01-01,3386.0,MIA,ATL,6.0,-7.0,0,0,594.0,0
2025.0,1.0,2025-01-01,3716.0,CVG,BOS,0.0,19.0,0,0,752.0,1
2025.0,1.0,2025-01-01,3777.0,BOS,CMH,26.0,20.0,0,0,640.0,1
2025.0,1.0,2025-01-01,4693.0,DEN,BOI,-3.0,13.0,0,0,649.0,0
2025.0,1.0,2025-01-01,4753.0,BOI,SFO,-1.0,-5.0,0,0,522.0,0
2025.0,1.0,2025-01-01,5295.0,BHM,DEN,-6.0,-14.0,0,0,1083.0,0
2025.0,1.0,2025-01-01,5656.0,DEN,IDA,-5.0,7.0,0,0,458.0,0
2025.0,1.0,2025-01-01,5749.0,SFO,ONT,-8.0,-13.0,0,0,363.0,0
2025.0,1.0,2025-01-01,5929.0,IDA,DEN,4.0,0.0,0,0,458.0,0
2025.0,1.0,2025-01-01,3678.0,STL,ATL,5.0,-5.0,0,0,484.0,0
2025.0,1.0,2025-01-01,3909.0,PHX,BUR,0.0,-7.0,0,0,369.0,0
2025.0,1.0,2025-01-01,4941.0,BOI,PHX,5.0,-7.0,0,0,735.0,0
2025.0,1.0,2025-01-01,680.0,BUR,STL,-1.0,-13.0,0,0,1583.0,0
2025.0,1.0,2025-01-01,323.0,JFK,LAX,-7.0,-13.0,0,0,2475.0,0
2025.0,1.0,2025-01-01,724.0,LAX,JFK,-8.0,-43.0,0,0,2475.0,0
2025.0,1.0,2025-01-01,5690.0,PIT,BOS,-10.0,-9.0,0,0,496.0,0
2025.0,1.0,2025-01-01,5786.0,BOS,BNA,-9.0,-14.0,0,0,942.0,0
2025.0,1.0,2025-01-01,3383.0,DFW,ICT,-5.0,-5.0,0,0,328.0,0
2025.0,1.0,2025-01-01,3383.0,ICT,DFW,2.0,0.0,0,0,328.0,0
2025.0,1.0,2025-01-01,3397.0,MHK,DFW,-4.0,-12.0,0,0,431.0,0
2025.0,1.0,2025-01-01,3715.0,DFW,XNA,-3.0,-10.0,0,0,280.0,0
2025.0,1.0,2025-01-01,3725.0,DFW,SGF,-4.0,-15.0,0,0,364.0,0
2025.0,1.0,2025-01-01,3786.0,SGF,DFW,-8.0,-18.0,0,0,364.0,0
2025.0,1.0,2025-01-01,4113.0,DFW,IAH,-2.0,-4.0,0,0,224.0,0
2025.0,1.0,2025-01-01,4113.0,IAH,DFW,29.0,12.0,0,0,224.0,0
2025.0,1.0,2025-01-01,2097.0,SFO,ORD,55.0,34.0,0,0,1846.0,1
2025.0,1.0,2025-01-01,2190.0,DEN,SFO,0.0,-3.0,0,0,967.0,0
2025.0,1.0,2025-01-01,3479.0,BWI,MHT,-1.0,-9.0,0,0,377.0,0
2025.0,1.0,2025-01-01,374.0,MHT,MCO,2.0,-2.0,0,0,1142.0,0
2025.0,1.0,2025-01-01,4866.0,BWI,ISP,-3.0,7.0,0,0,220.0,0
2025.0,1.0,2025-01-01,652.0,MCO,PIT,2.0,-9.0,0,0,834.0,0
2025.0,1.0,2025-01-01,930.0,ISP,BWI,9.0,-1.0,0,0,220.0,0
2025.0,1.0,2025-01-01,2259.0,SFO,BOS,-6.0,-18.0,0,0,2704.0,0
2025.0,1.0,2025-01-01,580.0,BOS,SFO,-7.0,-31.0,0,0,2704.0,0
2025.0,1.0,2025-01-01,778.0,EWR,SFO,-6.0,-33.0,0,0,2565.0,0
2025.0,1.0,2025-01-01,5648.0,CLT,BOS,0.0,-17.0,0,0,728.0,0
2025.0,1.0,2025-01-01,5665.0,JFK,CLT,-3.0,-1.0,0,0,541.0,0
2025.0,1.0,2025-01-01,5794.0,CLE,JFK,2.0,7.0,0,0,425.0,0
2025.0,1.0,2025-01-01,5814.0,BOS,CLE,-6.0,-24.0,0,0,563.0,0
2025.0,1.0,2025-01-01,3438.0,CRP,DFW,2.0,-11.0,0,0,354.0,0
2025.0,1.0,2025-01-01,3438.0,DFW,CRP,-4.0,-1.0,0,0,354.0,0
2025.0,1.0,2025-01-01,3894.0,DFW,PNS,-8.0,-1.0,0,0,604.0,0
2025.0,1.0,2025-01-01,3894.0,PNS,DFW,0.0,-13.0,0,0,604.0,0
2025.0,1.0,2025-01-01,3910.0,CHS,DFW,-8.0,-12.0,0,0,987.0,0
2025.0,1.0,2025-01-01,4793.0,GSP,ORD,-4.0,-1.0,0,0,577.0,0
2025.0,1.0,2025-01-01,2358.0,IAH,DEN,5.0,-5.0,0,0,862.0,0
2025.0,1.0,2025-01-01,320.0,DEN,IAH,0.0,-5.0,0,0,862.0,0
2025.0,1.0,2025-01-01,162.0,BHM,MCO,-8.0,-13.0,0,0,479.0,0
2025.0,1.0,2025-01-01,162.0,HOU,BHM,-9.0,-19.0,0,0,570.0,0
2025.0,1.0,2025-01-01,500.0,DAL,SAT,-4.0,-14.0,0,0,247.0,0
2025.0,1.0,2025-01-01,500.0,SAN,DAL,-1.0,-15.0,0,0,1182.0,0
2025.0,1.0,2025-01-01,500.0,SAT,HOU,-5.0,-11.0,0,0,192.0,0
2025.0,1.0,2025-01-01,69.0,LGB,HNL,-5.0,-19.0,0,0,2569.0,0
2025.0,1.0,2025-01-01,92.0,HNL,SJC,-7.0,-18.0,0,0,2417.0,0
2025.0,1.0,2025-01-01,5646.0,CHS,JFK,-2.0,-20.0,0,0,636.0,0
2025.0,1.0,2025-01-01,5646.0,JFK,CHS,-7.0,-13.0,0,0,636.0,0
2025.0,1.0,2025-01-01,5712.0,SAV,JFK,-4.0,-17.0,0,0,718.0,0
2025.0,1.0,2025-01-01,5788.0,JFK,CMH,13.0,10.0,0,0,483.0,0
2025.0,1.0,2025-01-01,3451.0,DFW,SGF,-7.0,-17.0,0,0,364.0,0
2025.0,1.0,2025-01-01,3451.0,SGF,DFW,-5.0,-13.0,0,0,364.0,0
2025.0,1.0,2025-01-01,3746.0,DFW,BHM,-1.0,-11.0,0,0,597.0,0
2025.0,1.0,2025-01-01,3800.0,DFW,MFE,-4.0,-8.0,0,0,469.0,0
2025.0,1.0,2025-01-01,3800.0,MFE,DFW,-6.0,-19.0,0,0,469.0,0
2025.0,1.0,2025-01-01,3809.0,BIS,DFW,-5.0,-20.0,0,0,977.0,0
2025.0,1.0,2025-01-01,1735.0,OGG,DEN,-3.0,-21.0,0,0,3302.0,0
2025.0,1.0,2025-01-01,1736.0,DEN,OGG,6.0,-7.0,0,0,3302.0,0
2025.0,1.0,2025-01-01,1784.0,LAS,SAT,2.0,-16.0,0,0,1069.0,0
2025.0,1.0,2025-01-01,2786.0,SJC,SNA,-5.0,-8.0,0,0,342.0,0
2025.0,1.0,2025-01-01,341.0,PHX,SEA,5.0,13.0,0,0,1107.0,0
2025.0,1.0,2025-01-01,341.0,SNA,PHX,-3.0,-17.0,0,0,338.0,0
2025.0,1.0,2025-01-01,4211.0,SEA,LAS,24.0,2.0,0,0,867.0,0
2025.0,1.0,2025-01-01,31.0,LAS,OGG,-4.0,-24.0,0,0,2695.0,0
2025.0,1.0,2025-01-01,72.0,OGG,LGB,-8.0,-13.0,0,0,2498.0,0
2025.0,1.0,2025-01-01,5779.0,JAX,BOS,-7.0,-12.0,0,0,1010.0,0
2025.0,1.0,2025-01-01,5804.0,BTV,JFK,-10.0,-33.0,0,0,266.0,0
2025.0,1.0,2025-01-01,5826.0,JFK,JAX,-8.0,-17.0,0,0,828.0,0
2025.0,1.0,2025-01-01,3583.0,CRP,DFW,6.0,-10.0,0,0,354.0,0
2025.0,1.0,2025-01-01,3583.0,DFW,CRP,14.0,15.0,0,0,354.0,1
2025.0,1.0,2025-01-01,3822.0,JAX,DCA,,,1,0,634.0,
2025.0,1.0,2025-01-01,3965.0,DFW,MYR,-4.0,-18.0,0,0,1048.0,0
2025.0,1.0,2025-01-01,3965.0,MYR,DFW,-8.0,-11.0,0,0,1048.0,0
2025.0,1.0,2025-01-01,4656.0,CLE,ORD,-3.0,-1.0,0,0,316.0,0
2025.0,1.0,2025-01-01,5361.0,ORD,CLE,-2.0,-11.0,0,0,316.0,0
2025.0,1.0,2025-01-01,5544.0,RAP,ORD,-2.0,12.0,0,0,779.0,0
2025.0,1.0,2025-01-01,5570.0,ORD,MCI,4.0,-10.0,0,0,403.0,0
2025.0,1.0,2025-01-01,5658.0,MCI,ORD,-6.0,-2.0,0,0,403.0,0
2025.0,1.0,2025-01-01,2034.0,IAH,SFO,8.0,6.0,0,0,1635.0,0
2025.0,1.0,2025-01-01,277.0,SFO,IAH,49.0,18.0,0,0,1635.0,1
2025.0,1.0,2025-01-01,1163.0,JFK,LAX,-9.0,-13.0,0,0,2475.0,0
2025.0,1.0,2025-01-01,1316.0,LAX,JFK,-10.0,-32.0,0,0,2475.0,0
2025.0,1.0,2025-01-01,526.0,PDX,MCO,6.0,38.0,0,0,2534.0,1
2025.0,1.0,2025-01-01,80.0,HNL,ONT,5.0,4.0,0,0,2603.0,0
2025.0,1.0,2025-01-01,91.0,SJC,HNL,13.0,5.0,0,0,2417.0,0
2025.0,1.0,2025-01-01,5747.0,DTW,ORD,-2.0,-9.0,0,0,235.0,0
2025.0,1.0,2025-01-01,5769.0,CMH,DTW,-1.0,-15.0,0,0,155.0,0
2025.0,1.0,2025-01-01,5769.0,DTW,CMH,-5.0,4.0,0,0,155.0,0
2025.0,1.0,2025-01-01,5775.0,BNA,DTW,-5.0,-3.0,0,0,456.0,0
2025.0,1.0,2025-01-01,5775.0,DTW,BNA,5.0,5.0,0,0,456.0,0
2025.0,1.0,2025-01-01,5805.0,PIT,DTW,-7.0,1.0,0,0,201.0,0
2025.0,1.0,2025-01-01,3422.0,BHM,MIA,-2.0,-9.0,0,0,661.0,0
2025.0,1.0,2025-01-01,3422.0,MIA,BHM,8.0,-6.0,0,0,661.0,0
2025.0,1.0,2025-01-01,3654.0,MIA,SAV,20.0,9.0,0,0,440.0,0
2025.0,1.0,2025-01-01,4078.0,IND,MIA,-8.0,-30.0,0,0,1020.0,0
2025.0,1.0,2025-01-01,1733.0,IAH,DEN,0.0,-13.0,0,0,862.0,0
2025.0,1.0,2025-01-01,2408.0,DEN,IAD,-1.0,-20.0,0,0,1452.0,0
2025.0,1.0,2025-01-01,2676.0,DEN,IAH,14.0,-7.0,0,0,862.0,0
2025.0,1.0,2025-01-01,2124.0,LAX,JFK,-4.0,-29.0,0,0,2475.0,0
2025.0,1.0,2025-01-01,823.0,JFK,LAX,-1.0,4.0,0,0,2475.0,0
2025.0,1.0,2025-01-01,2187.0,BOS,LAX,-7.0,-28.0,0,0,2611.0,0
2025.0,1.0,2025-01-01,287.0,BOS,LAX,-8.0,-27.0,0,0,2611.0,0
2025.0,1.0,2025-01-01,288.0,LAX,BOS,-13.0,-22.0,0,0,2611.0,0
2025.0,1.0,2025-01-01,1524.0,LAX,JFK,15.0,-6.0,0,0,2475.0,0
2025.0,1.0,2025-01-01,723.0,JFK,LAX,32.0,16.0,0,0,2475.0,1
2025.0,1.0,2025-01-01,290.0,PDX,EWR,-6.0,-29.0,0,0,2434.0,0
2025.0,1.0,2025-01-01,477.0,EWR,SEA,-5.0,-34.0,0,0,2402.0,0
2025.0,1.0,2025-01-01,54.0,HNL,SFO,5.0,-8.0,0,0,2398.0,0
2025.0,1.0,2025-01-01,79.0,ONT,HNL,-4.0,-24.0,0,0,2603.0,0
2025.0,1.0,2025-01-01,5635.0,LGA,PIT,-5.0,-31.0,0,0,335.0,0
2025.0,1.0,2025-01-01,5760.0,SAV,LGA,-5.0,-13.0,0,0,722.0,0
2025.0,1.0,2025-01-01,3365.0,SDF,DFW,-1.0,1.0,0,0,733.0,0
2025.0,1.0,2025-01-01,3693.0,DFW,XNA,-5.0,-13.0,0,0,280.0,0
2025.0,1.0,2025-01-01,3992.0,AVL,DFW,3.0,3.0,0,0,848.0,0
2025.0,1.0,2025-01-01,3992.0,DFW,AVL,11.0,-10.0,0,0,848.0,0
2025.0,1.0,2025-01-01,1366.0,IAD,DEN,-2.0,-7.0,0,0,1452.0,0
2025.0,1.0,2025-01-01,252.0,HNL,IAH,5.0,-2.0,0,0,3904.0,0
2025.0,1.0,2025-01-01,384.0,DEN,HNL,18.0,-7.0,0,0,3365.0,0
2025.0,1.0,2025-01-01,4143.0,BWI,FLL,63.0,54.0,0,0,925.0,1
2025.0,1.0,2025-01-01,1124.0,LAX,JFK,15.0,3.0,0,0,2475.0,0
2025.0,1.0,2025-01-01,2715.0,JFK,LAX,-2.0,11.0,0,0,2475.0,0
2025.0,1.0,2025-01-01,424.0,LAX,JFK,-14.0,-42.0,0,0,2475.0,0
2025.0,1.0,2025-01-01,115.0,JFK,SFO,-7.0,-32.0,0,0,2586.0,0
2025.0,1.0,2025-01-01,616.0,SFO,JFK,-11.0,-31.0,0,0,2586.0,0
2025.0,1.0,2025-01-01,73.0,SMF,KOA,25.0,13.0,0,0,2435.0,0
2025.0,1.0,2025-01-01,74.0,KOA,SMF,19.0,-6.0,0,0,2435.0,0
2025.0,1.0,2025-01-01,5611.0,BOS,CVG,-9.0,-21.0,0,0,752.0,0
2025.0,1.0,2025-01-01,5617.0,BNA,BOS,-7.0,-27.0,0,0,942.0,0
2025.0,1.0,2025-01-01,3704.0,DFW,LRD,-3.0,-8.0,0,0,396.0,0
2025.0,1.0,2025-01-01,3914.0,DFW,LEX,8.0,10.0,0,0,785.0,0
2025.0,1.0,2025-01-01,3914.0,LEX,DFW,18.0,7.0,0,0,785.0,0
2025.0,1.0,2025-01-01,4258.0,AVL,DFW,1.0,-8.0,0,0,848.0,0
2025.0,1.0,2025-01-01,1104.0,LAS,SJC,-3.0,-17.0,0,0,386.0,0
2025.0,1.0,2025-01-01,1929.0,SJC,PHX,-2.0,-16.0,0,0,621.0,0
2025.0,1.0,2025-01-01,4242.0,DEN,CLE,5.0,-6.0,0,0,1201.0,0
2025.0,1.0,2025-01-01,4381.0,LAS,DEN,-1.0,-18.0,0,0,628.0,0
2025.0,1.0,2025-01-01,4381.0,PHX,LAS,-5.0,-13.0,0,0,255.0,0
2025.0,1.0,2025-01-01,1688.0,CLE,IAH,-3.0,11.0,0,0,1091.0,0
2025.0,1.0,2025-01-01,2197.0,IAH,SNA,4.0,-2.0,0,0,1346.0,0
2025.0,1.0,2025-01-01,2370.0,SNA,EWR,-6.0,-31.0,0,0,2434.0,0
2025.0,1.0,2025-01-01,63.0,LAX,LIH,-5.0,-21.0,0,0,2615.0,0
2025.0,1.0,2025-01-01,68.0,LIH,OAK,8.0,-12.0,0,0,2457.0,0
2025.0,1.0,2025-01-01,1671.0,ORD,BWI,-8.0,-6.0,0,0,622.0,0
2025.0,1.0,2025-01-01,2415.0,BWI,MHT,-4.0,5.0,0,0,377.0,0
2025.0,1.0,2025-01-01,2889.0,LAX,DEN,-3.0,-8.0,0,0,862.0,0
2025.0,1.0,2025-01-01,482.0,DEN,ORD,-4.0,-20.0,0,0,888.0,0
2025.0,1.0,2025-01-01,5641.0,ORD,BOS,-2.0,-11.0,0,0,867.0,0
2025.0,1.0,2025-01-01,5679.0,BOS,PIT,-7.0,-33.0,0,0,496.0,0
2025.0,1.0,2025-01-01,3629.0,SMF,PHX,-9.0,-2.0,0,0,647.0,0
2025.0,1.0,2025-01-01,4099.0,PHX,XNA,-2.0,-11.0,0,0,1023.0,0
2025.0,1.0,2025-01-01,4133.0,PHX,MRY,-2.0,-18.0,0,0,598.0,0
2025.0,1.0,2025-01-01,4165.0,XNA,PHX,0.0,-11.0,0,0,1023.0,0
2025.0,1.0,2025-01-01,1088.0,LAX,BOS,-5.0,-29.0,0,0,2611.0,0
2025.0,1.0,2025-01-01,388.0,LAX,BOS,-7.0,-31.0,0,0,2611.0,0
2025.0,1.0,2025-01-01,687.0,BOS,LAX,-2.0,-26.0,0,0,2611.0,0
2025.0,1.0,2025-01-01,100.0,LAX,FLL,-9.0,-29.0,0,0,2343.0,0
2025.0,1.0,2025-01-01,2501.0,FLL,LAX,11.0,-10.0,0,0,2343.0,0
2025.0,1.0,2025-01-01,2701.0,FLL,LAX,-13.0,-36.0,0,0,2343.0,0
2025.0,1.0,2025-01-01,27.0,SEA,HNL,7.0,30.0,0,0,2677.0,1
2025.0,1.0,2025-01-01,28.0,HNL,SEA,-3.0,-15.0,0,0,2677.0,0
2025.0,1.0,2025-01-01,5862.0,JFK,SYR,-6.0,-19.0,0,0,209.0,0
2025.0,1.0,2025-01-01,5863.0,SYR,JFK,-9.0,-17.0,0,0,209.0,0
2025.0,1.0,2025-01-01,3420.0,ABQ,PHX,-6.0,-8.0,0,0,328.0,0
2025.0,1.0,2025-01-01,3420.0,PHX,ABQ,4.0,-12.0,0,0,328.0,0
2025.0,1.0,2025-01-01,3646.0,ABQ,PHX,8.0,16.0,0,0,328.0,1
2025.0,1.0,2025-01-01,4135.0,PHX,SBA,3.0,11.0,0,0,455.0,0
2025.0,1.0,2025-01-01,5017.0,CMX,ORD,2.0,-3.0,0,0,360.0,0
2025.0,1.0,2025-01-01,5021.0,ORD,SUX,-10.0,-20.0,0,0,436.0,0
2025.0,1.0,2025-01-01,5082.0,ORD,CMX,-5.0,15.0,0,0,360.0,1
2025.0,1.0,2025-01-01,5442.0,ORD,PIA,-7.0,-17.0,0,0,130.0,0
2025.0,1.0,2025-01-01,5483.0,PIA,ORD,-7.0,-5.0,0,0,130.0,0
2025.0,1.0,2025-01-01,5598.0,ROA,ORD,-7.0,-21.0,0,0,531.0,0
2025.0,1.0,2025-01-01,1785.0,SFO,EWR,-2.0,-18.0,0,0,2565.0,0
2025.0,1.0,2025-01-01,1542.0,DCA,MDW,-1.0,-11.0,0,0,601.0,0
2025.0,1.0,2025-01-01,1542.0,MDW,SAT,-7.0,-13.0,0,0,1036.0,0
2025.0,1.0,2025-01-01,4839.0,DEN,DAL,-5.0,3.0,0,0,651.0,0
2025.0,1.0,2025-01-01,534.0,DAL,DCA,0.0,-16.0,0,0,1184.0,0
2025.0,1.0,2025-01-01,1087.0,BOS,LAX,-3.0,-30.0,0,0,2611.0,0
2025.0,1.0,2025-01-01,2188.0,LAX,BOS,-12.0,-28.0,0,0,2611.0,0
2025.0,1.0,2025-01-01,3366.0,DFW,GSP,-8.0,-27.0,0,0,862.0,0
2025.0,1.0,2025-01-01,3366.0,GSP,DFW,-9.0,-20.0,0,0,862.0,0
2025.0,1.0,2025-01-01,3549.0,DFW,BTR,-6.0,-25.0,0,0,383.0,0
2025.0,1.0,2025-01-01,3555.0,LBB,DFW,-4.0,-16.0,0,0,282.0,0
2025.0,1.0,2025-01-01,3994.0,DFW,RAP,-8.0,-21.0,0,0,835.0,0
2025.0,1.0,2025-01-01,3994.0,RAP,DFW,-8.0,-28.0,0,0,835.0,0
2025.0,1.0,2025-01-01,1806.0,HNL,DEN,-5.0,-15.0,0,0,3365.0,0
2025.0,1.0,2025-01-01,253.0,IAH,HNL,27.0,-11.0,0,0,3904.0,0
2025.0,1.0,2025-01-01,1221.0,SNA,SJC,-5.0,-10.0,0,0,342.0,0
2025.0,1.0,2025-01-01,1231.0,PDX,PHX,4.0,-13.0,0,0,1009.0,0
2025.0,1.0,2025-01-01,1875.0,OAK,PDX,-6.0,-12.0,0,0,543.0,0
2025.0,1.0,2025-01-01,1875.0,PHX,SNA,-5.0,-19.0,0,0,338.0,0
2025.0,1.0,2025-01-01,1875.0,SNA,OAK,-6.0,-20.0,0,0,371.0,0
2025.0,1.0,2025-01-01,2095.0,SMF,PHX,-2.0,-22.0,0,0,647.0,0
2025.0,1.0,2025-01-01,3777.0,PHX,SNA,-4.0,-20.0,0,0,338.0,0
2025.0,1.0,2025-01-01,5638.0,BOS,MCI,-9.0,-41.0,0,0,1256.0,0
2025.0,1.0,2025-01-01,5638.0,MCI,BOS,-9.0,-26.0,0,0,1256.0,0
2025.0,1.0,2025-01-01,5807.0,BOS,CHS,-5.0,4.0,0,0,818.0,0
2025.0,1.0,2025-01-01,39.0,PDX,OGG,0.0,6.0,0,0,2562.0,0
2025.0,1.0,2025-01-01,58.0,OGG,SAN,11.0,2.0,0,0,2541.0,0
2025.0,1.0,2025-01-01,5609.0,DTW,IND,-6.0,-4.0,0,0,231.0,0
2025.0,1.0,2025-01-01,5609.0,IND,DTW,-10.0,-26.0,0,0,231.0,0
2025.0,1.0,2025-01-01,5634.0,DTW,CMH,-1.0,-15.0,0,0,155.0,0
2025.0,1.0,2025-01-01,5695.0,MEM,DTW,-3.0,-14.0,0,0,610.0,0
2025.0,1.0,2025-01-01,3539.0,PHX,BIL,-2.0,-3.0,0,0,873.0,0
2025.0,1.0,2025-01-01,3837.0,EUG,PHX,-3.0,-21.0,0,0,952.0,0
2025.0,1.0,2025-01-01,3837.0,PHX,EUG,-1.0,14.0,0,0,952.0,0
2025.0,1.0,2025-01-01,1811.0,DEN,ORD,0.0,13.0,0,0,888.0,0
2025.0,1.0,2025-01-01,2133.0,ORD,LAX,8.0,-3.0,0,0,1744.0,0
2025.0,1.0,2025-01-01,2390.0,LAX,HNL,-7.0,-38.0,0,0,2556.0,0
2025.0,1.0,2025-01-01,3237.0,CHS,BWI,-1.0,-10.0,0,0,472.0,0
2025.0,1.0,2025-01-01,3930.0,BWI,JAN,2.0,0.0,0,0,888.0,0
2025.0,1.0,2025-01-01,3930.0,JAN,HOU,0.0,-5.0,0,0,359.0,0
2025.0,1.0,2025-01-01,4244.0,BWI,ROC,4.0,6.0,0,0,277.0,0
2025.0,1.0,2025-01-01,4656.0,HOU,JAN,-5.0,-15.0,0,0,359.0,0
2025.0,1.0,2025-01-01,819.0,ROC,BWI,7.0,-7.0,0,0,277.0,0
2025.0,1.0,2025-01-01,5757.0,MEM,LGA,14.0,-15.0,0,0,963.0,0
2025.0,1.0,2025-01-01,5849.0,BTV,LGA,-7.0,-27.0,0,0,258.0,0
2025.0,1.0,2025-01-01,5849.0,LGA,BTV,-6.0,-29.0,0,0,258.0,0
2025.0,1.0,2025-01-01,3627.0,DCA,LIT,0.0,-2.0,0,0,888.0,0
2025.0,1.0,2025-01-01,3630.0,LIT,DCA,-1.0,-32.0,0,0,888.0,0
2025.0,1.0,2025-01-01,5075.0,MCW,ORD,-10.0,-12.0,0,0,288.0,0
2025.0,1.0,2025-01-01,5105.0,ORD,MCW,-10.0,-26.0,0,0,288.0,0
2025.0,1.0,2025-01-01,5106.0,ORD,MCW,-4.0,16.0,0,0,288.0,1
2025.0,1.0,2025-01-01,5135.0,MCW,ORD,-3.0,2.0,0,0,288.0,0
2025.0,1.0,2025-01-01,5563.0,MSN,ORD,43.0,74.0,0,0,108.0,1
2025.0,1.0,2025-01-01,5586.0,ORD,MSN,60.0,52.0,0,0,108.0,1
2025.0,1.0,2025-01-01,5685.0,ORD,CHA,17.0,12.0,0,0,501.0,0
2025.0,1.0,2025-01-01,1244.0,FLL,ORD,32.0,30.0,0,0,1182.0,1
2025.0,1.0,2025-01-01,1775.0,ORD,FLL,4.0,6.0,0,0,1182.0,0
2025.0,1.0,2025-01-01,1093.0,SLC,HOU,18.0,-3.0,0,0,1214.0,0
2025.0,1.0,2025-01-01,1253.0,STL,MDW,49.0,38.0,0,0,251.0,1
2025.0,1.0,2025-01-01,1570.0,DAL,SLC,-4.0,13.0,0,0,999.0,0
2025.0,1.0,2025-01-01,2633.0,HOU,STL,57.0,42.0,0,0,687.0,1
2025.0,1.0,2025-01-01,3634.0,STL,DAL,-10.0,-19.0,0,0,546.0,0
2025.0,1.0,2025-01-01,4048.0,GSP,MIA,-5.0,-18.0,0,0,637.0,0
2025.0,1.0,2025-01-01,4048.0,MIA,GSP,-7.0,-20.0,0,0,637.0,0
2025.0,1.0,2025-01-01,3303.0,DEN,FLL,4.0,-6.0,0,0,1703.0,0
2025.0,1.0,2025-01-01,3303.0,GEG,DEN,-2.0,-6.0,0,0,836.0,0
2025.0,1.0,2025-01-01,3829.0,FLL,ATL,9.0,1.0,0,0,581.0,0
2025.0,1.0,2025-01-01,716.0,ATL,DAL,14.0,15.0,0,0,721.0,1
2025.0,1.0,2025-01-01,64.0,LIH,LAX,-2.0,5.0,0,0,2615.0,0
2025.0,1.0,2025-01-01,67.0,OAK,LIH,-10.0,-10.0,0,0,2457.0,0
2025.0,1.0,2025-01-01,5657.0,BOS,JAX,-8.0,-6.0,0,0,1010.0,0
2025.0,1.0,2025-01-01,5756.0,BOS,SRQ,-2.0,-7.0,0,0,1220.0,0
2025.0,1.0,2025-01-01,5756.0,SRQ,BOS,-5.0,-18.0,0,0,1220.0,0
2025.0,1.0,2025-01-01,5041.0,FOD,ORD,-20.0,-25.0,0,0,325.0,0
2025.0,1.0,2025-01-01,5080.0,SGU,DEN,-8.0,-28.0,0,0,517.0,0
2025.0,1.0,2025-01-01,5100.0,ORD,FOD,-6.0,-20.0,0,0,325.0,0
2025.0,1.0,2025-01-01,5998.0,ORD,PIA,-6.0,0.0,0,0,130.0,0
2025.0,1.0,2025-01-01,3369.0,DFW,MHK,64.0,49.0,0,0,431.0,1
2025.0,1.0,2025-01-01,3589.0,LIT,DFW,-4.0,-4.0,0,0,304.0,0
2025.0,1.0,2025-01-01,4006.0,DFW,SRQ,-3.0,-10.0,0,0,945.0,0
2025.0,1.0,2025-01-01,4006.0,SRQ,DFW,-8.0,-34.0,0,0,945.0,0
2025.0,1.0,2025-01-01,1102.0,SAN,DEN,-7.0,-26.0,0,0,853.0,0
2025.0,1.0,2025-01-01,2351.0,DEN,LAX,-4.0,-19.0,0,0,862.0,0
2025.0,1.0,2025-01-01,55.0,DAL,HOU,-6.0,-9.0,0,0,239.0,0
2025.0,1.0,2025-01-01,55.0,LAX,TUS,-8.0,-12.0,0,0,451.0,0
2025.0,1.0,2025-01-01,55.0,TUS,DAL,-8.0,-9.0,0,0,824.0,0
2025.0,1.0,2025-01-01,101.0,PIT,SEA,-8.0,-35.0,0,0,2125.0,0
2025.0,1.0,2025-01-01,1240.0,SEA,OAK,-6.0,-7.0,0,0,672.0,0
2025.0,1.0,2025-01-01,1247.0,OAK,SEA,0.0,-13.0,0,0,672.0,0
2025.0,1.0,2025-01-01,71.0,SEA,JNU,25.0,-1.0,0,0,909.0,0
2025.0,1.0,2025-01-01,5593.0,BOS,ORD,-5.0,-31.0,0,0,867.0,0
2025.0,1.0,2025-01-01,5725.0,ORD,DTW,-8.0,-20.0,0,0,235.0,0
2025.0,1.0,2025-01-01,5785.0,DTW,CLT,-7.0,8.0,0,0,500.0,0
2025.0,1.0,2025-01-01,1947.0,HNL,SFO,-5.0,-30.0,0,0,2398.0,0
2025.0,1.0,2025-01-01,5668.0,CMH,BOS,-9.0,-13.0,0,0,640.0,0
2025.0,1.0,2025-01-01,5689.0,JFK,DCA,42.0,35.0,0,0,213.0,1
2025.0,1.0,2025-01-01,5816.0,BOS,JFK,-4.0,49.0,0,0,187.0,1
2025.0,1.0,2025-01-01,3421.0,DFW,GJT,-3.0,-1.0,0,0,773.0,0
2025.0,1.0,2025-01-01,3590.0,DFW,SHV,-2.0,-13.0,0,0,190.0,0
2025.0,1.0,2025-01-01,3590.0,SHV,DFW,-6.0,-12.0,0,0,190.0,0
2025.0,1.0,2025-01-01,3796.0,XNA,DFW,-10.0,-4.0,0,0,280.0,0
2025.0,1.0,2025-01-01,3872.0,CID,DFW,-4.0,-19.0,0,0,685.0,0
2025.0,1.0,2025-01-01,3872.0,DFW,CID,-5.0,-14.0,0,0,685.0,0
2025.0,1.0,2025-01-01,2178.0,SAN,SAT,7.0,2.0,0,0,1129.0,0
2025.0,1.0,2025-01-01,2178.0,SAT,MSY,22.0,15.0,0,0,494.0,1
2025.0,1.0,2025-01-01,2178.0,SFO,SAN,-2.0,-2.0,0,0,447.0,0
2025.0,1.0,2025-01-01,3792.0,PHX,SAN,14.0,6.0,0,0,304.0,0
2025.0,1.0,2025-01-01,933.0,MSY,PHX,21.0,15.0,0,0,1300.0,1
2025.0,1.0,2025-01-01,40.0,OGG,PDX,-2.0,-22.0,0,0,2562.0,0
2025.0,1.0,2025-01-01,45.0,SJC,OGG,5.0,-5.0,0,0,2355.0,0
2025.0,1.0,2025-01-01,3380.0,BOS,ORD,-7.0,-34.0,0,0,867.0,0
2025.0,1.0,2025-01-01,3380.0,ORD,BOS,-4.0,20.0,0,0,867.0,1
2025.0,1.0,2025-01-01,3653.0,DTW,ORD,9.0,-11.0,0,0,235.0,0
2025.0,1.0,2025-01-01,3674.0,ORD,DTW,-7.0,10.0,0,0,235.0,0
2025.0,1.0,2025-01-01,3898.0,ORD,MSN,-2.0,-22.0,0,0,108.0,0
2025.0,1.0,2025-01-01,4129.0,SGF,ORD,-10.0,-39.0,0,0,438.0,0
2025.0,1.0,2025-01-01,2881.0,DEN,BNA,-2.0,-13.0,0,0,1014.0,0
2025.0,1.0,2025-01-01,2996.0,SJC,DEN,-2.0,-15.0,0,0,948.0,0
2025.0,1.0,2025-01-01,4085.0,BWI,BNA,11.0,20.0,0,0,587.0,1
2025.0,1.0,2025-01-01,463.0,BNA,SAV,-9.0,-18.0,0,0,417.0,0
2025.0,1.0,2025-01-01,463.0,SAV,BWI,-9.0,2.0,0,0,549.0,0
2025.0,1.0,2025-01-01,61.0,LAX,KOA,-5.0,-23.0,0,0,2504.0,0
2025.0,1.0,2025-01-01,62.0,KOA,LAX,-2.0,1.0,0,0,2504.0,0
2025.0,1.0,2025-01-01,5684.0,CLE,BOS,-6.0,0.0,0,0,563.0,0
2025.0,1.0,2025-01-01,5692.0,BOS,DCA,-7.0,-29.0,0,0,399.0,0
2025.0,1.0,2025-01-01,5776.0,DCA,BOS,0.0,-20.0,0,0,399.0,0
2025.0,1.0,2025-01-01,3635.0,DFW,LBB,-5.0,-9.0,0,0,282.0,0
2025.0,1.0,2025-01-01,3635.0,LBB,DFW,-5.0,-13.0,0,0,282.0,0
2025.0,1.0,2025-01-01,3647.0,ABI,DFW,-5.0,-19.0,0,0,158.0,0
2025.0,1.0,2025-01-01,3953.0,ABQ,DFW,2.0,-4.0,0,0,569.0,0
2025.0,1.0,2025-01-01,3953.0,DFW,ABQ,-5.0,-5.0,0,0,569.0,0
2025.0,1.0,2025-01-01,3987.0,DFW,XNA,-4.0,-20.0,0,0,280.0,0
2025.0,1.0,2025-01-01,3987.0,XNA,DFW,-11.0,-27.0,0,0,280.0,0
2025.0,1.0,2025-01-01,4015.0,DFW,EVV,-3.0,-12.0,0,0,642.0,0
2025.0,1.0,2025-01-01,1855.0,LAX,EWR,32.0,32.0,0,0,2454.0,1
2025.0,1.0,2025-01-01,669.0,EWR,LAX,7.0,-15.0,0,0,2454.0,0
2025.0,1.0,2025-01-01,2422.0,JAX,DAL,14.0,4.0,0,0,907.0,0
2025.0,1.0,2025-01-01,258.0,BNA,JAX,0.0,2.0,0,0,483.0,0
2025.0,1.0,2025-01-01,4371.0,BHM,BWI,1.0,-9.0,0,0,682.0,0
2025.0,1.0,2025-01-01,4371.0,DAL,BHM,10.0,-2.0,0,0,587.0,0
2025.0,1.0,2025-01-01,4490.0,BWI,AUS,107.0,95.0,0,0,1342.0,1
2025.0,1.0,2025-01-01,47.0,OAK,HNL,-8.0,-11.0,0,0,2409.0,0
2025.0,1.0,2025-01-01,70.0,HNL,LGB,0.0,-3.0,0,0,2569.0,0
2025.0,1.0,2025-01-01,5715.0,LGA,CHS,-1.0,-9.0,0,0,641.0,0
2025.0,1.0,2025-01-01,5739.0,PIT,LGA,-4.0,-18.0,0,0,335.0,0
2025.0,1.0,2025-01-01,3405.0,ABI,DFW,-4.0,-19.0,0,0,158.0,0
2025.0,1.0,2025-01-01,3405.0,DFW,ABI,-4.0,-4.0,0,0,158.0,0
2025.0,1.0,2025-01-01,3685.0,DFW,BIS,-3.0,-19.0,0,0,977.0,0
2025.0,1.0,2025-01-01,3701.0,BHM,DFW,-8.0,-15.0,0,0,597.0,0
2025.0,1.0,2025-01-01,3855.0,DFW,BHM,-2.0,-17.0,0,0,597.0,0
2025.0,1.0,2025-01-01,2355.0,BWI,IND,-2.0,-3.0,0,0,516.0,0
2025.0,1.0,2025-01-01,2355.0,IND,PHX,9.0,3.0,0,0,1488.0,0
2025.0,1.0,2025-01-01,2355.0,MHT,BWI,-3.0,-12.0,0,0,377.0,0
2025.0,1.0,2025-01-01,4086.0,BWI,MHT,-4.0,5.0,0,0,377.0,0
2025.0,1.0,2025-01-01,4306.0,PHX,BNA,5.0,-13.0,0,0,1449.0,0
2025.0,1.0,2025-01-01,5647.0,IND,DTW,1.0,-9.0,0,0,231.0,0
2025.0,1.0,2025-01-01,5723.0,DTW,PIT,0.0,-7.0,0,0,201.0,0
2025.0,1.0,2025-01-01,5758.0,DTW,PIT,-7.0,5.0,0,0,201.0,0
2025.0,1.0,2025-01-01,5759.0,DTW,IND,-1.0,-11.0,0,0,231.0,0
2025.0,1.0,2025-01-01,5837.0,PIT,DTW,-7.0,33.0,0,0,201.0,1
2025.0,1.0,2025-01-01,5856.0,CMH,DTW,41.0,37.0,0,0,155.0,1
2025.0,1.0,2025-01-01,110.0,MCO,BWI,-2.0,-16.0,0,0,787.0,0
2025.0,1.0,2025-01-01,137.0,PIT,MCO,-1.0,0.0,0,0,834.0,0
2025.0,1.0,2025-01-01,2646.0,MDW,CVG,3.0,3.0,0,0,249.0,0
2025.0,1.0,2025-01-01,2646.0,MIA,MDW,-1.0,-10.0,0,0,1182.0,0
2025.0,1.0,2025-01-01,921.0,BWI,MIA,-8.0,-2.0,0,0,946.0,0
2025.0,1.0,2025-01-01,1472.0,PHX,CLE,34.0,18.0,0,0,1737.0,1
2025.0,1.0,2025-01-01,3091.0,LGA,CLE,-3.0,-21.0,0,0,419.0,0
2025.0,1.0,2025-01-01,3092.0,CLE,LGA,-6.0,0.0,0,0,419.0,0
2025.0,1.0,2025-01-01,4120.0,CLE,SJU,-6.0,-7.0,0,0,1839.0,0
2025.0,1.0,2025-01-01,42.0,OGG,SFO,-3.0,-23.0,0,0,2338.0,0
2025.0,1.0,2025-01-01,71.0,LGB,OGG,-12.0,-23.0,0,0,2498.0,0
2025.0,1.0,2025-01-01,3371.0,LIT,CLT,-5.0,-18.0,0,0,640.0,0
2025.0,1.0,2025-01-01,3458.0,CLT,HHH,-3.0,-6.0,0,0,207.0,0
2025.0,1.0,2025-01-01,3458.0,HHH,CLT,-5.0,-10.0,0,0,207.0,0
2025.0,1.0,2025-01-01,3811.0,BTR,CLT,-3.0,-19.0,0,0,675.0,0
2025.0,1.0,2025-01-01,3811.0,CLT,BTR,-3.0,-5.0,0,0,675.0,0
2025.0,1.0,2025-01-01,4087.0,CLT,XNA,-1.0,-3.0,0,0,754.0,0
2025.0,1.0,2025-01-01,1420.0,SAT,ATL,-2.0,-7.0,0,0,874.0,0
2025.0,1.0,2025-01-01,2006.0,DAL,SAT,4.0,-11.0,0,0,247.0,0
2025.0,1.0,2025-01-01,2006.0,MCO,RDU,-5.0,-14.0,0,0,534.0,0
2025.0,1.0,2025-01-01,2006.0,RDU,DAL,-3.0,0.0,0,0,1052.0,0
2025.0,1.0,2025-01-01,4947.0,ATL,BWI,-3.0,-21.0,0,0,577.0,0
2025.0,1.0,2025-01-01,818.0,RDU,MCO,-8.0,-23.0,0,0,534.0,0
2025.0,1.0,2025-01-01,3403.0,MIA,GSO,-4.0,-23.0,0,0,710.0,0
2025.0,1.0,2025-01-01,3444.0,CVG,MIA,-4.0,-12.0,0,0,948.0,0
2025.0,1.0,2025-01-01,3444.0,MIA,CVG,7.0,-8.0,0,0,948.0,0
2025.0,1.0,2025-01-01,4024.0,TVC,CLT,-5.0,9.0,0,0,702.0,0
2025.0,1.0,2025-01-01,5685.0,JFK,PIT,-4.0,-25.0,0,0,340.0,0
2025.0,1.0,2025-01-01,5685.0,PIT,JFK,-8.0,-16.0,0,0,340.0,0
2025.0,1.0,2025-01-01,5699.0,DCA,JFK,-5.0,-2.0,0,0,213.0,0
2025.0,1.0,2025-01-01,1860.0,ATL,GSP,-7.0,-10.0,0,0,153.0,0
2025.0,1.0,2025-01-01,2070.0,TPA,ATL,-7.0,-16.0,0,0,406.0,0
2025.0,1.0,2025-01-01,2248.0,GSP,ATL,-1.0,-14.0,0,0,153.0,0
2025.0,1.0,2025-01-01,2778.0,STL,DSM,6.0,-5.0,0,0,259.0,0
2025.0,1.0,2025-01-01,3950.0,DCA,STL,-2.0,-12.0,0,0,719.0,0
2025.0,1.0,2025-01-01,487.0,CMH,TPA,-3.0,-17.0,0,0,829.0,0
2025.0,1.0,2025-01-01,975.0,ATL,DCA,-1.0,-11.0,0,0,547.0,0
2025.0,1.0,2025-01-01,2826.0,CVG,RSW,-9.0,11.0,0,0,879.0,0
2025.0,1.0,2025-01-01,3686.0,RSW,ISP,1.0,-11.0,0,0,1101.0,0
2025.0,1.0,2025-01-01,3951.0,RSW,CVG,10.0,-2.0,0,0,879.0,0
2025.0,1.0,2025-01-01,3952.0,CVG,RSW,-12.0,-13.0,0,0,879.0,0
2025.0,1.0,2025-01-01,5703.0,BOS,BWI,-8.0,-11.0,0,0,369.0,0
2025.0,1.0,2025-01-01,5703.0,BWI,BOS,-3.0,-23.0,0,0,369.0,0
2025.0,1.0,2025-01-01,5853.0,BOS,CMH,-9.0,-19.0,0,0,640.0,0
2025.0,1.0,2025-01-01,3584.0,DFW,SDF,-3.0,-19.0,0,0,733.0,0
2025.0,1.0,2025-01-01,3584.0,SDF,DFW,-9.0,-3.0,0,0,733.0,0
2025.0,1.0,2025-01-01,3795.0,DFW,ABI,-4.0,-10.0,0,0,158.0,0
2025.0,1.0,2025-01-01,3974.0,DFW,VPS,-5.0,-20.0,0,0,641.0,0
2025.0,1.0,2025-01-01,3974.0,VPS,DFW,-10.0,-22.0,0,0,641.0,0
2025.0,1.0,2025-01-01,1476.0,TUS,LAS,-7.0,-19.0,0,0,365.0,0
2025.0,1.0,2025-01-01,1940.0,LAS,TUS,-1.0,-16.0,0,0,365.0,0
2025.0,1.0,2025-01-01,648.0,LAS,MKE,-5.0,-18.0,0,0,1524.0,0
2025.0,1.0,2025-01-01,648.0,TUS,LAS,-10.0,-21.0,0,0,365.0,0
2025.0,1.0,2025-01-01,1175.0,SFO,HNL,-5.0,-34.0,0,0,2398.0,0
2025.0,1.0,2025-01-01,201.0,HNL,GUM,0.0,-11.0,0,0,3801.0,0
2025.0,1.0,2025-01-01,1845.0,ATL,CVG,8.0,0.0,0,0,373.0,0
2025.0,1.0,2025-01-01,2013.0,TTN,MCO,-7.0,-10.0,0,0,896.0,0
2025.0,1.0,2025-01-01,2014.0,MCO,TTN,-5.0,-12.0,0,0,896.0,0
2025.0,1.0,2025-01-01,3975.0,MCO,ATL,11.0,5.0,0,0,404.0,0
2025.0,1.0,2025-01-01,5637.0,JFK,BOS,5.0,-7.0,0,0,187.0,0
2025.0,1.0,2025-01-01,5697.0,RIC,BOS,-8.0,-12.0,0,0,474.0,0
2025.0,1.0,2025-01-01,5713.0,DCA,JFK,8.0,-6.0,0,0,213.0,0
2025.0,1.0,2025-01-01,5713.0,JFK,DCA,-1.0,20.0,0,0,213.0,1
2025.0,1.0,2025-01-01,5720.0,BOS,JFK,11.0,-4.0,0,0,187.0,0
2025.0,1.0,2025-01-01,2882.0,JAX,BWI,-7.0,-14.0,0,0,663.0,0
2025.0,1.0,2025-01-01,4849.0,BWI,JAX,-6.0,-8.0,0,0,663.0,0
2025.0,1.0,2025-01-01,4953.0,BWI,PIT,-4.0,-11.0,0,0,210.0,0
2025.0,1.0,2025-01-01,790.0,DEN,TUS,-3.0,-5.0,0,0,639.0,0
2025.0,1.0,2025-01-01,790.0,PIT,DEN,-4.0,6.0,0,0,1290.0,0
2025.0,1.0,2025-01-01,830.0,PBI,BWI,-3.0,-16.0,0,0,883.0,0
2025.0,1.0,2025-01-01,3579.0,DFW,HOU,-9.0,-20.0,0,0,247.0,0
2025.0,1.0,2025-01-01,3975.0,DFW,GRR,-2.0,-12.0,0,0,931.0,0
2025.0,1.0,2025-01-01,3975.0,GRR,DFW,-8.0,-4.0,0,0,931.0,0
2025.0,1.0,2025-01-01,3980.0,DFW,JAN,-3.0,-11.0,0,0,408.0,0
2025.0,1.0,2025-01-01,3990.0,JAN,DFW,-4.0,-16.0,0,0,408.0,0
2025.0,1.0,2025-01-01,5695.0,DTW,MEM,10.0,-5.0,0,0,610.0,0
2025.0,1.0,2025-01-01,5854.0,SDF,DTW,-3.0,17.0,0,0,306.0,1
2025.0,1.0,2025-01-01,3760.0,OMA,PHX,-7.0,-26.0,0,0,1037.0,0
2025.0,1.0,2025-01-01,3760.0,PHX,OMA,38.0,12.0,0,0,1037.0,0
2025.0,1.0,2025-01-01,4136.0,PHX,SBP,3.0,-14.0,0,0,509.0,0
2025.0,1.0,2025-01-01,1145.0,SFO,MDW,-4.0,-34.0,0,0,1855.0,0
2025.0,1.0,2025-01-01,1782.0,MDW,OMA,-3.0,3.0,0,0,423.0,0
2025.0,1.0,2025-01-01,1782.0,OMA,DAL,9.0,7.0,0,0,586.0,0
2025.0,1.0,2025-01-01,647.0,DAL,STL,9.0,-7.0,0,0,546.0,0
2025.0,1.0,2025-01-01,1808.0,MCO,PHL,31.0,15.0,0,0,861.0,1
2025.0,1.0,2025-01-01,2340.0,TPA,PHL,25.0,16.0,0,0,920.0,1
2025.0,1.0,2025-01-01,3133.0,LGA,CLT,-11.0,-13.0,0,0,544.0,0
2025.0,1.0,2025-01-01,3855.0,PHL,MCO,21.0,24.0,0,0,861.0,1
2025.0,1.0,2025-01-01,4354.0,CLT,PHL,-10.0,-16.0,0,0,449.0,0
2025.0,1.0,2025-01-01,4807.0,PHL,TPA,-13.0,-3.0,0,0,920.0,0
2025.0,1.0,2025-01-01,5607.0,BOS,SAV,-5.0,-13.0,0,0,901.0,0
2025.0,1.0,2025-01-01,5607.0,SAV,BOS,-3.0,-34.0,0,0,901.0,0
2025.0,1.0,2025-01-01,5719.0,CVG,BOS,-3.0,-4.0,0,0,752.0,0
2025.0,1.0,2025-01-01,3464.0,ECP,DFW,-11.0,-19.0,0,0,685.0,0
2025.0,1.0,2025-01-01,3642.0,DFW,LIT,-3.0,-12.0,0,0,304.0,0
2025.0,1.0,2025-01-01,3642.0,LIT,DFW,-10.0,-12.0,0,0,304.0,0
2025.0,1.0,2025-01-01,3887.0,DFW,CMI,-3.0,-14.0,0,0,693.0,0
2025.0,1.0,2025-01-01,3934.0,DFW,LRD,-3.0,-5.0,0,0,396.0,0
2025.0,1.0,2025-01-01,3934.0,LRD,DFW,-8.0,-24.0,0,0,396.0,0
2025.0,1.0,2025-01-01,1755.0,ICT,DEN,-8.0,-2.0,0,0,420.0,0
2025.0,1.0,2025-01-01,196.0,SNA,LAS,52.0,37.0,0,0,226.0,1
2025.0,1.0,2025-01-01,234.0,DEN,SNA,43.0,49.0,0,0,846.0,1
2025.0,1.0,2025-01-01,2579.0,PHX,LAS,28.0,11.0,0,0,255.0,0
2025.0,1.0,2025-01-01,3290.0,LAS,PHX,28.0,16.0,0,0,255.0,1
2025.0,1.0,2025-01-01,3290.0,RNO,LAS,32.0,19.0,0,0,345.0,1
2025.0,1.0,2025-01-01,879.0,LAS,RNO,41.0,25.0,0,0,345.0,1
2025.0,1.0,2025-01-01,3923.0,PHX,SLC,104.0,118.0,0,0,507.0,1
2025.0,1.0,2025-01-01,3923.0,SLC,PHX,115.0,84.0,0,0,507.0,1
2025.0,1.0,2025-01-01,3956.0,BFL,PHX,-5.0,34.0,0,0,425.0,1
2025.0,1.0,2025-01-01,4028.0,PHX,ABQ,-5.0,-10.0,0,0,328.0,0
2025.0,1.0,2025-01-01,3415.0,DAL,LBB,25.0,30.0,0,0,293.0,1
2025.0,1.0,2025-01-01,4012.0,DAL,MCI,54.0,45.0,0,0,461.0,1
2025.0,1.0,2025-01-01,4012.0,LBB,DAL,27.0,14.0,0,0,293.0,0
2025.0,1.0,2025-01-01,4012.0,MCI,SAN,57.0,42.0,0,0,1334.0,1
2025.0,1.0,2025-01-01,4012.0,OAK,PDX,50.0,41.0,0,0,543.0,1
2025.0,1.0,2025-01-01,4012.0,SAN,OAK,41.0,45.0,0,0,446.0,1
2025.0,1.0,2025-01-01,4353.0,PDX,PHX,205.0,185.0,0,0,1009.0,1
2025.0,1.0,2025-01-01,2213.0,SNA,EWR,33.0,5.0,0,0,2434.0,0
2025.0,1.0,2025-01-01,1067.0,IAH,RNO,1.0,15.0,0,0,1530.0,1
2025.0,1.0,2025-01-01,537.0,RDU,IAH,-7.0,-5.0,0,0,1042.0,0
2025.0,1.0,2025-01-01,1590.0,SAT,EWR,-8.0,-36.0,0,0,1569.0,0
2025.0,1.0,2025-01-01,1279.0,GEG,LAX,-4.0,-6.0,0,0,945.0,0
2025.0,1.0,2025-01-01,1280.0,LAX,GEG,-3.0,-4.0,0,0,945.0,0
2025.0,1.0,2025-01-01,3354.0,DFW,ELP,-5.0,-12.0,0,0,551.0,0
2025.0,1.0,2025-01-01,3354.0,ELP,DFW,-13.0,-27.0,0,0,551.0,0
2025.0,1.0,2025-01-01,3651.0,DFW,ECP,-2.0,-8.0,0,0,685.0,0
2025.0,1.0,2025-01-01,3871.0,ECP,DFW,-5.0,-20.0,0,0,685.0,0
2025.0,1.0,2025-01-01,4116.0,GPT,DFW,27.0,24.0,0,0,500.0,1
2025.0,1.0,2025-01-01,1400.0,LAS,ONT,-2.0,-19.0,0,0,197.0,0
2025.0,1.0,2025-01-01,1400.0,RNO,LAS,-6.0,-29.0,0,0,345.0,0
2025.0,1.0,2025-01-01,4296.0,ONT,PHX,-5.0,-12.0,0,0,325.0,0
2025.0,1.0,2025-01-01,4296.0,PHX,ABQ,-5.0,-16.0,0,0,328.0,0
2025.0,1.0,2025-01-01,4331.0,PHX,SAN,62.0,52.0,0,0,304.0,1
2025.0,1.0,2025-01-01,4331.0,SAN,SJC,53.0,57.0,0,0,417.0,1
2025.0,1.0,2025-01-01,4406.0,ABQ,PHX,-4.0,-8.0,0,0,328.0,0
2025.0,1.0,2025-01-01,202.0,PHX,PDX,-8.0,4.0,0,0,1009.0,0
2025.0,1.0,2025-01-01,440.0,MIA,PDX,-6.0,41.0,0,0,2700.0,1
2025.0,1.0,2025-01-01,441.0,PDX,MIA,-8.0,4.0,0,0,2700.0,0
2025.0,1.0,2025-01-01,1401.0,BNA,DEN,-10.0,-13.0,0,0,1014.0,0
2025.0,1.0,2025-01-01,3079.0,ORD,BNA,-16.0,-12.0,0,0,409.0,0
2025.0,1.0,2025-01-01,3172.0,DEN,ORD,-8.0,-28.0,0,0,888.0,0
2025.0,1.0,2025-01-01,5619.0,IND,JFK,-6.0,-9.0,0,0,665.0,0
2025.0,1.0,2025-01-01,5767.0,JFK,CLE,-9.0,-3.0,0,0,425.0,0
2025.0,1.0,2025-01-01,3567.0,DFW,RAP,-8.0,-5.0,0,0,835.0,0
2025.0,1.0,2025-01-01,3886.0,DFW,MEM,-3.0,-15.0,0,0,431.0,0
2025.0,1.0,2025-01-01,3886.0,MEM,DFW,-1.0,-8.0,0,0,431.0,0
2025.0,1.0,2025-01-01,3916.0,DFW,GRK,-6.0,-2.0,0,0,134.0,0
2025.0,1.0,2025-01-01,3916.0,GRK,DFW,-1.0,-9.0,0,0,134.0,0
2025.0,1.0,2025-01-01,1320.0,MDW,DEN,13.0,-5.0,0,0,895.0,0
2025.0,1.0,2025-01-01,1659.0,BNA,CLT,28.0,15.0,0,0,328.0,1
2025.0,1.0,2025-01-01,2570.0,MCI,BNA,21.0,14.0,0,0,491.0,0
2025.0,1.0,2025-01-01,2570.0,PHX,MCI,9.0,-2.0,0,0,1044.0,0
2025.0,1.0,2025-01-01,4469.0,CLT,MDW,28.0,23.0,0,0,584.0,1
2025.0,1.0,2025-01-01,3394.0,FAR,PHX,-1.0,7.0,0,0,1225.0,0
2025.0,1.0,2025-01-01,3892.0,ONT,PHX,-1.0,-14.0,0,0,325.0,0
2025.0,1.0,2025-01-01,3892.0,PHX,ONT,8.0,5.0,0,0,325.0,0
2025.0,1.0,2025-01-01,1762.0,SJC,SNA,-6.0,-21.0,0,0,342.0,0
2025.0,1.0,2025-01-01,5664.0,BOS,RIC,-8.0,-21.0,0,0,474.0,0
2025.0,1.0,2025-01-01,5808.0,CHS,BOS,-10.0,-29.0,0,0,818.0,0
2025.0,1.0,2025-01-01,3336.0,TPA,MIA,-2.0,-3.0,0,0,204.0,0
2025.0,1.0,2025-01-01,3492.0,MIA,SAV,-3.0,-8.0,0,0,440.0,0
2025.0,1.0,2025-01-01,3492.0,SAV,MIA,-6.0,-3.0,0,0,440.0,0
2025.0,1.0,2025-01-01,3577.0,MIA,XNA,-1.0,-22.0,0,0,1099.0,0
2025.0,1.0,2025-01-01,3598.0,MIA,TPA,-3.0,-19.0,0,0,204.0,0
2025.0,1.0,2025-01-01,4189.0,SYR,MIA,-8.0,-24.0,0,0,1217.0,0
2025.0,1.0,2025-01-01,3787.0,MSO,SLC,-7.0,-7.0,0,0,436.0,0
2025.0,1.0,2025-01-01,3797.0,SLC,MSO,-10.0,14.0,0,0,436.0,0
2025.0,1.0,2025-01-01,3866.0,GEG,SLC,-2.0,-8.0,0,0,546.0,0
2025.0,1.0,2025-01-01,3866.0,SLC,GEG,-10.0,6.0,0,0,546.0,0
2025.0,1.0,2025-01-01,4084.0,ABQ,SLC,-5.0,-4.0,0,0,493.0,0
2025.0,1.0,2025-01-01,4084.0,SLC,ABQ,-7.0,-16.0,0,0,493.0,0
2025.0,1.0,2025-01-01,1390.0,STL,PHL,3.0,-8.0,0,0,814.0,0
2025.0,1.0,2025-01-01,1552.0,CLE,STL,159.0,163.0,0,0,487.0,1
2025.0,1.0,2025-01-01,5623.0,CLT,LGA,88.0,63.0,0,0,544.0,1
2025.0,1.0,2025-01-01,5836.0,LGA,MEM,-8.0,-18.0,0,0,963.0,0
2025.0,1.0,2025-01-01,3704.0,BZN,LAX,28.0,13.0,0,0,902.0,0
2025.0,1.0,2025-01-01,3704.0,LAX,BZN,35.0,36.0,0,0,902.0,1
2025.0,1.0,2025-01-01,3827.0,LAX,PHX,-3.0,-13.0,0,0,370.0,0
2025.0,1.0,2025-01-01,1879.0,ELP,PHX,-2.0,-15.0,0,0,347.0,0
2025.0,1.0,2025-01-01,1879.0,PHX,SDF,-1.0,-21.0,0,0,1506.0,0
2025.0,1.0,2025-01-01,698.0,OAK,SAN,-6.0,-12.0,0,0,446.0,0
2025.0,1.0,2025-01-01,698.0,SAN,ELP,-6.0,-11.0,0,0,636.0,0
2025.0,1.0,2025-01-01,2367.0,PIT,SFO,-1.0,-3.0,0,0,2254.0,0
2025.0,1.0,2025-01-01,1257.0,IAD,PHX,-4.0,-6.0,0,0,1956.0,0
2025.0,1.0,2025-01-01,1393.0,PHX,IAD,3.0,-25.0,0,0,1956.0,0
2025.0,1.0,2025-01-01,2667.0,IAD,ROC,-6.0,-15.0,0,0,288.0,0
2025.0,1.0,2025-01-01,2194.0,LAX,IAH,-9.0,-29.0,0,0,1379.0,0
2025.0,1.0,2025-01-01,5621.0,JFK,CHS,22.0,39.0,0,0,636.0,1
2025.0,1.0,2025-01-01,5626.0,BOS,CLT,-7.0,-8.0,0,0,728.0,0
2025.0,1.0,2025-01-01,5642.0,JAX,BOS,-1.0,-11.0,0,0,1010.0,0
2025.0,1.0,2025-01-01,5717.0,CLT,JFK,0.0,-5.0,0,0,541.0,0
2025.0,1.0,2025-01-01,3510.0,CMH,DFW,-2.0,-6.0,0,0,926.0,0
2025.0,1.0,2025-01-01,3669.0,DFW,LBB,-7.0,-18.0,0,0,282.0,0
2025.0,1.0,2025-01-01,3690.0,HRL,DFW,-13.0,-16.0,0,0,461.0,0
2025.0,1.0,2025-01-01,3900.0,DFW,FSD,-11.0,-22.0,0,0,737.0,0
2025.0,1.0,2025-01-01,3900.0,FSD,DFW,-9.0,-4.0,0,0,737.0,0
2025.0,1.0,2025-01-01,3932.0,DFW,HRL,-3.0,-5.0,0,0,461.0,0
2025.0,1.0,2025-01-01,1230.0,SFO,SAN,17.0,7.0,0,0,447.0,0
2025.0,1.0,2025-01-01,1795.0,MCO,SAT,-3.0,-14.0,0,0,1041.0,0
2025.0,1.0,2025-01-01,1795.0,SAT,DEN,-1.0,2.0,0,0,794.0,0
2025.0,1.0,2025-01-01,1850.0,SAN,DAL,14.0,7.0,0,0,1182.0,0
2025.0,1.0,2025-01-01,3669.0,DEN,SFO,2.0,-7.0,0,0,967.0,0
2025.0,1.0,2025-01-01,5606.0,BOS,CHS,-11.0,-11.0,0,0,818.0,0
2025.0,1.0,2025-01-01,5606.0,CHS,BOS,-11.0,-23.0,0,0,818.0,0
2025.0,1.0,2025-01-01,5662.0,BOS,RDU,-10.0,3.0,0,0,612.0,0
2025.0,1.0,2025-01-01,5835.0,RDU,BOS,-8.0,-13.0,0,0,612.0,0
2025.0,1.0,2025-01-01,3367.0,HDN,ORD,4.0,-27.0,0,0,1009.0,0
2025.0,1.0,2025-01-01,3602.0,ORD,HDN,14.0,5.0,0,0,1009.0,0
2025.0,1.0,2025-01-01,3648.0,ORD,GSO,-5.0,4.0,0,0,589.0,0
2025.0,1.0,2025-01-01,3957.0,LGA,BNA,-10.0,-15.0,0,0,764.0,0
2025.0,1.0,2025-01-01,4118.0,OKC,LGA,-7.0,-31.0,0,0,1341.0,0
2025.0,1.0,2025-01-01,1432.0,DEN,SJC,86.0,90.0,0,0,948.0,1
2025.0,1.0,2025-01-01,3208.0,MAF,LAS,-5.0,-7.0,0,0,795.0,0
2025.0,1.0,2025-01-01,3544.0,CVG,DEN,60.0,61.0,0,0,1069.0,1
2025.0,1.0,2025-01-01,719.0,DEN,CVG,36.0,26.0,0,0,1069.0,1
2025.0,1.0,2025-01-01,719.0,LAS,DEN,-1.0,-9.0,0,0,628.0,0
2025.0,1.0,2025-01-01,5650.0,CMH,JFK,7.0,2.0,0,0,483.0,0
2025.0,1.0,2025-01-01,5834.0,JFK,BTV,-7.0,-13.0,0,0,266.0,0
2025.0,1.0,2025-01-01,3586.0,TLH,MIA,-7.0,-16.0,0,0,402.0,0
2025.0,1.0,2025-01-01,3671.0,MIA,CVG,-5.0,-10.0,0,0,948.0,0
2025.0,1.0,2025-01-01,3722.0,SLC,MFR,-2.0,7.0,0,0,575.0,0
2025.0,1.0,2025-01-01,3874.0,OMA,SLC,-4.0,-22.0,0,0,840.0,0
2025.0,1.0,2025-01-01,1373.0,HOU,MAF,-3.0,-9.0,0,0,441.0,0
2025.0,1.0,2025-01-01,1979.0,MAF,HOU,,,1,0,441.0,
2025.0,1.0,2025-01-01,1819.0,DEN,IAH,-6.0,-23.0,0,0,862.0,0
2025.0,1.0,2025-01-01,2721.0,LAS,DEN,-8.0,-21.0,0,0,628.0,0
2025.0,1.0,2025-01-01,372.0,DEN,LAS,-1.0,-8.0,0,0,628.0,0
2025.0,1.0,2025-01-01,647.0,BOS,DEN,-2.0,-13.0,0,0,1754.0,0
2025.0,1.0,2025-01-01,1616.0,ORD,PDX,-5.0,-4.0,0,0,1739.0,0
2025.0,1.0,2025-01-01,2323.0,ORD,MCO,-2.0,-20.0,0,0,1005.0,0
2025.0,1.0,2025-01-01,2475.0,MCO,ORD,-6.0,-17.0,0,0,1005.0,0
2025.0,1.0,2025-01-01,1568.0,ORD,IAH,-5.0,-21.0,0,0,925.0,0
2025.0,1.0,2025-01-01,2125.0,IAH,ORD,-7.0,3.0,0,0,925.0,0
2025.0,1.0,2025-01-01,691.0,ORD,IAH,7.0,10.0,0,0,925.0,0
2025.0,1.0,2025-01-01,1327.0,ORD,FLL,48.0,37.0,0,0,1182.0,1
2025.0,1.0,2025-01-01,1755.0,FLL,ORD,7.0,-6.0,0,0,1182.0,0
2025.0,1.0,2025-01-01,1875.0,ORD,LAX,-4.0,-8.0,0,0,1744.0,0
2025.0,1.0,2025-01-01,2289.0,ORD,SFO,-2.0,-21.0,0,0,1846.0,0
2025.0,1.0,2025-01-01,1510.0,DEN,BOS,10.0,-15.0,0,0,1754.0,0
2025.0,1.0,2025-01-01,1510.0,SAN,DEN,33.0,15.0,0,0,853.0,1
2025.0,1.0,2025-01-01,2232.0,SFO,ORD,-3.0,-3.0,0,0,1846.0,0
2025.0,1.0,2025-01-01,660.0,ORD,SAN,37.0,35.0,0,0,1723.0,1
2025.0,1.0,2025-01-01,2651.0,DEN,SEA,23.0,30.0,0,0,1024.0,1
2025.0,1.0,2025-01-01,1418.0,MIA,ORD,-7.0,-16.0,0,0,1197.0,0
2025.0,1.0,2025-01-01,2004.0,ORD,MIA,-1.0,4.0,0,0,1197.0,0
2025.0,1.0,2025-01-01,2115.0,SFO,ORD,-10.0,-38.0,0,0,1846.0,0
2025.0,1.0,2025-01-01,3504.0,DFW,XNA,-3.0,-11.0,0,0,280.0,0
2025.0,1.0,2025-01-01,3528.0,PIA,DFW,-8.0,-14.0,0,0,672.0,0
2025.0,1.0,2025-01-01,3964.0,DFW,IAH,-3.0,-2.0,0,0,224.0,0
2025.0,1.0,2025-01-01,3964.0,IAH,DFW,-2.0,-26.0,0,0,224.0,0
2025.0,1.0,2025-01-01,3997.0,DFW,LFT,-4.0,-13.0,0,0,351.0,0
2025.0,1.0,2025-01-01,3997.0,LFT,DFW,-2.0,-7.0,0,0,351.0,0
2025.0,1.0,2025-01-01,1696.0,SLC,AUS,-3.0,-13.0,0,0,1086.0,0
2025.0,1.0,2025-01-01,2431.0,SMF,SEA,-7.0,-17.0,0,0,605.0,0
2025.0,1.0,2025-01-01,2431.0,SNA,SMF,-7.0,-8.0,0,0,404.0,0
2025.0,1.0,2025-01-01,3898.0,AUS,SNA,-5.0,-10.0,0,0,1209.0,0
2025.0,1.0,2025-01-01,4817.0,LAS,SLC,8.0,3.0,0,0,368.0,0
2025.0,1.0,2025-01-01,4817.0,SAN,LAS,-3.0,-7.0,0,0,258.0,0
2025.0,1.0,2025-01-01,5654.0,BOS,CMH,-11.0,-28.0,0,0,640.0,0
2025.0,1.0,2025-01-01,5733.0,JFK,BOS,-7.0,-21.0,0,0,187.0,0
2025.0,1.0,2025-01-01,5762.0,CHS,JFK,-4.0,-28.0,0,0,636.0,0
2025.0,1.0,2025-01-01,3416.0,BOS,STL,-1.0,-3.0,0,0,1047.0,0
2025.0,1.0,2025-01-01,3416.0,STL,BOS,-4.0,-20.0,0,0,1047.0,0
2025.0,1.0,2025-01-01,3599.0,BOS,CVG,0.0,-14.0,0,0,752.0,0
2025.0,1.0,2025-01-01,4697.0,CRW,ORD,14.0,5.0,0,0,416.0,0
2025.0,1.0,2025-01-01,5122.0,ORD,EAU,-13.0,-20.0,0,0,269.0,0
2025.0,1.0,2025-01-01,5289.0,ORD,CRW,-8.0,12.0,0,0,416.0,0
2025.0,1.0,2025-01-01,5309.0,SBN,ORD,-8.0,-21.0,0,0,84.0,0
2025.0,1.0,2025-01-01,5346.0,SDF,ORD,39.0,35.0,0,0,286.0,1
2025.0,1.0,2025-01-01,5372.0,ORD,SDF,59.0,53.0,0,0,286.0,1
2025.0,1.0,2025-01-01,3855.0,SEA,EUG,-1.0,-11.0,0,0,234.0,0
2025.0,1.0,2025-01-01,2602.0,JAC,EWR,1.0,23.0,0,0,1874.0,1
2025.0,1.0,2025-01-01,618.0,EWR,JAC,-5.0,-26.0,0,0,1874.0,0
2025.0,1.0,2025-01-01,741.0,EWR,RDU,49.0,53.0,0,0,416.0,1
2025.0,1.0,2025-01-01,1891.0,EGE,IAH,20.0,6.0,0,0,934.0,0
2025.0,1.0,2025-01-01,2232.0,ORD,EGE,6.0,-11.0,0,0,1007.0,0
2025.0,1.0,2025-01-01,691.0,MSN,ORD,-6.0,-6.0,0,0,108.0,0
2025.0,1.0,2025-01-01,744.0,IAH,CLE,-1.0,-22.0,0,0,1091.0,0
2025.0,1.0,2025-01-01,1576.0,ORD,LGA,7.0,-8.0,0,0,733.0,0
2025.0,1.0,2025-01-01,2263.0,EYW,ORD,-7.0,2.0,0,0,1251.0,0
2025.0,1.0,2025-01-01,2617.0,MEM,ORD,-2.0,-10.0,0,0,491.0,0
2025.0,1.0,2025-01-01,325.0,ORD,EYW,-7.0,-6.0,0,0,1251.0,0
2025.0,1.0,2025-01-01,1156.0,SEA,SAN,-8.0,-29.0,0,0,1050.0,0
2025.0,1.0,2025-01-01,364.0,BOS,SEA,-9.0,-45.0,0,0,2496.0,0
2025.0,1.0,2025-01-01,510.0,SLC,SEA,-11.0,-11.0,0,0,689.0,0
2025.0,1.0,2025-01-01,518.0,SEA,SLC,-1.0,-20.0,0,0,689.0,0
2025.0,1.0,2025-01-01,3469.0,MIA,AUS,-1.0,-28.0,0,0,1103.0,0
2025.0,1.0,2025-01-01,3546.0,MIA,SAV,-7.0,-30.0,0,0,440.0,0
2025.0,1.0,2025-01-01,3684.0,AUS,MIA,-3.0,-12.0,0,0,1103.0,0
2025.0,1.0,2025-01-01,3727.0,ILM,MIA,-4.0,-11.0,0,0,601.0,0
2025.0,1.0,2025-01-01,3766.0,JAX,MIA,-9.0,-16.0,0,0,335.0,0
2025.0,1.0,2025-01-01,3766.0,MIA,JAX,-10.0,-27.0,0,0,335.0,0
2025.0,1.0,2025-01-01,1348.0,RNO,SAN,-2.0,-4.0,0,0,488.0,0
2025.0,1.0,2025-01-01,2451.0,SAN,SMF,-2.0,-2.0,0,0,480.0,0
2025.0,1.0,2025-01-01,2868.0,SMF,BUR,-4.0,-12.0,0,0,358.0,0
2025.0,1.0,2025-01-01,3750.0,PHX,SMF,0.0,-12.0,0,0,647.0,0
2025.0,1.0,2025-01-01,4024.0,BUR,PHX,2.0,-8.0,0,0,369.0,0
2025.0,1.0,2025-01-01,4958.0,SMF,SNA,39.0,43.0,0,0,404.0,1
2025.0,1.0,2025-01-01,144.0,FAI,SEA,-14.0,-29.0,0,0,1533.0,0
2025.0,1.0,2025-01-01,490.0,SEA,MSY,7.0,-14.0,0,0,2086.0,0
2025.0,1.0,2025-01-01,516.0,SEA,FLL,-8.0,22.0,0,0,2717.0,1
2025.0,1.0,2025-01-01,517.0,FLL,SEA,24.0,25.0,0,0,2717.0,1
2025.0,1.0,2025-01-01,3728.0,MIA,ILM,5.0,4.0,0,0,601.0,0
2025.0,1.0,2025-01-01,3977.0,CVG,MIA,0.0,-13.0,0,0,948.0,0
2025.0,1.0,2025-01-01,4268.0,MIA,ORF,-4.0,-4.0,0,0,802.0,0
2025.0,1.0,2025-01-01,4268.0,ORF,MIA,0.0,-12.0,0,0,802.0,0
2025.0,1.0,2025-01-01,1121.0,MCO,IND,-5.0,-20.0,0,0,829.0,0
2025.0,1.0,2025-01-01,1615.0,AUS,IND,92.0,82.0,0,0,919.0,1
2025.0,1.0,2025-01-01,1964.0,ELP,AUS,100.0,96.0,0,0,528.0,1
2025.0,1.0,2025-01-01,608.0,AUS,ELP,82.0,85.0,0,0,528.0,1
2025.0,1.0,2025-01-01,608.0,IND,AUS,81.0,84.0,0,0,919.0,1
2025.0,1.0,2025-01-01,2480.0,SFO,IAD,10.0,-10.0,0,0,2419.0,0
2025.0,1.0,2025-01-01,1890.0,LAX,EWR,3.0,-9.0,0,0,2454.0,0
2025.0,1.0,2025-01-01,2679.0,EWR,LAX,0.0,6.0,0,0,2454.0,0
2025.0,1.0,2025-01-01,3472.0,JAX,MIA,-4.0,-9.0,0,0,335.0,0
2025.0,1.0,2025-01-01,3472.0,MIA,JAX,-6.0,-15.0,0,0,335.0,0
2025.0,1.0,2025-01-01,3888.0,MIA,EYW,75.0,87.0,0,0,126.0,1
2025.0,1.0,2025-01-01,4042.0,DCA,CMH,-2.0,-1.0,0,0,323.0,0
2025.0,1.0,2025-01-01,4167.0,EYW,DCA,70.0,39.0,0,0,1023.0,1
2025.0,1.0,2025-01-01,4113.0,SNA,SJC,-8.0,-18.0,0,0,342.0,0
2025.0,1.0,2025-01-01,4256.0,LAX,PHX,-8.0,-23.0,0,0,370.0,0
2025.0,1.0,2025-01-01,4576.0,SJC,SAN,-8.0,-11.0,0,0,417.0,0
2025.0,1.0,2025-01-01,3532.0,BMI,DFW,-5.0,1.0,0,0,690.0,0
2025.0,1.0,2025-01-01,3574.0,DFW,PIA,1.0,-2.0,0,0,672.0,0
2025.0,1.0,2025-01-01,12.0,ATL,BWI,-5.0,-19.0,0,0,577.0,0
2025.0,1.0,2025-01-01,12.0,BWI,PVD,4.0,-7.0,0,0,327.0,0
2025.0,1.0,2025-01-01,12.0,CRP,HOU,-5.0,-17.0,0,0,187.0,0
2025.0,1.0,2025-01-01,12.0,DAL,ATL,0.0,-18.0,0,0,721.0,0
2025.0,1.0,2025-01-01,12.0,HOU,DAL,-4.0,-19.0,0,0,239.0,0
2025.0,1.0,2025-01-01,12.0,PVD,MCO,1.0,4.0,0,0,1072.0,0
2025.0,1.0,2025-01-01,347.0,MCO,SEA,2.0,2.0,0,0,2554.0,0
2025.0,1.0,2025-01-01,394.0,SEA,MCO,-2.0,-7.0,0,0,2554.0,0
2025.0,1.0,2025-01-01,3920.0,AMA,DFW,-1.0,-9.0,0,0,312.0,0
2025.0,1.0,2025-01-01,3920.0,DFW,AMA,-10.0,-19.0,0,0,312.0,0
2025.0,1.0,2025-01-01,3976.0,SGF,DFW,-9.0,-28.0,0,0,364.0,0
2025.0,1.0,2025-01-01,6215.0,BOI,LAS,44.0,39.0,0,0,519.0,1
2025.0,1.0,2025-01-01,6506.0,LAS,RNO,12.0,1.0,0,0,345.0,0
2025.0,1.0,2025-01-01,6507.0,RNO,LAS,-11.0,-28.0,0,0,345.0,0
2025.0,1.0,2025-01-01,6615.0,PHX,BOI,-3.0,25.0,0,0,735.0,1
2025.0,1.0,2025-01-01,3951.0,ILM,DFW,-6.0,1.0,0,0,1106.0,0
2025.0,1.0,2025-01-01,3995.0,DFW,CMH,-4.0,-4.0,0,0,926.0,0
2025.0,1.0,2025-01-01,3750.0,BOI,SEA,-7.0,20.0,0,0,399.0,1
2025.0,1.0,2025-01-01,3954.0,SEA,MFR,-8.0,-16.0,0,0,352.0,0
2025.0,1.0,2025-01-01,4141.0,RDM,SEA,-6.0,-16.0,0,0,228.0,0
2025.0,1.0,2025-01-01,4141.0,SEA,RDM,-8.0,-18.0,0,0,228.0,0
2025.0,1.0,2025-01-01,1385.0,SDF,MDW,0.0,-5.0,0,0,271.0,0
2025.0,1.0,2025-01-01,1622.0,BNA,MDW,-4.0,-14.0,0,0,395.0,0
2025.0,1.0,2025-01-01,225.0,DEN,ORD,-4.0,-17.0,0,0,888.0,0
2025.0,1.0,2025-01-01,2831.0,MDW,SDF,-5.0,0.0,0,0,271.0,0
2025.0,1.0,2025-01-01,353.0,ORD,BNA,-5.0,-5.0,0,0,409.0,0
2025.0,1.0,2025-01-01,3969.0,MDW,BNA,-3.0,-16.0,0,0,395.0,0
2025.0,1.0,2025-01-01,22.0,SEA,JFK,-4.0,-38.0,0,0,2422.0,0
2025.0,1.0,2025-01-01,402.0,SEA,CHS,-1.0,-29.0,0,0,2415.0,0
2025.0,1.0,2025-01-01,485.0,CHS,SEA,-6.0,0.0,0,0,2415.0,0
2025.0,1.0,2025-01-01,595.0,AUS,SEA,-9.0,-6.0,0,0,1770.0,0
2025.0,1.0,2025-01-01,3460.0,DFW,HRL,3.0,0.0,0,0,461.0,0
2025.0,1.0,2025-01-01,3883.0,CHA,DFW,-6.0,8.0,0,0,695.0,0
2025.0,1.0,2025-01-01,3933.0,HRL,DFW,-8.0,-16.0,0,0,461.0,0
2025.0,1.0,2025-01-01,4117.0,DFW,CHS,-2.0,-20.0,0,0,987.0,0
2025.0,1.0,2025-01-01,4122.0,DFW,ILM,-1.0,-14.0,0,0,1106.0,0
2025.0,1.0,2025-01-01,4122.0,ILM,DFW,-5.0,1.0,0,0,1106.0,0
2025.0,1.0,2025-01-01,1388.0,DEN,SFO,30.0,31.0,0,0,967.0,1
2025.0,1.0,2025-01-01,1388.0,MDW,DEN,10.0,11.0,0,0,895.0,0
2025.0,1.0,2025-01-01,2689.0,MCI,MDW,-3.0,-16.0,0,0,405.0,0
2025.0,1.0,2025-01-01,2814.0,MDW,MCI,-6.0,-14.0,0,0,405.0,0
2025.0,1.0,2025-01-01,541.0,SFO,SAN,33.0,41.0,0,0,447.0,1
2025.0,1.0,2025-01-01,3393.0,XNA,MIA,0.0,0.0,0,0,1099.0,0
2025.0,1.0,2025-01-01,3762.0,PNS,MIA,34.0,25.0,0,0,530.0,1
2025.0,1.0,2025-01-01,4092.0,MIA,PNS,35.0,34.0,0,0,530.0,1
2025.0,1.0,2025-01-01,3755.0,LAX,SMF,-1.0,-10.0,0,0,373.0,0
2025.0,1.0,2025-01-01,3755.0,SMF,LAX,-7.0,-23.0,0,0,373.0,0
2025.0,1.0,2025-01-01,4057.0,PHX,LAX,-3.0,-17.0,0,0,370.0,0
2025.0,1.0,2025-01-01,4126.0,LAX,RNO,13.0,4.0,0,0,391.0,0
2025.0,1.0,2025-01-01,2075.0,DEN,LAX,16.0,6.0,0,0,862.0,0
2025.0,1.0,2025-01-01,2775.0,MCI,DCA,27.0,17.0,0,0,949.0,1
2025.0,1.0,2025-01-01,2775.0,MSY,MCI,32.0,23.0,0,0,689.0,1
2025.0,1.0,2025-01-01,2818.0,DCA,MKE,28.0,20.0,0,0,634.0,1
2025.0,1.0,2025-01-01,2818.0,MKE,DEN,17.0,11.0,0,0,896.0,0
2025.0,1.0,2025-01-01,3335.0,MIA,CMH,-5.0,-15.0,0,0,990.0,0
2025.0,1.0,2025-01-01,3345.0,EYW,MIA,-2.0,-3.0,0,0,126.0,0
2025.0,1.0,2025-01-01,3348.0,CMH,BOS,-8.0,-13.0,0,0,640.0,0
2025.0,1.0,2025-01-01,4051.0,MIA,EYW,-7.0,-9.0,0,0,126.0,0
2025.0,1.0,2025-01-01,3781.0,MFR,SEA,-12.0,-12.0,0,0,352.0,0
2025.0,1.0,2025-01-01,3899.0,SEA,SFO,-5.0,-25.0,0,0,679.0,0
2025.0,1.0,2025-01-01,3899.0,SFO,SEA,-11.0,-34.0,0,0,679.0,0
2025.0,1.0,2025-01-01,4027.0,SEA,ONT,0.0,-22.0,0,0,956.0,0
2025.0,1.0,2025-01-01,1969.0,DAL,MDW,1.0,-14.0,0,0,793.0,0
2025.0,1.0,2025-01-01,1969.0,MDW,DTW,5.0,19.0,0,0,228.0,1
2025.0,1.0,2025-01-01,2673.0,DTW,MDW,20.0,6.0,0,0,228.0,0
2025.0,1.0,2025-01-01,2673.0,MDW,TUL,13.0,6.0,0,0,583.0,0
2025.0,1.0,2025-01-01,3126.0,STL,BOS,-4.0,-7.0,0,0,1047.0,0
2025.0,1.0,2025-01-01,3395.0,TUL,STL,0.0,-10.0,0,0,351.0,0
2025.0,1.0,2025-01-01,3656.0,LIT,ORD,-7.0,24.0,0,0,552.0,1
2025.0,1.0,2025-01-01,3682.0,ATL,ORD,0.0,-9.0,0,0,606.0,0
2025.0,1.0,2025-01-01,3794.0,ORD,ATL,18.0,1.0,0,0,606.0,0
2025.0,1.0,2025-01-01,3899.0,ORD,TYS,-3.0,0.0,0,0,475.0,0
2025.0,1.0,2025-01-01,3899.0,TYS,ORD,5.0,-8.0,0,0,475.0,0
2025.0,1.0,2025-01-01,3600.0,ORD,JFK,-1.0,41.0,0,0,740.0,1
2025.0,1.0,2025-01-01,3931.0,BNA,JFK,21.0,-4.0,0,0,765.0,0
2025.0,1.0,2025-01-01,3931.0,JFK,BNA,22.0,24.0,0,0,765.0,1
2025.0,1.0,2025-01-01,4025.0,JFK,ORD,3.0,-12.0,0,0,740.0,0
2025.0,1.0,2025-01-01,1729.0,LAS,MDW,-1.0,-17.0,0,0,1521.0,0
2025.0,1.0,2025-01-01,1888.0,MDW,DAL,-8.0,-15.0,0,0,793.0,0
2025.0,1.0,2025-01-01,2191.0,ONT,LAS,1.0,-7.0,0,0,197.0,0
2025.0,1.0,2025-01-01,2454.0,EWR,ATL,-3.0,-7.0,0,0,746.0,0
2025.0,1.0,2025-01-01,2634.0,ATL,IAD,-5.0,0.0,0,0,534.0,0
2025.0,1.0,2025-01-01,3447.0,DSM,PHX,-5.0,-20.0,0,0,1150.0,0
2025.0,1.0,2025-01-01,3785.0,PHX,MEM,-1.0,-15.0,0,0,1264.0,0
2025.0,1.0,2025-01-01,4060.0,ELP,PHX,1.0,-4.0,0,0,347.0,0
2025.0,1.0,2025-01-01,4060.0,PHX,ELP,-3.0,5.0,0,0,347.0,0
2025.0,1.0,2025-01-01,3801.0,FCA,SLC,6.0,36.0,0,0,531.0,1
2025.0,1.0,2025-01-01,3801.0,SLC,FCA,-1.0,8.0,0,0,531.0,0
2025.0,1.0,2025-01-01,3870.0,SLC,TWF,18.0,34.0,0,0,175.0,1
2025.0,1.0,2025-01-01,3910.0,PSC,SLC,0.0,-17.0,0,0,521.0,0
2025.0,1.0,2025-01-01,105.0,ELP,AUS,-9.0,-16.0,0,0,528.0,0
2025.0,1.0,2025-01-01,163.0,AUS,DAL,-5.0,-24.0,0,0,189.0,0
2025.0,1.0,2025-01-01,163.0,DAL,ELP,-3.0,-16.0,0,0,562.0,0
2025.0,1.0,2025-01-01,2936.0,BNA,VPS,-2.0,-13.0,0,0,389.0,0
2025.0,1.0,2025-01-01,3144.0,ELP,MDW,-2.0,-16.0,0,0,1237.0,0
2025.0,1.0,2025-01-01,972.0,MDW,BNA,4.0,-3.0,0,0,395.0,0
2025.0,1.0,2025-01-01,3344.0,DFW,HRL,-1.0,-3.0,0,0,461.0,0
2025.0,1.0,2025-01-01,3501.0,BRO,DFW,-4.0,-15.0,0,0,482.0,0
2025.0,1.0,2025-01-01,3501.0,DFW,BRO,-5.0,-20.0,0,0,482.0,0
2025.0,1.0,2025-01-01,3757.0,DFW,MEM,-4.0,-6.0,0,0,431.0,0
2025.0,1.0,2025-01-01,3757.0,MEM,DFW,-6.0,-10.0,0,0,431.0,0
2025.0,1.0,2025-01-01,4096.0,XNA,DFW,-5.0,-16.0,0,0,280.0,0
2025.0,1.0,2025-01-01,4108.0,DFW,SGF,-5.0,-11.0,0,0,364.0,0
2025.0,1.0,2025-01-01,4108.0,SGF,DFW,-8.0,-21.0,0,0,364.0,0
2025.0,1.0,2025-01-01,3680.0,IAD,MSP,-2.0,-5.0,0,0,908.0,0
2025.0,1.0,2025-01-01,3680.0,MSP,IAD,-3.0,-23.0,0,0,908.0,0
2025.0,1.0,2025-01-01,3791.0,MSP,OKC,-6.0,-24.0,0,0,694.0,0
2025.0,1.0,2025-01-01,3844.0,OKC,MSP,32.0,10.0,0,0,694.0,0
2025.0,1.0,2025-01-01,2625.0,LAX,DEN,1.0,-11.0,0,0,862.0,0
2025.0,1.0,2025-01-01,2625.0,SMF,LAX,19.0,1.0,0,0,373.0,0
2025.0,1.0,2025-01-01,2733.0,LAS,LGB,29.0,13.0,0,0,231.0,0
2025.0,1.0,2025-01-01,2733.0,LGB,SMF,15.0,19.0,0,0,387.0,1
2025.0,1.0,2025-01-01,4184.0,DEN,DTW,16.0,1.0,0,0,1123.0,0
2025.0,1.0,2025-01-01,3413.0,DFW,SDF,-5.0,-14.0,0,0,733.0,0
2025.0,1.0,2025-01-01,3413.0,SDF,DFW,-10.0,-9.0,0,0,733.0,0
2025.0,1.0,2025-01-01,3534.0,MLI,DFW,2.0,-7.0,0,0,691.0,0
2025.0,1.0,2025-01-01,3588.0,DFW,MAF,-6.0,-9.0,0,0,309.0,0
2025.0,1.0,2025-01-01,3850.0,DAY,DFW,-13.0,2.0,0,0,861.0,0
2025.0,1.0,2025-01-01,3859.0,DFW,DAY,-8.0,-18.0,0,0,861.0,0
2025.0,1.0,2025-01-01,4134.0,OAK,SLC,9.0,-5.0,0,0,588.0,0
2025.0,1.0,2025-01-01,4134.0,SLC,OAK,18.0,14.0,0,0,588.0,0
2025.0,1.0,2025-01-01,3228.0,PHX,SAN,-3.0,-20.0,0,0,304.0,0
2025.0,1.0,2025-01-01,3970.0,PHX,ORD,29.0,9.0,0,0,1440.0,0
2025.0,1.0,2025-01-01,3970.0,SAN,PHX,39.0,31.0,0,0,304.0,1
2025.0,1.0,2025-01-01,5.0,DAL,HOU,-5.0,-7.0,0,0,239.0,0
2025.0,1.0,2025-01-01,5.0,HOU,LGB,-1.0,-21.0,0,0,1374.0,0
2025.0,1.0,2025-01-01,5.0,LGB,PHX,4.0,-4.0,0,0,355.0,0
2025.0,1.0,2025-01-01,106.0,FAI,SEA,-2.0,-29.0,0,0,1533.0,0
2025.0,1.0,2025-01-01,106.0,SEA,FAI,-7.0,-15.0,0,0,1533.0,0
2025.0,1.0,2025-01-01,132.0,EUG,SEA,-5.0,-9.0,0,0,234.0,0
2025.0,1.0,2025-01-01,371.0,SEA,PHL,0.0,-24.0,0,0,2378.0,0
2025.0,1.0,2025-01-01,3358.0,GNV,MIA,-5.0,-7.0,0,0,294.0,0
2025.0,1.0,2025-01-01,3754.0,MIA,GSO,-3.0,0.0,0,0,710.0,0
2025.0,1.0,2025-01-01,4086.0,CMH,MIA,-8.0,-23.0,0,0,990.0,0
2025.0,1.0,2025-01-01,4086.0,MIA,CMH,-5.0,-23.0,0,0,990.0,0
2025.0,1.0,2025-01-01,3745.0,TUS,SLC,-9.0,-26.0,0,0,601.0,0
2025.0,1.0,2025-01-01,3788.0,SLC,COS,106.0,113.0,0,0,411.0,1
2025.0,1.0,2025-01-01,3978.0,BOI,SLC,1.0,6.0,0,0,290.0,0
2025.0,1.0,2025-01-01,3978.0,SLC,BOI,-6.0,4.0,0,0,290.0,0
2025.0,1.0,2025-01-01,4112.0,MSO,SLC,-10.0,-7.0,0,0,436.0,0
2025.0,1.0,2025-01-01,4112.0,SLC,MSO,-1.0,-13.0,0,0,436.0,0
2025.0,1.0,2025-01-01,1268.0,STL,DAL,5.0,-2.0,0,0,546.0,0
2025.0,1.0,2025-01-01,1724.0,DAL,BNA,29.0,17.0,0,0,623.0,1
2025.0,1.0,2025-01-01,1931.0,HOU,OKC,-2.0,-13.0,0,0,419.0,0
2025.0,1.0,2025-01-01,1931.0,OKC,DCA,-7.0,-27.0,0,0,1158.0,0
2025.0,1.0,2025-01-01,202.0,SAT,HOU,-8.0,-21.0,0,0,192.0,0
2025.0,1.0,2025-01-01,3085.0,DCA,STL,-7.0,-10.0,0,0,719.0,0
2025.0,1.0,2025-01-01,3454.0,DFW,GJT,-5.0,-8.0,0,0,773.0,0
2025.0,1.0,2025-01-01,3454.0,GJT,DFW,-3.0,-18.0,0,0,773.0,0
2025.0,1.0,2025-01-01,3535.0,LBB,DFW,-3.0,-15.0,0,0,282.0,0
2025.0,1.0,2025-01-01,3717.0,BTR,DFW,-12.0,-3.0,0,0,383.0,0
2025.0,1.0,2025-01-01,3729.0,DFW,BTR,-8.0,-15.0,0,0,383.0,0
2025.0,1.0,2025-01-01,3948.0,DFW,CRP,-4.0,-11.0,0,0,354.0,0
2025.0,1.0,2025-01-01,383.0,ATL,AUS,-6.0,-19.0,0,0,813.0,0
2025.0,1.0,2025-01-01,383.0,LAX,STL,-4.0,-28.0,0,0,1592.0,0
2025.0,1.0,2025-01-01,383.0,STL,ATL,-6.0,-23.0,0,0,484.0,0
2025.0,1.0,2025-01-01,686.0,AUS,LAS,-8.0,-19.0,0,0,1090.0,0
2025.0,1.0,2025-01-01,1131.0,DEN,SAT,6.0,-13.0,0,0,794.0,0
2025.0,1.0,2025-01-01,2243.0,SAT,ORD,1.0,-9.0,0,0,1041.0,0
2025.0,1.0,2025-01-01,2865.0,FCA,DEN,1.0,-1.0,0,0,752.0,0
2025.0,1.0,2025-01-01,747.0,ORD,LGA,21.0,31.0,0,0,733.0,1
2025.0,1.0,2025-01-01,1152.0,SFO,DFW,-11.0,-28.0,0,0,1464.0,0
2025.0,1.0,2025-01-01,1868.0,SFO,LAS,-3.0,-22.0,0,0,414.0,0
2025.0,1.0,2025-01-01,1998.0,SFO,SAN,-7.0,-12.0,0,0,447.0,0
2025.0,1.0,2025-01-01,2117.0,SAN,SFO,-10.0,-16.0,0,0,447.0,0
2025.0,1.0,2025-01-01,354.0,LAS,SFO,-1.0,-6.0,0,0,414.0,0
2025.0,1.0,2025-01-01,2045.0,DEN,TPA,0.0,27.0,0,0,1506.0,1
2025.0,1.0,2025-01-01,2325.0,TPA,DEN,20.0,16.0,0,0,1506.0,1
2025.0,1.0,2025-01-01,1324.0,DFW,ORD,230.0,221.0,0,0,802.0,1
2025.0,1.0,2025-01-01,2333.0,ORD,DFW,29.0,9.0,0,0,802.0,0
2025.0,1.0,2025-01-01,2360.0,ORD,MSP,7.0,-2.0,0,0,334.0,0
2025.0,1.0,2025-01-01,2668.0,OMA,ORD,-3.0,-32.0,0,0,416.0,0
2025.0,1.0,2025-01-01,3769.0,MFR,SLC,-4.0,-32.0,0,0,575.0,0
2025.0,1.0,2025-01-01,3825.0,SLC,PIH,-2.0,-6.0,0,0,150.0,0
2025.0,1.0,2025-01-01,3944.0,IDA,SLC,-6.0,-1.0,0,0,188.0,0
2025.0,1.0,2025-01-01,3944.0,SLC,IDA,-1.0,-14.0,0,0,188.0,0
2025.0,1.0,2025-01-01,1206.0,DEN,PHX,14.0,17.0,0,0,602.0,1
2025.0,1.0,2025-01-01,207.0,DEN,MDW,14.0,-6.0,0,0,895.0,0
2025.0,1.0,2025-01-01,313.0,PHX,SAN,31.0,26.0,0,0,304.0,1
2025.0,1.0,2025-01-01,313.0,SAN,SMF,31.0,38.0,0,0,480.0,1
2025.0,1.0,2025-01-01,313.0,SMF,DEN,39.0,22.0,0,0,909.0,1
2025.0,1.0,2025-01-01,334.0,SEA,ATL,-7.0,-7.0,0,0,2182.0,0
2025.0,1.0,2025-01-01,349.0,BWI,SEA,-10.0,-40.0,0,0,2335.0,0
2025.0,1.0,2025-01-01,783.0,ATL,PDX,8.0,32.0,0,0,2172.0,1
2025.0,1.0,2025-01-01,3506.0,DFW,EVV,-1.0,-7.0,0,0,642.0,0
2025.0,1.0,2025-01-01,3506.0,EVV,DFW,-2.0,-1.0,0,0,642.0,0
2025.0,1.0,2025-01-01,3658.0,DFW,FWA,-5.0,-20.0,0,0,859.0,0
2025.0,1.0,2025-01-01,4251.0,TLH,DFW,244.0,233.0,0,0,767.0,1
2025.0,1.0,2025-01-01,3836.0,MSP,OMA,-4.0,-9.0,0,0,282.0,0
2025.0,1.0,2025-01-01,4015.0,MCI,MSP,-10.0,-26.0,0,0,393.0,0
2025.0,1.0,2025-01-01,4015.0,MSP,MCI,-7.0,0.0,0,0,393.0,0
2025.0,1.0,2025-01-01,4136.0,MOT,MSP,-13.0,-1.0,0,0,449.0,0
2025.0,1.0,2025-01-01,1402.0,STL,LAS,19.0,11.0,0,0,1371.0,0
2025.0,1.0,2025-01-01,1426.0,LAS,SMF,-7.0,-16.0,0,0,397.0,0
2025.0,1.0,2025-01-01,2241.0,ELP,LAS,-4.0,-5.0,0,0,583.0,0
2025.0,1.0,2025-01-01,3554.0,MCO,STL,-1.0,-17.0,0,0,882.0,0
2025.0,1.0,2025-01-01,408.0,BHM,MCO,-4.0,-14.0,0,0,479.0,0
2025.0,1.0,2025-01-01,4392.0,LAS,ELP,15.0,3.0,0,0,583.0,0
2025.0,1.0,2025-01-01,1757.0,IAD,SFO,34.0,21.0,0,0,2419.0,1
2025.0,1.0,2025-01-01,200.0,GUM,HNL,1.0,-12.0,0,0,3801.0,0
2025.0,1.0,2025-01-01,717.0,SFO,IAD,-2.0,-18.0,0,0,2419.0,0
2025.0,1.0,2025-01-01,18.0,PDX,JFK,-8.0,-24.0,0,0,2454.0,0
2025.0,1.0,2025-01-01,41.0,JFK,SFO,-9.0,-14.0,0,0,2586.0,0
2025.0,1.0,2025-01-01,683.0,SFO,MCO,-3.0,-20.0,0,0,2446.0,0
2025.0,1.0,2025-01-01,1387.0,TUS,DEN,26.0,18.0,0,0,639.0,1
2025.0,1.0,2025-01-01,3718.0,SMF,SAN,24.0,13.0,0,0,480.0,0
2025.0,1.0,2025-01-01,4409.0,DEN,ONT,24.0,22.0,0,0,819.0,1
2025.0,1.0,2025-01-01,4409.0,ONT,SMF,25.0,18.0,0,0,390.0,1
2025.0,1.0,2025-01-01,4917.0,DEN,TUS,-1.0,20.0,0,0,639.0,1
2025.0,1.0,2025-01-01,3441.0,MIA,PIT,-6.0,-21.0,0,0,1013.0,0
2025.0,1.0,2025-01-01,3489.0,JAX,MIA,47.0,45.0,0,0,335.0,1
2025.0,1.0,2025-01-01,3558.0,MIA,DSM,28.0,5.0,0,0,1327.0,0
2025.0,1.0,2025-01-01,3613.0,PIT,MIA,0.0,27.0,0,0,1013.0,1
2025.0,1.0,2025-01-01,3637.0,MFR,SLC,-6.0,-20.0,0,0,575.0,0
2025.0,1.0,2025-01-01,3811.0,SEA,MFR,-4.0,-16.0,0,0,352.0,0
2025.0,1.0,2025-01-01,3953.0,PDX,SEA,-10.0,-25.0,0,0,129.0,0
2025.0,1.0,2025-01-01,3953.0,SEA,PDX,-14.0,-29.0,0,0,129.0,0
2025.0,1.0,2025-01-01,3985.0,SLC,SUN,-4.0,-34.0,0,0,222.0,0
2025.0,1.0,2025-01-01,4036.0,RDM,SEA,-5.0,-13.0,0,0,228.0,0
2025.0,1.0,2025-01-01,1068.0,ANC,FAI,-10.0,-5.0,0,0,261.0,0
2025.0,1.0,2025-01-01,230.0,SEA,ANC,-2.0,-27.0,0,0,1448.0,0
2025.0,1.0,2025-01-01,984.0,RDU,SEA,-4.0,-19.0,0,0,2354.0,0
2025.0,1.0,2025-01-01,3571.0,DFW,BMI,-6.0,-14.0,0,0,690.0,0
2025.0,1.0,2025-01-01,4168.0,CRP,DFW,-13.0,-21.0,0,0,354.0,0
2025.0,1.0,2025-01-01,3856.0,PIH,SLC,-8.0,-31.0,0,0,150.0,0
2025.0,1.0,2025-01-01,15.0,DAL,HOU,-5.0,-19.0,0,0,239.0,0
2025.0,1.0,2025-01-01,2738.0,TUL,DAL,-6.0,-20.0,0,0,238.0,0
2025.0,1.0,2025-01-01,3209.0,HOU,MAF,19.0,6.0,0,0,441.0,0
2025.0,1.0,2025-01-01,4373.0,DAL,OAK,11.0,4.0,0,0,1468.0,0
2025.0,1.0,2025-01-01,449.0,AUS,TUL,0.0,-14.0,0,0,426.0,0
2025.0,1.0,2025-01-01,449.0,MAF,AUS,2.0,-9.0,0,0,294.0,0
2025.0,1.0,2025-01-01,2255.0,BOS,DCA,9.0,1.0,0,0,399.0,0
2025.0,1.0,2025-01-01,2367.0,BOS,CHS,-9.0,-12.0,0,0,818.0,0
2025.0,1.0,2025-01-01,2368.0,CHS,BOS,-10.0,-30.0,0,0,818.0,0
2025.0,1.0,2025-01-01,922.0,PBI,BOS,16.0,-5.0,0,0,1197.0,0
2025.0,1.0,2025-01-01,3381.0,SGF,ORD,-6.0,-4.0,0,0,438.0,0
2025.0,1.0,2025-01-01,3389.0,ORD,SGF,22.0,18.0,0,0,438.0,1
2025.0,1.0,2025-01-01,4057.0,MLI,ORD,782.0,758.0,0,0,139.0,1
2025.0,1.0,2025-01-01,2473.0,DEN,LIT,-4.0,-14.0,0,0,771.0,0
2025.0,1.0,2025-01-01,4005.0,SRQ,DEN,5.0,9.0,0,0,1531.0,0
2025.0,1.0,2025-01-01,4109.0,DEN,SNA,7.0,6.0,0,0,846.0,0
2025.0,1.0,2025-01-01,4850.0,SNA,PHX,-9.0,-19.0,0,0,338.0,0
2025.0,1.0,2025-01-01,5073.0,LIT,DEN,-3.0,-5.0,0,0,771.0,0
2025.0,1.0,2025-01-01,282.0,SAN,EWR,-6.0,-27.0,0,0,2425.0,0
2025.0,1.0,2025-01-01,285.0,EWR,LAX,-2.0,-27.0,0,0,2454.0,0
2025.0,1.0,2025-01-01,1132.0,LGA,BOS,-4.0,-20.0,0,0,184.0,0
2025.0,1.0,2025-01-01,1555.0,BOS,DCA,-10.0,-22.0,0,0,399.0,0
2025.0,1.0,2025-01-01,207.0,PQI,BOS,-8.0,-12.0,0,0,333.0,0
2025.0,1.0,2025-01-01,654.0,DCA,BOS,-15.0,-30.0,0,0,399.0,0
2025.0,1.0,2025-01-01,683.0,BOS,RDU,-11.0,-23.0,0,0,612.0,0
2025.0,1.0,2025-01-01,684.0,RDU,BOS,-15.0,-19.0,0,0,612.0,0
2025.0,1.0,2025-01-01,931.0,BOS,LGA,-6.0,-11.0,0,0,184.0,0
2025.0,1.0,2025-01-01,3337.0,HRL,DFW,-8.0,-10.0,0,0,461.0,0
2025.0,1.0,2025-01-01,3643.0,DFW,MAF,-6.0,-12.0,0,0,309.0,0
2025.0,1.0,2025-01-01,3643.0,MAF,DFW,-8.0,-21.0,0,0,309.0,0
2025.0,1.0,2025-01-01,4256.0,DFW,AVL,-6.0,-23.0,0,0,848.0,0
2025.0,1.0,2025-01-01,3824.0,GEG,SEA,-7.0,-18.0,0,0,224.0,0
2025.0,1.0,2025-01-01,3824.0,SEA,GEG,-4.0,-23.0,0,0,224.0,0
2025.0,1.0,2025-01-01,4009.0,SEA,SMF,-4.0,-9.0,0,0,605.0,0
2025.0,1.0,2025-01-01,4124.0,EUG,SEA,-8.0,-15.0,0,0,234.0,0
2025.0,1.0,2025-01-01,4124.0,SEA,EUG,-3.0,-20.0,0,0,234.0,0
2025.0,1.0,2025-01-01,3789.0,OMA,HOU,-2.0,-13.0,0,0,804.0,0
2025.0,1.0,2025-01-01,3789.0,PHX,OMA,-11.0,-19.0,0,0,1037.0,0
2025.0,1.0,2025-01-01,44.0,DAL,BWI,-4.0,-26.0,0,0,1209.0,0
2025.0,1.0,2025-01-01,44.0,HOU,DAL,-1.0,-13.0,0,0,239.0,0
2025.0,1.0,2025-01-01,227.0,SEA,GEG,-5.0,-16.0,0,0,224.0,0
2025.0,1.0,2025-01-01,274.0,GEG,SEA,-7.0,8.0,0,0,224.0,0
2025.0,1.0,2025-01-01,640.0,SEA,PHX,-10.0,-32.0,0,0,1107.0,0
2025.0,1.0,2025-01-01,675.0,LAS,SEA,5.0,7.0,0,0,867.0,0
2025.0,1.0,2025-01-01,3411.0,SDF,DFW,-10.0,-11.0,0,0,733.0,0
2025.0,1.0,2025-01-01,3414.0,SGF,DFW,-9.0,-18.0,0,0,364.0,0
2025.0,1.0,2025-01-01,3601.0,DFW,MLI,-2.0,-14.0,0,0,691.0,0
2025.0,1.0,2025-01-01,3984.0,DFW,SDF,-6.0,-27.0,0,0,733.0,0
2025.0,1.0,2025-01-01,4106.0,DFW,ICT,-1.0,-2.0,0,0,328.0,0
2025.0,1.0,2025-01-01,4123.0,ICT,DFW,2.0,-6.0,0,0,328.0,0
2025.0,1.0,2025-01-01,3901.0,HLN,SLC,-5.0,-17.0,0,0,402.0,0
2025.0,1.0,2025-01-01,3973.0,SLC,SUN,-8.0,-25.0,0,0,222.0,0
2025.0,1.0,2025-01-01,4019.0,SUN,SLC,-10.0,-11.0,0,0,222.0,0
2025.0,1.0,2025-01-01,1809.0,PHX,SAT,-4.0,-17.0,0,0,843.0,0
2025.0,1.0,2025-01-01,1809.0,SNA,PHX,-6.0,-26.0,0,0,338.0,0
2025.0,1.0,2025-01-01,3796.0,SAT,LAS,-2.0,-7.0,0,0,1069.0,0
2025.0,1.0,2025-01-01,389.0,SEA,OAK,-6.0,-24.0,0,0,672.0,0
2025.0,1.0,2025-01-01,4833.0,OAK,SNA,-2.0,-16.0,0,0,371.0,0
2025.0,1.0,2025-01-01,2434.0,EWR,LAX,-1.0,-11.0,0,0,2454.0,0
2025.0,1.0,2025-01-01,2729.0,LAX,EWR,35.0,17.0,0,0,2454.0,1
2025.0,1.0,2025-01-01,3423.0,BIS,DFW,-10.0,-24.0,0,0,977.0,0
2025.0,1.0,2025-01-01,3423.0,DFW,BIS,-9.0,-17.0,0,0,977.0,0
2025.0,1.0,2025-01-01,3950.0,DFW,ILM,10.0,-11.0,0,0,1106.0,0
2025.0,1.0,2025-01-01,4121.0,BNA,DFW,-6.0,12.0,0,0,631.0,0
2025.0,1.0,2025-01-01,3778.0,MDW,MSP,-6.0,-14.0,0,0,349.0,0
2025.0,1.0,2025-01-01,3778.0,MSP,MDW,-5.0,-1.0,0,0,349.0,0
2025.0,1.0,2025-01-01,3907.0,MSP,DLH,-2.0,-24.0,0,0,144.0,0
2025.0,1.0,2025-01-01,3991.0,OMA,MSP,14.0,-7.0,0,0,282.0,0
2025.0,1.0,2025-01-01,4130.0,MOT,MSP,-3.0,-23.0,0,0,449.0,0
2025.0,1.0,2025-01-01,4130.0,MSP,MOT,-3.0,-20.0,0,0,449.0,0
2025.0,1.0,2025-01-01,1252.0,SJC,BUR,-1.0,-14.0,0,0,296.0,0
2025.0,1.0,2025-01-01,2024.0,BUR,SJC,-5.0,-2.0,0,0,296.0,0
2025.0,1.0,2025-01-01,2395.0,SJC,BUR,11.0,0.0,0,0,296.0,0
2025.0,1.0,2025-01-01,2810.0,BUR,DEN,-1.0,0.0,0,0,850.0,0
2025.0,1.0,2025-01-01,786.0,DEN,MSY,0.0,-9.0,0,0,1062.0,0
2025.0,1.0,2025-01-01,1777.0,EWR,SFO,-4.0,-2.0,0,0,2565.0,0
2025.0,1.0,2025-01-01,30.0,SFO,JFK,-6.0,-27.0,0,0,2586.0,0
2025.0,1.0,2025-01-01,47.0,JFK,SFO,-8.0,12.0,0,0,2586.0,0
2025.0,1.0,2025-01-01,3688.0,SEA,BOI,-10.0,-27.0,0,0,399.0,0
2025.0,1.0,2025-01-01,3749.0,LWS,SEA,-9.0,3.0,0,0,261.0,0
2025.0,1.0,2025-01-01,4127.0,BOI,SEA,-3.0,28.0,0,0,399.0,1
2025.0,1.0,2025-01-01,4127.0,SEA,BOI,-7.0,-26.0,0,0,399.0,0
2025.0,1.0,2025-01-01,3351.0,DTW,MIA,9.0,31.0,0,0,1145.0,1
2025.0,1.0,2025-01-01,3351.0,MIA,DTW,-1.0,8.0,0,0,1145.0,0
2025.0,1.0,2025-01-01,3450.0,RDU,MIA,-4.0,-17.0,0,0,700.0,0
2025.0,1.0,2025-01-01,3525.0,MIA,RDU,-1.0,-9.0,0,0,700.0,0
2025.0,1.0,2025-01-01,4109.0,MIA,PNS,48.0,43.0,0,0,530.0,1
2025.0,1.0,2025-01-01,4265.0,TYS,MIA,6.0,-13.0,0,0,724.0,0
2025.0,1.0,2025-01-01,4022.0,TUL,SLC,-6.0,4.0,0,0,926.0,0
2025.0,1.0,2025-01-01,4045.0,SLC,PSP,-6.0,-30.0,0,0,541.0,0
2025.0,1.0,2025-01-01,4135.0,EUG,SLC,-3.0,-29.0,0,0,618.0,0
2025.0,1.0,2025-01-01,4135.0,SLC,EUG,-4.0,1.0,0,0,618.0,0
2025.0,1.0,2025-01-01,1857.0,LGA,ORD,12.0,-21.0,0,0,733.0,0
2025.0,1.0,2025-01-01,1857.0,ORD,MIA,-2.0,-11.0,0,0,1197.0,0
2025.0,1.0,2025-01-01,2106.0,MIA,ORD,5.0,-4.0,0,0,1197.0,0
2025.0,1.0,2025-01-01,2155.0,ORD,IAH,8.0,-7.0,0,0,925.0,0
2025.0,1.0,2025-01-01,1363.0,ORD,PHL,-6.0,-4.0,0,0,678.0,0
2025.0,1.0,2025-01-01,1943.0,PHL,DEN,-8.0,-23.0,0,0,1558.0,0
2025.0,1.0,2025-01-01,282.0,DEN,GRR,-3.0,-15.0,0,0,1015.0,0
2025.0,1.0,2025-01-01,1745.0,PHX,DEN,-1.0,-7.0,0,0,602.0,0
2025.0,1.0,2025-01-01,1784.0,MSN,DEN,-8.0,-21.0,0,0,826.0,0
2025.0,1.0,2025-01-01,276.0,DEN,MSN,-4.0,-15.0,0,0,826.0,0
2025.0,1.0,2025-01-01,643.0,DEN,PHX,15.0,-3.0,0,0,602.0,0
2025.0,1.0,2025-01-01,690.0,GRR,DEN,-9.0,0.0,0,0,1015.0,0
2025.0,1.0,2025-01-01,1102.0,PHX,IAH,13.0,-8.0,0,0,1009.0,0
2025.0,1.0,2025-01-01,1609.0,IAH,SAT,-7.0,-11.0,0,0,191.0,0
2025.0,1.0,2025-01-01,1786.0,IAD,PHX,25.0,33.0,0,0,1956.0,1
2025.0,1.0,2025-01-01,2098.0,BOS,IAD,-7.0,-13.0,0,0,413.0,0
2025.0,1.0,2025-01-01,1238.0,FLL,EWR,-8.0,-13.0,0,0,1065.0,0
2025.0,1.0,2025-01-01,1900.0,EWR,RSW,-14.0,-4.0,0,0,1068.0,0
2025.0,1.0,2025-01-01,403.0,EWR,FLL,11.0,0.0,0,0,1065.0,0
2025.0,1.0,2025-01-01,723.0,FLL,EWR,-1.0,-17.0,0,0,1065.0,0
2025.0,1.0,2025-01-01,1527.0,EWR,PBI,-1.0,-3.0,0,0,1023.0,0
2025.0,1.0,2025-01-01,1802.0,PDX,EWR,-2.0,7.0,0,0,2434.0,0
2025.0,1.0,2025-01-01,642.0,EWR,PDX,56.0,50.0,0,0,2434.0,1
2025.0,1.0,2025-01-01,676.0,PBI,EWR,29.0,23.0,0,0,1023.0,1
2025.0,1.0,2025-01-01,1295.0,LAX,LIH,10.0,-28.0,0,0,2615.0,0
2025.0,1.0,2025-01-01,1296.0,LIH,LAX,0.0,-9.0,0,0,2615.0,0
2025.0,1.0,2025-01-01,1646.0,PHX,IAH,-5.0,-26.0,0,0,1009.0,0
2025.0,1.0,2025-01-01,1780.0,FLL,IAH,16.0,12.0,0,0,966.0,0
2025.0,1.0,2025-01-01,2174.0,IAH,FLL,8.0,7.0,0,0,966.0,0
2025.0,1.0,2025-01-01,1344.0,IAD,IAH,-5.0,13.0,0,0,1190.0,0
2025.0,1.0,2025-01-01,1549.0,IAH,IAD,-2.0,-22.0,0,0,1190.0,0
2025.0,1.0,2025-01-01,1542.0,DEN,SBA,-4.0,-4.0,0,0,916.0,0
2025.0,1.0,2025-01-01,1716.0,BNA,DEN,-5.0,-2.0,0,0,1014.0,0
2025.0,1.0,2025-01-01,1749.0,SFO,OGG,-11.0,-29.0,0,0,2338.0,0
2025.0,1.0,2025-01-01,1750.0,OGG,SFO,-9.0,-33.0,0,0,2338.0,0
2025.0,1.0,2025-01-01,2305.0,SBA,SFO,-5.0,-19.0,0,0,262.0,0
2025.0,1.0,2025-01-01,1443.0,IAD,STT,-7.0,2.0,0,0,1606.0,0
2025.0,1.0,2025-01-01,2365.0,STT,ORD,-9.0,-17.0,0,0,2116.0,0
2025.0,1.0,2025-01-01,308.0,ORD,SNA,-3.0,-2.0,0,0,1726.0,0
2025.0,1.0,2025-01-01,1739.0,EWR,MCO,-4.0,-15.0,0,0,937.0,0
2025.0,1.0,2025-01-01,2008.0,SLC,EWR,85.0,54.0,0,0,1969.0,1
2025.0,1.0,2025-01-01,2245.0,MCO,EWR,-4.0,-11.0,0,0,937.0,0
2025.0,1.0,2025-01-01,1681.0,MCO,EWR,25.0,4.0,0,0,937.0,0
2025.0,1.0,2025-01-01,2042.0,MCO,EWR,11.0,4.0,0,0,937.0,0
2025.0,1.0,2025-01-01,2245.0,IAH,MCO,-7.0,-21.0,0,0,854.0,0
2025.0,1.0,2025-01-01,672.0,EWR,MCO,7.0,3.0,0,0,937.0,0
2025.0,1.0,2025-01-01,1627.0,SFO,RDU,-3.0,-53.0,0,0,2400.0,0
2025.0,1.0,2025-01-01,1847.0,PHX,SFO,-2.0,-8.0,0,0,651.0,0
2025.0,1.0,2025-01-01,2153.0,SFO,PHX,-3.0,-1.0,0,0,651.0,0
2025.0,1.0,2025-01-01,724.0,RDU,SFO,-4.0,-8.0,0,0,2400.0,0
2025.0,1.0,2025-01-01,1076.0,DEN,CLE,12.0,-3.0,0,0,1201.0,0
2025.0,1.0,2025-01-01,1635.0,LGA,DEN,44.0,16.0,0,0,1620.0,1
2025.0,1.0,2025-01-01,2200.0,ORD,LGA,42.0,43.0,0,0,733.0,1
2025.0,1.0,2025-01-01,1652.0,PSP,IAD,-3.0,-39.0,0,0,2188.0,0
2025.0,1.0,2025-01-01,2150.0,IAD,PSP,-4.0,-11.0,0,0,2188.0,0
2025.0,1.0,2025-01-01,1453.0,CLT,EWR,-7.0,-26.0,0,0,529.0,0
2025.0,1.0,2025-01-01,1968.0,IAH,EWR,1.0,-25.0,0,0,1400.0,0
2025.0,1.0,2025-01-01,2299.0,EWR,DFW,-12.0,-14.0,0,0,1372.0,0
2025.0,1.0,2025-01-01,571.0,EWR,IAH,-5.0,7.0,0,0,1400.0,0
2025.0,1.0,2025-01-01,1760.0,EWR,PBI,37.0,26.0,0,0,1023.0,1
2025.0,1.0,2025-01-01,211.0,LAS,EWR,-7.0,-26.0,0,0,2227.0,0
2025.0,1.0,2025-01-01,2300.0,PBI,EWR,26.0,13.0,0,0,1023.0,0
2025.0,1.0,2025-01-01,1183.0,IAH,SJC,10.0,5.0,0,0,1608.0,0
2025.0,1.0,2025-01-01,1645.0,CLE,IAH,-5.0,24.0,0,0,1091.0,1
2025.0,1.0,2025-01-01,2304.0,SJC,IAH,-11.0,-38.0,0,0,1608.0,0
2025.0,1.0,2025-01-01,2477.0,JAX,IAD,-6.0,-19.0,0,0,630.0,0
2025.0,1.0,2025-01-01,1108.0,DEN,BWI,-10.0,-32.0,0,0,1491.0,0
2025.0,1.0,2025-01-01,1818.0,EWR,CLE,-2.0,2.0,0,0,404.0,0
2025.0,1.0,2025-01-01,1932.0,TPA,DEN,-5.0,-8.0,0,0,1506.0,0
2025.0,1.0,2025-01-01,286.0,CLE,DEN,-2.0,-21.0,0,0,1201.0,0
2025.0,1.0,2025-01-01,350.0,DEN,TPA,-3.0,-21.0,0,0,1506.0,0
2025.0,1.0,2025-01-01,1298.0,FLL,EWR,42.0,20.0,0,0,1065.0,1
2025.0,1.0,2025-01-01,1496.0,EWR,FLL,-5.0,8.0,0,0,1065.0,0
2025.0,1.0,2025-01-01,243.0,ATL,EWR,-3.0,-9.0,0,0,746.0,0
2025.0,1.0,2025-01-01,2642.0,IAD,ATL,-3.0,-5.0,0,0,534.0,0
2025.0,1.0,2025-01-01,117.0,SFO,LAX,-7.0,-21.0,0,0,337.0,0
2025.0,1.0,2025-01-01,502.0,SEA,AUS,-3.0,-22.0,0,0,1770.0,0
2025.0,1.0,2025-01-01,535.0,AUS,SFO,-3.0,-8.0,0,0,1504.0,0
2025.0,1.0,2025-01-01,3566.0,SGF,DFW,107.0,90.0,0,0,364.0,1
2025.0,1.0,2025-01-01,3570.0,DFW,LBB,-6.0,-3.0,0,0,282.0,0
2025.0,1.0,2025-01-01,3645.0,DFW,PIA,-6.0,-23.0,0,0,672.0,0
2025.0,1.0,2025-01-01,3645.0,PIA,DFW,-14.0,-27.0,0,0,672.0,0
2025.0,1.0,2025-01-01,3960.0,AUS,MAF,49.0,34.0,0,0,294.0,1
2025.0,1.0,2025-01-01,3960.0,MAF,AUS,24.0,-8.0,0,0,294.0,0
2025.0,1.0,2025-01-01,4121.0,AUS,MFE,-12.0,-21.0,0,0,279.0,0
2025.0,1.0,2025-01-01,4146.0,BNA,AUS,46.0,56.0,0,0,756.0,1
2025.0,1.0,2025-01-01,209.0,AUS,DAL,-5.0,-19.0,0,0,189.0,0
2025.0,1.0,2025-01-01,209.0,DAL,MSY,-2.0,-1.0,0,0,436.0,0
2025.0,1.0,2025-01-01,3475.0,MCO,AUS,-4.0,-13.0,0,0,994.0,0
2025.0,1.0,2025-01-01,4714.0,DAL,ABQ,1.0,-1.0,0,0,580.0,0
2025.0,1.0,2025-01-01,4714.0,MSY,DAL,7.0,-3.0,0,0,436.0,0
2025.0,1.0,2025-01-01,853.0,MKE,MCO,-7.0,-7.0,0,0,1066.0,0
2025.0,1.0,2025-01-01,1289.0,CHS,EWR,4.0,-12.0,0,0,628.0,0
2025.0,1.0,2025-01-01,2337.0,EWR,RSW,-6.0,-10.0,0,0,1068.0,0
2025.0,1.0,2025-01-01,2410.0,RSW,EWR,-9.0,-26.0,0,0,1068.0,0
2025.0,1.0,2025-01-01,583.0,EWR,MIA,-1.0,20.0,0,0,1085.0,1
2025.0,1.0,2025-01-01,1941.0,IAH,IAD,-4.0,-26.0,0,0,1190.0,0
2025.0,1.0,2025-01-01,2275.0,IAD,IAH,-3.0,-6.0,0,0,1190.0,0
2025.0,1.0,2025-01-01,1021.0,MCO,SAN,2.0,-12.0,0,0,2149.0,0
2025.0,1.0,2025-01-01,1111.0,LAX,PDX,-5.0,-15.0,0,0,834.0,0
2025.0,1.0,2025-01-01,1160.0,PDX,LAX,3.0,-12.0,0,0,834.0,0
2025.0,1.0,2025-01-01,256.0,SAN,PDX,-5.0,5.0,0,0,933.0,0
2025.0,1.0,2025-01-01,3721.0,SLC,EUG,-5.0,-6.0,0,0,618.0,0
2025.0,1.0,2025-01-01,1579.0,SMF,HOU,-4.0,-20.0,0,0,1624.0,0
2025.0,1.0,2025-01-01,3622.0,CMH,BNA,-8.0,0.0,0,0,337.0,0
2025.0,1.0,2025-01-01,3667.0,HOU,CMH,0.0,-17.0,0,0,1000.0,0
2025.0,1.0,2025-01-01,1162.0,BQN,EWR,-3.0,3.0,0,0,1585.0,0
2025.0,1.0,2025-01-01,1654.0,IAH,DEN,-3.0,-1.0,0,0,862.0,0
2025.0,1.0,2025-01-01,1787.0,DEN,OMA,0.0,-12.0,0,0,472.0,0
2025.0,1.0,2025-01-01,2438.0,EWR,IAH,17.0,6.0,0,0,1400.0,0
2025.0,1.0,2025-01-01,2677.0,IAH,DEN,-3.0,-18.0,0,0,862.0,0
2025.0,1.0,2025-01-01,288.0,DEN,IAH,-2.0,-20.0,0,0,862.0,0
2025.0,1.0,2025-01-01,1225.0,AUS,DEN,1.0,-3.0,0,0,775.0,0
2025.0,1.0,2025-01-01,1829.0,DEN,ORD,0.0,-11.0,0,0,888.0,0
2025.0,1.0,2025-01-01,2106.0,ORD,LAX,1.0,-15.0,0,0,1744.0,0
2025.0,1.0,2025-01-01,717.0,SAN,SFO,9.0,2.0,0,0,447.0,0
2025.0,1.0,2025-01-01,883.0,SAN,FLL,24.0,21.0,0,0,2269.0,1
2025.0,1.0,2025-01-01,884.0,FLL,SAN,27.0,14.0,0,0,2269.0,0
2025.0,1.0,2025-01-01,2311.0,BOS,ORD,-9.0,-35.0,0,0,867.0,0
2025.0,1.0,2025-01-01,2312.0,ORD,BOS,-20.0,-30.0,0,0,867.0,0
2025.0,1.0,2025-01-01,250.0,SAV,BOS,-2.0,-18.0,0,0,901.0,0
2025.0,1.0,2025-01-01,349.0,BOS,SAV,-9.0,-14.0,0,0,901.0,0
2025.0,1.0,2025-01-01,3490.0,DFW,DSM,-4.0,-17.0,0,0,624.0,0
2025.0,1.0,2025-01-01,3490.0,DSM,DFW,5.0,-13.0,0,0,624.0,0
2025.0,1.0,2025-01-01,3699.0,DFW,SHV,-3.0,-7.0,0,0,190.0,0
2025.0,1.0,2025-01-01,3829.0,DFW,MFE,-6.0,-10.0,0,0,469.0,0
2025.0,1.0,2025-01-01,3829.0,MFE,DFW,-16.0,-15.0,0,0,469.0,0
2025.0,1.0,2025-01-01,3807.0,CID,MSP,80.0,73.0,0,0,220.0,1
2025.0,1.0,2025-01-01,3807.0,MSP,CID,71.0,92.0,0,0,220.0,1
2025.0,1.0,2025-01-01,3834.0,GTF,MSP,-5.0,5.0,0,0,887.0,0
2025.0,1.0,2025-01-01,3847.0,MSP,GTF,67.0,58.0,0,0,887.0,1
2025.0,1.0,2025-01-01,3015.0,ABQ,SAN,10.0,0.0,0,0,628.0,0
2025.0,1.0,2025-01-01,3015.0,AUS,ABQ,-6.0,-16.0,0,0,619.0,0
2025.0,1.0,2025-01-01,3015.0,SAN,SMF,15.0,9.0,0,0,480.0,0
2025.0,1.0,2025-01-01,3455.0,SMF,BUR,3.0,16.0,0,0,358.0,1
2025.0,1.0,2025-01-01,4281.0,BUR,SJC,-1.0,-13.0,0,0,296.0,0
2025.0,1.0,2025-01-01,536.0,SJC,SNA,-5.0,-14.0,0,0,342.0,0
2025.0,1.0,2025-01-01,1309.0,SRQ,EWR,0.0,-7.0,0,0,1034.0,0
2025.0,1.0,2025-01-01,1216.0,IAH,OMA,-3.0,5.0,0,0,781.0,0
2025.0,1.0,2025-01-01,1351.0,IAH,DEN,-3.0,-4.0,0,0,862.0,0
2025.0,1.0,2025-01-01,1720.0,DEN,IAH,-3.0,4.0,0,0,862.0,0
2025.0,1.0,2025-01-01,489.0,DEN,IAH,5.0,-16.0,0,0,862.0,0
2025.0,1.0,2025-01-01,2127.0,EWR,PHX,86.0,101.0,0,0,2133.0,1
2025.0,1.0,2025-01-01,2107.0,MIA,EWR,3.0,-16.0,0,0,1085.0,0
2025.0,1.0,2025-01-01,788.0,ORD,MSN,-4.0,-13.0,0,0,108.0,0
2025.0,1.0,2025-01-01,2022.0,SJU,IAD,-8.0,-19.0,0,0,1571.0,0
2025.0,1.0,2025-01-01,413.0,MCO,IAD,29.0,10.0,0,0,758.0,0
2025.0,1.0,2025-01-01,471.0,IAD,MCO,-4.0,8.0,0,0,758.0,0
2025.0,1.0,2025-01-01,780.0,IAD,LAS,5.0,7.0,0,0,2065.0,0
2025.0,1.0,2025-01-01,1723.0,SFO,KOA,-5.0,-16.0,0,0,2367.0,0
2025.0,1.0,2025-01-01,1724.0,KOA,SFO,-7.0,-29.0,0,0,2367.0,0
2025.0,1.0,2025-01-01,1958.0,OGG,SFO,-8.0,-37.0,0,0,2338.0,0
2025.0,1.0,2025-01-01,2056.0,TPA,LAX,-2.0,-23.0,0,0,2158.0,0
2025.0,1.0,2025-01-01,279.0,LAX,TPA,-3.0,-17.0,0,0,2158.0,0
2025.0,1.0,2025-01-01,1449.0,SFO,KOA,-9.0,-36.0,0,0,2367.0,0
2025.0,1.0,2025-01-01,433.0,MCO,SFO,-1.0,-15.0,0,0,2446.0,0
2025.0,1.0,2025-01-01,693.0,KOA,SFO,2.0,-10.0,0,0,2367.0,0
2025.0,1.0,2025-01-01,1469.0,IAD,LAX,34.0,35.0,0,0,2288.0,1
2025.0,1.0,2025-01-01,2423.0,SFO,BWI,33.0,2.0,0,0,2457.0,0
2025.0,1.0,2025-01-01,674.0,IAD,SFO,32.0,25.0,0,0,2419.0,1
2025.0,1.0,2025-01-01,689.0,LAX,IAD,10.0,23.0,0,0,2288.0,1
2025.0,1.0,2025-01-01,1162.0,PDX,SAN,95.0,75.0,0,0,933.0,1
2025.0,1.0,2025-01-01,303.0,DFW,PDX,-4.0,15.0,0,0,1616.0,1
2025.0,1.0,2025-01-01,392.0,PDX,DFW,3.0,-15.0,0,0,1616.0,0
2025.0,1.0,2025-01-01,3457.0,CLT,HHH,-5.0,-10.0,0,0,207.0,0
2025.0,1.0,2025-01-01,3457.0,HHH,CLT,-9.0,-7.0,0,0,207.0,0
2025.0,1.0,2025-01-01,3870.0,CLT,XNA,25.0,7.0,0,0,754.0,0
2025.0,1.0,2025-01-01,3870.0,XNA,CLT,9.0,-15.0,0,0,754.0,0
2025.0,1.0,2025-01-01,3921.0,XNA,CLT,-4.0,-22.0,0,0,754.0,0
2025.0,1.0,2025-01-01,4023.0,CLT,TVC,22.0,19.0,0,0,702.0,1
2025.0,1.0,2025-01-01,3675.0,SEA,RDM,-6.0,-17.0,0,0,228.0,0
2025.0,1.0,2025-01-01,3992.0,PSC,SEA,12.0,-4.0,0,0,172.0,0
2025.0,1.0,2025-01-01,3992.0,SEA,PSC,47.0,24.0,0,0,172.0,1
2025.0,1.0,2025-01-01,4074.0,SMF,SEA,-6.0,-25.0,0,0,605.0,0
2025.0,1.0,2025-01-01,3881.0,SEA,SMF,12.0,-10.0,0,0,605.0,0
2025.0,1.0,2025-01-01,4088.0,SJC,SEA,1.0,-10.0,0,0,696.0,0
2025.0,1.0,2025-01-01,4125.0,SMF,SEA,-5.0,-21.0,0,0,605.0,0
2025.0,1.0,2025-01-01,2431.0,IAH,PSP,71.0,68.0,0,0,1269.0,1
2025.0,1.0,2025-01-01,404.0,PSP,IAH,74.0,48.0,0,0,1269.0,1
2025.0,1.0,2025-01-01,2498.0,IAH,BNA,-3.0,-18.0,0,0,657.0,0
2025.0,1.0,2025-01-01,1477.0,AUS,IAH,2.0,-5.0,0,0,140.0,0
2025.0,1.0,2025-01-01,1968.0,SNA,IAH,12.0,-13.0,0,0,1346.0,0
2025.0,1.0,2025-01-01,2402.0,IAH,AUS,0.0,-11.0,0,0,140.0,0
2025.0,1.0,2025-01-01,2469.0,IAH,PIT,-1.0,-11.0,0,0,1117.0,0
2025.0,1.0,2025-01-01,1014.0,SEA,SFO,-8.0,-28.0,0,0,679.0,0
2025.0,1.0,2025-01-01,172.0,ANC,SEA,-12.0,-22.0,0,0,1448.0,0
2025.0,1.0,2025-01-01,3980.0,AUS,CVG,-9.0,-16.0,0,0,958.0,0
2025.0,1.0,2025-01-01,4116.0,AUS,BNA,-11.0,-17.0,0,0,756.0,0
2025.0,1.0,2025-01-01,4116.0,BNA,AUS,-10.0,-2.0,0,0,756.0,0
2025.0,1.0,2025-01-01,4175.0,MFE,AUS,-6.0,-30.0,0,0,279.0,0
2025.0,1.0,2025-01-01,1953.0,ATL,JAX,-1.0,-3.0,0,0,270.0,0
2025.0,1.0,2025-01-01,3170.0,JAX,BNA,5.0,-4.0,0,0,483.0,0
2025.0,1.0,2025-01-01,3257.0,BNA,STL,2.0,0.0,0,0,272.0,0
2025.0,1.0,2025-01-01,445.0,MCI,ATL,-2.0,-14.0,0,0,692.0,0
2025.0,1.0,2025-01-01,4516.0,STL,MSP,-6.0,-15.0,0,0,448.0,0
2025.0,1.0,2025-01-01,143.0,SEA,ANC,-4.0,-4.0,0,0,1448.0,0
2025.0,1.0,2025-01-01,377.0,ATL,SEA,-9.0,-16.0,0,0,2182.0,0
2025.0,1.0,2025-01-01,391.0,IND,SEA,-7.0,-12.0,0,0,1866.0,0
2025.0,1.0,2025-01-01,500.0,SEA,IND,21.0,-13.0,0,0,1866.0,0
2025.0,1.0,2025-01-01,3626.0,BHM,MIA,-2.0,-5.0,0,0,661.0,0
2025.0,1.0,2025-01-01,3743.0,SAN,LAX,-7.0,-26.0,0,0,109.0,0
2025.0,1.0,2025-01-01,3756.0,EGE,LAX,-7.0,2.0,0,0,748.0,0
2025.0,1.0,2025-01-01,3756.0,LAX,EGE,-10.0,3.0,0,0,748.0,0
2025.0,1.0,2025-01-01,3969.0,LAX,SJC,-6.0,-17.0,0,0,308.0,0
2025.0,1.0,2025-01-01,3969.0,SJC,LAX,-13.0,-26.0,0,0,308.0,0
2025.0,1.0,2025-01-01,3983.0,LAX,SJC,-8.0,-26.0,0,0,308.0,0
2025.0,1.0,2025-01-01,1541.0,DAL,BUR,-2.0,-24.0,0,0,1243.0,0
2025.0,1.0,2025-01-01,1541.0,STL,DAL,-7.0,-18.0,0,0,546.0,0
2025.0,1.0,2025-01-01,2103.0,STL,CLE,-5.0,-15.0,0,0,487.0,0
2025.0,1.0,2025-01-01,2602.0,CLE,MDW,-8.0,-21.0,0,0,307.0,0
2025.0,1.0,2025-01-01,2602.0,MDW,STL,-5.0,-21.0,0,0,251.0,0
2025.0,1.0,2025-01-01,4410.0,BUR,OAK,-5.0,-12.0,0,0,325.0,0
2025.0,1.0,2025-01-01,1387.0,ORD,SFO,-2.0,11.0,0,0,1846.0,0
2025.0,1.0,2025-01-01,2487.0,LAX,IAD,-3.0,-17.0,0,0,2288.0,0
2025.0,1.0,2025-01-01,2276.0,IAD,LAX,14.0,-2.0,0,0,2288.0,0
2025.0,1.0,2025-01-01,2732.0,LAX,IAD,0.0,-3.0,0,0,2288.0,0
2025.0,1.0,2025-01-01,792.0,EWR,SFO,38.0,13.0,0,0,2565.0,0
2025.0,1.0,2025-01-01,1883.0,BOS,RDU,-9.0,9.0,0,0,612.0,0
2025.0,1.0,2025-01-01,374.0,SYR,BOS,-9.0,-16.0,0,0,265.0,0
2025.0,1.0,2025-01-01,381.0,BOS,RIC,-2.0,-4.0,0,0,474.0,0
2025.0,1.0,2025-01-01,382.0,RIC,BOS,-9.0,-23.0,0,0,474.0,0
2025.0,1.0,2025-01-01,484.0,RDU,BOS,10.0,-19.0,0,0,612.0,0
2025.0,1.0,2025-01-01,575.0,BOS,PIT,82.0,68.0,0,0,496.0,1
2025.0,1.0,2025-01-01,3628.0,DFW,GNV,-3.0,-19.0,0,0,900.0,0
2025.0,1.0,2025-01-01,3628.0,GNV,DFW,-9.0,-21.0,0,0,900.0,0
2025.0,1.0,2025-01-01,4155.0,BIL,DFW,0.0,-15.0,0,0,1081.0,0
2025.0,1.0,2025-01-01,4275.0,DFW,SDF,31.0,26.0,0,0,733.0,1
2025.0,1.0,2025-01-01,3623.0,RDU,JFK,-6.0,-32.0,0,0,427.0,0
2025.0,1.0,2025-01-01,3627.0,LGA,RDU,-9.0,-31.0,0,0,431.0,0
2025.0,1.0,2025-01-01,3911.0,OMA,LGA,-9.0,-31.0,0,0,1148.0,0
2025.0,1.0,2025-01-01,4044.0,JFK,BNA,-4.0,1.0,0,0,765.0,0
2025.0,1.0,2025-01-01,341.0,PHX,PAE,-6.0,0.0,0,0,1133.0,0
2025.0,1.0,2025-01-01,515.0,PAE,PHX,10.0,-17.0,0,0,1133.0,0
2025.0,1.0,2025-01-01,519.0,FLL,SEA,0.0,2.0,0,0,2717.0,0
2025.0,1.0,2025-01-01,700.0,SEA,PHX,16.0,-4.0,0,0,1107.0,0
2025.0,1.0,2025-01-01,3339.0,DFW,LEX,-1.0,-14.0,0,0,785.0,0
2025.0,1.0,2025-01-01,3544.0,HOU,DFW,-3.0,-13.0,0,0,247.0,0
2025.0,1.0,2025-01-01,3880.0,DFW,FAR,1.0,-5.0,0,0,968.0,0
2025.0,1.0,2025-01-01,3880.0,FAR,DFW,-4.0,-19.0,0,0,968.0,0
2025.0,1.0,2025-01-01,3770.0,MFR,SEA,68.0,65.0,0,0,352.0,1
2025.0,1.0,2025-01-01,3806.0,SLC,MFR,-2.0,2.0,0,0,575.0,0
2025.0,1.0,2025-01-01,3862.0,GTF,SLC,-9.0,9.0,0,0,463.0,0
2025.0,1.0,2025-01-01,255.0,STL,DCA,0.0,-14.0,0,0,719.0,0
2025.0,1.0,2025-01-01,3029.0,DCA,OMA,16.0,8.0,0,0,1012.0,0
2025.0,1.0,2025-01-01,3029.0,OMA,DEN,8.0,2.0,0,0,472.0,0
2025.0,1.0,2025-01-01,392.0,LAS,STL,-4.0,-17.0,0,0,1371.0,0
2025.0,1.0,2025-01-01,329.0,ORD,SEA,-8.0,6.0,0,0,1721.0,0
2025.0,1.0,2025-01-01,427.0,SEA,DEN,-8.0,-31.0,0,0,1024.0,0
2025.0,1.0,2025-01-01,445.0,SEA,RNO,-7.0,-7.0,0,0,564.0,0
2025.0,1.0,2025-01-01,523.0,RNO,SEA,21.0,22.0,0,0,564.0,1
2025.0,1.0,2025-01-01,396.0,ATL,BOS,3.0,-13.0,0,0,946.0,0
2025.0,1.0,2025-01-01,397.0,BOS,ATL,6.0,12.0,0,0,946.0,0
2025.0,1.0,2025-01-01,540.0,CLE,BOS,-15.0,44.0,0,0,563.0,1
2025.0,1.0,2025-01-01,541.0,BOS,CLE,-11.0,-22.0,0,0,563.0,0
2025.0,1.0,2025-01-01,3346.0,LEX,DFW,-6.0,1.0,0,0,785.0,0
2025.0,1.0,2025-01-01,3620.0,BMI,DFW,-11.0,-31.0,0,0,690.0,0
2025.0,1.0,2025-01-01,3620.0,DFW,BMI,1.0,-26.0,0,0,690.0,0
2025.0,1.0,2025-01-01,3783.0,DFW,BIL,-3.0,16.0,0,0,1081.0,1
2025.0,1.0,2025-01-01,3782.0,SMF,LAX,-5.0,19.0,0,0,373.0,1
2025.0,1.0,2025-01-01,1300.0,PHX,ONT,0.0,-12.0,0,0,325.0,0
2025.0,1.0,2025-01-01,2586.0,ICT,PHX,-8.0,-17.0,0,0,870.0,0
2025.0,1.0,2025-01-01,2586.0,STL,ICT,-4.0,-15.0,0,0,392.0,0
2025.0,1.0,2025-01-01,3068.0,LAS,IND,-2.0,-15.0,0,0,1590.0,0
2025.0,1.0,2025-01-01,3068.0,ONT,LAS,-1.0,-13.0,0,0,197.0,0
2025.0,1.0,2025-01-01,115.0,SFO,EWR,-4.0,-16.0,0,0,2565.0,0
2025.0,1.0,2025-01-01,297.0,EWR,SAN,0.0,0.0,0,0,2425.0,0
2025.0,1.0,2025-01-01,3508.0,PNS,MIA,-4.0,-9.0,0,0,530.0,0
2025.0,1.0,2025-01-01,3553.0,TPA,MIA,202.0,191.0,0,0,204.0,1
2025.0,1.0,2025-01-01,3791.0,BNA,TPA,5.0,8.0,0,0,612.0,0
2025.0,1.0,2025-01-01,3797.0,TPA,BNA,-4.0,-11.0,0,0,612.0,0
2025.0,1.0,2025-01-01,3858.0,MIA,TLH,0.0,-12.0,0,0,402.0,0
2025.0,1.0,2025-01-01,3858.0,TLH,MIA,-1.0,10.0,0,0,402.0,0
2025.0,1.0,2025-01-01,3904.0,MIA,TPA,-4.0,-17.0,0,0,204.0,0
2025.0,1.0,2025-01-01,3678.0,BOI,SEA,-10.0,-29.0,0,0,399.0,0
2025.0,1.0,2025-01-01,3994.0,SEA,SJC,-8.0,-20.0,0,0,696.0,0
2025.0,1.0,2025-01-01,4145.0,GEG,SEA,-11.0,-8.0,0,0,224.0,0
2025.0,1.0,2025-01-01,4145.0,SEA,GEG,-1.0,-17.0,0,0,224.0,0
2025.0,1.0,2025-01-01,1382.0,MDW,BWI,-4.0,-18.0,0,0,611.0,0
2025.0,1.0,2025-01-01,232.0,BWI,RDU,-4.0,-15.0,0,0,255.0,0
2025.0,1.0,2025-01-01,2910.0,BWI,RDU,14.0,7.0,0,0,255.0,0
2025.0,1.0,2025-01-01,3242.0,RDU,BWI,4.0,6.0,0,0,255.0,0
2025.0,1.0,2025-01-01,4298.0,BWI,SAV,4.0,2.0,0,0,549.0,0
2025.0,1.0,2025-01-01,4415.0,RDU,BWI,-3.0,-12.0,0,0,255.0,0
2025.0,1.0,2025-01-01,343.0,AUS,SAN,6.0,21.0,0,0,1164.0,1
2025.0,1.0,2025-01-01,357.0,BOS,SFO,-5.0,-41.0,0,0,2704.0,0
2025.0,1.0,2025-01-01,390.0,SAN,BOS,14.0,-9.0,0,0,2588.0,0
2025.0,1.0,2025-01-01,1506.0,BNA,BOS,11.0,-3.0,0,0,942.0,0
2025.0,1.0,2025-01-01,1507.0,BOS,BNA,-10.0,-13.0,0,0,942.0,0
2025.0,1.0,2025-01-01,2719.0,BOS,MIA,9.0,14.0,0,0,1258.0,0
2025.0,1.0,2025-01-01,2720.0,MIA,BOS,22.0,15.0,0,0,1258.0,1
2025.0,1.0,2025-01-01,3603.0,DFW,FWA,-2.0,-15.0,0,0,859.0,0
2025.0,1.0,2025-01-01,3603.0,FWA,DFW,-8.0,-1.0,0,0,859.0,0
2025.0,1.0,2025-01-01,3638.0,DFW,MAF,-2.0,-8.0,0,0,309.0,0
2025.0,1.0,2025-01-01,3638.0,MAF,DFW,-6.0,-15.0,0,0,309.0,0
2025.0,1.0,2025-01-01,3828.0,EVV,DFW,-2.0,-3.0,0,0,642.0,0
2025.0,1.0,2025-01-01,4267.0,DFW,SGF,3.0,-16.0,0,0,364.0,0
2025.0,1.0,2025-01-01,3768.0,FAT,SLC,24.0,6.0,0,0,501.0,0
2025.0,1.0,2025-01-01,3768.0,SLC,FAT,6.0,3.0,0,0,501.0,0
2025.0,1.0,2025-01-01,3774.0,SLC,FAT,-6.0,-17.0,0,0,501.0,0
2025.0,1.0,2025-01-01,4004.0,RDM,SLC,-7.0,-10.0,0,0,525.0,0
2025.0,1.0,2025-01-01,1353.0,PHX,LAX,19.0,3.0,0,0,370.0,0
2025.0,1.0,2025-01-01,1353.0,TPA,PHX,7.0,-8.0,0,0,1788.0,0
2025.0,1.0,2025-01-01,339.0,ATL,TPA,7.0,2.0,0,0,406.0,0
2025.0,1.0,2025-01-01,339.0,DEN,ATL,1.0,-2.0,0,0,1199.0,0
2025.0,1.0,2025-01-01,1970.0,IAH,MFE,2.0,-7.0,0,0,316.0,0
2025.0,1.0,2025-01-01,1620.0,PHX,IAD,0.0,-13.0,0,0,1956.0,0
2025.0,1.0,2025-01-01,2102.0,LAS,ORD,1.0,-10.0,0,0,1514.0,0
2025.0,1.0,2025-01-01,2485.0,ORD,LAS,2.0,-2.0,0,0,1514.0,0
2025.0,1.0,2025-01-01,2497.0,IAD,ORD,26.0,17.0,0,0,588.0,1
2025.0,1.0,2025-01-01,935.0,LAX,FLL,-7.0,-28.0,0,0,2343.0,0
2025.0,1.0,2025-01-01,206.0,BOS,PQI,-11.0,2.0,0,0,333.0,0
2025.0,1.0,2025-01-01,216.0,BUF,BOS,-10.0,6.0,0,0,395.0,0
2025.0,1.0,2025-01-01,2850.0,SRQ,BOS,24.0,7.0,0,0,1220.0,0
2025.0,1.0,2025-01-01,2851.0,BOS,SRQ,5.0,9.0,0,0,1220.0,0
2025.0,1.0,2025-01-01,3353.0,DFW,ELP,4.0,4.0,0,0,551.0,0
2025.0,1.0,2025-01-01,3353.0,ELP,DFW,-6.0,-15.0,0,0,551.0,0
2025.0,1.0,2025-01-01,3625.0,DFW,FAR,-7.0,33.0,0,0,968.0,1
2025.0,1.0,2025-01-01,3625.0,FAR,DFW,45.0,27.0,0,0,968.0,1
2025.0,1.0,2025-01-01,3765.0,GJT,DFW,-7.0,-22.0,0,0,773.0,0
2025.0,1.0,2025-01-01,3925.0,AUS,MAF,-3.0,-20.0,0,0,294.0,0
2025.0,1.0,2025-01-01,4079.0,RDU,AUS,-16.0,-21.0,0,0,1162.0,0
2025.0,1.0,2025-01-01,4177.0,AUS,MFE,0.0,-14.0,0,0,279.0,0
2025.0,1.0,2025-01-01,4177.0,MFE,AUS,-9.0,-31.0,0,0,279.0,0
2025.0,1.0,2025-01-01,1257.0,LIT,DAL,-7.0,-16.0,0,0,296.0,0
2025.0,1.0,2025-01-01,1963.0,STL,TPA,-4.0,-13.0,0,0,869.0,0
2025.0,1.0,2025-01-01,3008.0,TPA,FLL,-3.0,-13.0,0,0,197.0,0
2025.0,1.0,2025-01-01,436.0,FLL,BNA,-2.0,-22.0,0,0,793.0,0
2025.0,1.0,2025-01-01,4467.0,DAL,MCI,-7.0,-8.0,0,0,461.0,0
2025.0,1.0,2025-01-01,4467.0,MCI,STL,-4.0,-12.0,0,0,237.0,0
2025.0,1.0,2025-01-01,1310.0,SEA,SJC,-3.0,-21.0,0,0,696.0,0
2025.0,1.0,2025-01-01,53.0,PHX,SEA,-7.0,3.0,0,0,1107.0,0
2025.0,1.0,2025-01-01,546.0,IND,SEA,-10.0,3.0,0,0,1866.0,0
2025.0,1.0,2025-01-01,624.0,SEA,PHX,1.0,-11.0,0,0,1107.0,0
2025.0,1.0,2025-01-01,3356.0,SAV,MIA,-8.0,-26.0,0,0,440.0,0
2025.0,1.0,2025-01-01,3493.0,MIA,JAX,-1.0,-16.0,0,0,335.0,0
2025.0,1.0,2025-01-01,3774.0,BNA,MIA,-7.0,-10.0,0,0,806.0,0
2025.0,1.0,2025-01-01,3774.0,MIA,BNA,-2.0,-12.0,0,0,806.0,0
2025.0,1.0,2025-01-01,3961.0,MCI,MIA,44.0,24.0,0,0,1251.0,1
2025.0,1.0,2025-01-01,3961.0,MIA,MCI,29.0,44.0,0,0,1251.0,1
2025.0,1.0,2025-01-01,3695.0,JAC,LAX,,,1,0,784.0,
2025.0,1.0,2025-01-01,3695.0,LAX,JAC,44.0,,0,1,784.0,
2025.0,1.0,2025-01-01,3746.0,LAX,SAN,-5.0,-13.0,0,0,109.0,0
2025.0,1.0,2025-01-01,4123.0,SJC,LAX,-3.0,-18.0,0,0,308.0,0
2025.0,1.0,2025-01-01,2643.0,ATL,DEN,12.0,12.0,0,0,1199.0,0
2025.0,1.0,2025-01-01,2643.0,BWI,ATL,4.0,2.0,0,0,577.0,0
2025.0,1.0,2025-01-01,2643.0,DEN,LAX,30.0,12.0,0,0,862.0,0
2025.0,1.0,2025-01-01,331.0,ROC,BWI,-4.0,-9.0,0,0,277.0,0
2025.0,1.0,2025-01-01,3729.0,LAX,DAL,23.0,11.0,0,0,1246.0,0
2025.0,1.0,2025-01-01,3494.0,DFW,SGF,-3.0,-10.0,0,0,364.0,0
2025.0,1.0,2025-01-01,3495.0,SGF,DFW,18.0,8.0,0,0,364.0,0
2025.0,1.0,2025-01-01,3509.0,DFW,XNA,-6.0,-12.0,0,0,280.0,0
2025.0,1.0,2025-01-01,3509.0,XNA,DFW,-10.0,-7.0,0,0,280.0,0
2025.0,1.0,2025-01-01,3665.0,DFW,SGF,-4.0,-6.0,0,0,364.0,0
2025.0,1.0,2025-01-01,3859.0,GTF,SLC,-10.0,-12.0,0,0,463.0,0
2025.0,1.0,2025-01-01,3859.0,SLC,GTF,7.0,-8.0,0,0,463.0,0
2025.0,1.0,2025-01-01,4030.0,PSP,SLC,-4.0,-20.0,0,0,541.0,0
2025.0,1.0,2025-01-01,4054.0,SLC,TUS,-3.0,-33.0,0,0,601.0,0
2025.0,1.0,2025-01-01,4149.0,LAS,ONT,4.0,-7.0,0,0,197.0,0
2025.0,1.0,2025-01-01,552.0,LAX,PHX,4.0,-14.0,0,0,370.0,0
2025.0,1.0,2025-01-01,552.0,PHX,OMA,-6.0,-22.0,0,0,1037.0,0
2025.0,1.0,2025-01-01,552.0,STL,LAX,13.0,2.0,0,0,1592.0,0
2025.0,1.0,2025-01-01,961.0,OMA,LAS,-4.0,-22.0,0,0,1099.0,0
2025.0,1.0,2025-01-01,15.0,JFK,SFO,-7.0,-12.0,0,0,2586.0,0
2025.0,1.0,2025-01-01,534.0,SFO,AUS,-9.0,-24.0,0,0,1504.0,0
2025.0,1.0,2025-01-01,3375.0,HHH,CLT,-4.0,-22.0,0,0,207.0,0
2025.0,1.0,2025-01-01,3841.0,CLT,HHH,-1.0,-6.0,0,0,207.0,0
2025.0,1.0,2025-01-01,3857.0,CLT,XNA,0.0,10.0,0,0,754.0,0
2025.0,1.0,2025-01-01,3860.0,XNA,CLT,-6.0,-38.0,0,0,754.0,0
2025.0,1.0,2025-01-01,4006.0,SLC,TUL,-12.0,-27.0,0,0,926.0,0
2025.0,1.0,2025-01-01,4037.0,SUN,SLC,-7.0,-8.0,0,0,222.0,0
2025.0,1.0,2025-01-01,4038.0,BIL,SLC,-10.0,-24.0,0,0,387.0,0
2025.0,1.0,2025-01-01,4038.0,SLC,BIL,-7.0,-2.0,0,0,387.0,0
2025.0,1.0,2025-01-01,188.0,BWI,PBI,24.0,43.0,0,0,883.0,1
2025.0,1.0,2025-01-01,2438.0,BWI,PWM,2.0,-3.0,0,0,452.0,0
2025.0,1.0,2025-01-01,2438.0,PBI,BWI,-7.0,-19.0,0,0,883.0,0
2025.0,1.0,2025-01-01,3053.0,PWM,BWI,-3.0,-2.0,0,0,452.0,0
2025.0,1.0,2025-01-01,726.0,ISP,PBI,4.0,-10.0,0,0,1052.0,0
2025.0,1.0,2025-01-01,1289.0,SFO,SEA,1.0,-18.0,0,0,679.0,0
2025.0,1.0,2025-01-01,344.0,SEA,BWI,-4.0,-28.0,0,0,2335.0,0
2025.0,1.0,2025-01-01,691.0,PSP,SEA,-3.0,-4.0,0,0,987.0,0
2025.0,1.0,2025-01-01,778.0,SEA,PSP,-2.0,-16.0,0,0,987.0,0
2025.0,1.0,2025-01-01,3445.0,RAP,DFW,-7.0,-11.0,0,0,835.0,0
2025.0,1.0,2025-01-01,3822.0,DCA,JAX,,,1,0,634.0,
2025.0,1.0,2025-01-01,3869.0,DFW,VPS,-3.0,-20.0,0,0,641.0,0
2025.0,1.0,2025-01-01,3869.0,VPS,DFW,-7.0,-20.0,0,0,641.0,0
2025.0,1.0,2025-01-01,4079.0,DFW,LIT,-2.0,-15.0,0,0,304.0,0
2025.0,1.0,2025-01-01,4100.0,MAF,AUS,-4.0,-31.0,0,0,294.0,0
2025.0,1.0,2025-01-01,4153.0,AUS,RDU,-8.0,-26.0,0,0,1162.0,0
2025.0,1.0,2025-01-01,1686.0,PIT,MCO,-5.0,12.0,0,0,834.0,0
2025.0,1.0,2025-01-01,2249.0,MDW,MEM,-1.0,12.0,0,0,480.0,0
2025.0,1.0,2025-01-01,2249.0,MEM,MCO,16.0,-1.0,0,0,684.0,0
2025.0,1.0,2025-01-01,3783.0,MCO,PIT,3.0,-11.0,0,0,834.0,0
2025.0,1.0,2025-01-01,2409.0,ORD,SFO,-6.0,-24.0,0,0,1846.0,0
2025.0,1.0,2025-01-01,534.0,SFO,ORD,-2.0,-33.0,0,0,1846.0,0
2025.0,1.0,2025-01-01,1453.0,OAK,SNA,-6.0,-15.0,0,0,371.0,0
2025.0,1.0,2025-01-01,1453.0,PDX,OAK,-3.0,-10.0,0,0,543.0,0
2025.0,1.0,2025-01-01,2101.0,SMF,SAN,-1.0,-10.0,0,0,480.0,0
2025.0,1.0,2025-01-01,2265.0,SAN,RNO,-5.0,-15.0,0,0,488.0,0
2025.0,1.0,2025-01-01,3020.0,OAK,PDX,-7.0,-9.0,0,0,543.0,0
2025.0,1.0,2025-01-01,693.0,SNA,SMF,-1.0,-7.0,0,0,404.0,0
2025.0,1.0,2025-01-01,3374.0,DFW,HSV,-3.0,-12.0,0,0,603.0,0
2025.0,1.0,2025-01-01,3374.0,HSV,DFW,0.0,2.0,0,0,603.0,0
2025.0,1.0,2025-01-01,3437.0,CRP,DFW,12.0,-3.0,0,0,354.0,0
2025.0,1.0,2025-01-01,3437.0,DFW,CRP,22.0,17.0,0,0,354.0,1
2025.0,1.0,2025-01-01,3657.0,FWA,DFW,-3.0,-16.0,0,0,859.0,0
2025.0,1.0,2025-01-01,4186.0,DFW,ATW,-7.0,-19.0,0,0,908.0,0
2025.0,1.0,2025-01-01,1059.0,SFO,SEA,107.0,85.0,0,0,679.0,1
2025.0,1.0,2025-01-01,1284.0,SEA,SFO,130.0,106.0,0,0,679.0,1
2025.0,1.0,2025-01-01,395.0,MCO,SEA,-5.0,-23.0,0,0,2554.0,0
2025.0,1.0,2025-01-01,509.0,SEA,ABQ,-3.0,-24.0,0,0,1180.0,0
2025.0,1.0,2025-01-01,3562.0,DFW,VPS,-8.0,-19.0,0,0,641.0,0
2025.0,1.0,2025-01-01,3967.0,DFW,IAH,7.0,6.0,0,0,224.0,0
2025.0,1.0,2025-01-01,3967.0,IAH,DFW,-2.0,-9.0,0,0,224.0,0
2025.0,1.0,2025-01-01,3620.0,LGA,OMA,-10.0,-4.0,0,0,1148.0,0
2025.0,1.0,2025-01-01,3628.0,JFK,RDU,-8.0,-19.0,0,0,427.0,0
2025.0,1.0,2025-01-01,3647.0,RDU,LGA,-5.0,-12.0,0,0,431.0,0
2025.0,1.0,2025-01-01,4110.0,BNA,JFK,-6.0,-18.0,0,0,765.0,0
2025.0,1.0,2025-01-01,39.0,DAL,HOU,6.0,-13.0,0,0,239.0,0
2025.0,1.0,2025-01-01,39.0,DEN,DAL,6.0,-6.0,0,0,651.0,0
2025.0,1.0,2025-01-01,39.0,PHX,DEN,10.0,3.0,0,0,602.0,0
2025.0,1.0,2025-01-01,39.0,SNA,PHX,0.0,-7.0,0,0,338.0,0
2025.0,1.0,2025-01-01,4681.0,HOU,PHX,-4.0,-12.0,0,0,1020.0,0
2025.0,1.0,2025-01-01,4681.0,PHX,SJC,-3.0,-12.0,0,0,621.0,0
2025.0,1.0,2025-01-01,1128.0,EWR,SFO,-4.0,-14.0,0,0,2565.0,0
2025.0,1.0,2025-01-01,549.0,SFO,EWR,87.0,46.0,0,0,2565.0,1
2025.0,1.0,2025-01-01,588.0,SEA,DAL,-6.0,-30.0,0,0,1670.0,0
2025.0,1.0,2025-01-01,589.0,DAL,SEA,-3.0,-3.0,0,0,1670.0,0
2025.0,1.0,2025-01-01,650.0,ABQ,SEA,3.0,6.0,0,0,1180.0,0
2025.0,1.0,2025-01-01,3481.0,DFW,MOB,-4.0,-8.0,0,0,539.0,0
2025.0,1.0,2025-01-01,3481.0,MOB,DFW,-6.0,-18.0,0,0,539.0,0
2025.0,1.0,2025-01-01,3484.0,ABQ,DFW,9.0,1.0,0,0,569.0,0
2025.0,1.0,2025-01-01,3484.0,DFW,ABQ,-3.0,13.0,0,0,569.0,0
2025.0,1.0,2025-01-01,3650.0,VPS,DFW,4.0,1.0,0,0,641.0,0
2025.0,1.0,2025-01-01,3941.0,SLC,RDM,-7.0,-11.0,0,0,525.0,0
2025.0,1.0,2025-01-01,1217.0,SNA,SJC,-1.0,-23.0,0,0,342.0,0
2025.0,1.0,2025-01-01,1272.0,DEN,LAS,-2.0,5.0,0,0,628.0,0
2025.0,1.0,2025-01-01,2553.0,SJC,SNA,-5.0,-15.0,0,0,342.0,0
2025.0,1.0,2025-01-01,3001.0,SJC,SEA,-6.0,-14.0,0,0,696.0,0
2025.0,1.0,2025-01-01,4015.0,LAS,SNA,15.0,-4.0,0,0,226.0,0
2025.0,1.0,2025-01-01,4359.0,SNA,SJC,-4.0,-16.0,0,0,342.0,0
2025.0,1.0,2025-01-01,120.0,LAS,SFO,-5.0,-8.0,0,0,414.0,0
2025.0,1.0,2025-01-01,368.0,SFO,MCO,-2.0,-33.0,0,0,2446.0,0
2025.0,1.0,2025-01-01,399.0,MCO,SFO,0.0,-8.0,0,0,2446.0,0
2025.0,1.0,2025-01-01,3361.0,MSY,MIA,-7.0,-19.0,0,0,675.0,0
2025.0,1.0,2025-01-01,3363.0,MIA,MSY,0.0,-17.0,0,0,675.0,0
2025.0,1.0,2025-01-01,3388.0,JAX,MIA,-2.0,-2.0,0,0,335.0,0
2025.0,1.0,2025-01-01,3618.0,CVG,MIA,-1.0,4.0,0,0,948.0,0
2025.0,1.0,2025-01-01,3807.0,MIA,GSP,199.0,176.0,0,0,637.0,1
2025.0,1.0,2025-01-01,4082.0,MIA,JAX,1.0,-17.0,0,0,335.0,0
2025.0,1.0,2025-01-01,3786.0,SLC,PSC,-12.0,4.0,0,0,521.0,0
2025.0,1.0,2025-01-01,3940.0,COS,SLC,29.0,8.0,0,0,411.0,0
2025.0,1.0,2025-01-01,1226.0,DAL,LAS,-2.0,-8.0,0,0,1067.0,0
2025.0,1.0,2025-01-01,1226.0,LAS,SJC,0.0,-5.0,0,0,386.0,0
2025.0,1.0,2025-01-01,3642.0,SAN,AUS,-2.0,-5.0,0,0,1164.0,0
2025.0,1.0,2025-01-01,3642.0,SJC,SAN,-6.0,-15.0,0,0,417.0,0
2025.0,1.0,2025-01-01,4358.0,SNA,DAL,-5.0,-23.0,0,0,1216.0,0
2025.0,1.0,2025-01-01,406.0,IAD,SEA,-2.0,-18.0,0,0,2306.0,0
2025.0,1.0,2025-01-01,406.0,SEA,IAD,8.0,2.0,0,0,2306.0,0
2025.0,1.0,2025-01-01,643.0,DEN,SEA,14.0,41.0,0,0,1024.0,1
2025.0,1.0,2025-01-01,3352.0,MAF,DFW,-8.0,-18.0,0,0,309.0,0
2025.0,1.0,2025-01-01,3580.0,DFW,CHA,22.0,11.0,0,0,695.0,0
2025.0,1.0,2025-01-01,1376.0,DAL,MAF,-6.0,-16.0,0,0,319.0,0
2025.0,1.0,2025-01-01,1376.0,STL,TUL,-4.0,-14.0,0,0,351.0,0
2025.0,1.0,2025-01-01,1376.0,TUL,DAL,-3.0,-16.0,0,0,238.0,0
2025.0,1.0,2025-01-01,1401.0,DCA,STL,-3.0,0.0,0,0,719.0,0
2025.0,1.0,2025-01-01,1507.0,DAL,PHX,23.0,16.0,0,0,879.0,1
2025.0,1.0,2025-01-01,3932.0,MAF,DAL,-6.0,-22.0,0,0,319.0,0
2025.0,1.0,2025-01-01,108.0,ANC,SEA,-2.0,-17.0,0,0,1448.0,0
2025.0,1.0,2025-01-01,372.0,SEA,DFW,0.0,-28.0,0,0,1660.0,0
2025.0,1.0,2025-01-01,405.0,OKC,SEA,-7.0,19.0,0,0,1519.0,1
2025.0,1.0,2025-01-01,405.0,SEA,OKC,-13.0,-18.0,0,0,1519.0,0
2025.0,1.0,2025-01-01,3765.0,SAN,SLC,-9.0,11.0,0,0,626.0,0
2025.0,1.0,2025-01-01,3765.0,SLC,SAN,-6.0,-26.0,0,0,626.0,0
2025.0,1.0,2025-01-01,4138.0,FAT,SLC,-3.0,-23.0,0,0,501.0,0
2025.0,1.0,2025-01-01,1747.0,BUF,BWI,-2.0,-3.0,0,0,281.0,0
2025.0,1.0,2025-01-01,2251.0,SAV,BWI,-6.0,1.0,0,0,549.0,0
2025.0,1.0,2025-01-01,3320.0,BWI,PBI,8.0,34.0,0,0,883.0,1
2025.0,1.0,2025-01-01,3436.0,PBI,ISP,41.0,25.0,0,0,1052.0,1
2025.0,1.0,2025-01-01,910.0,BWI,BUF,-3.0,-6.0,0,0,281.0,0
2025.0,1.0,2025-01-01,3633.0,MSP,ORD,1.0,0.0,0,0,334.0,0
2025.0,1.0,2025-01-01,3633.0,ORD,MSP,-6.0,-3.0,0,0,334.0,0
2025.0,1.0,2025-01-01,3709.0,ORD,MSP,-7.0,-34.0,0,0,334.0,0
2025.0,1.0,2025-01-01,3723.0,MSP,ORD,18.0,-27.0,0,0,334.0,0
2025.0,1.0,2025-01-01,3831.0,MSP,OMA,-2.0,4.0,0,0,282.0,0
2025.0,1.0,2025-01-01,3831.0,OMA,MSP,-3.0,-19.0,0,0,282.0,0
2025.0,1.0,2025-01-01,1314.0,DEN,PHX,18.0,6.0,0,0,602.0,0
2025.0,1.0,2025-01-01,1268.0,PDX,BNA,4.0,-25.0,0,0,1973.0,0
2025.0,1.0,2025-01-01,1269.0,BNA,PDX,-12.0,-6.0,0,0,1973.0,0
2025.0,1.0,2025-01-01,1467.0,LAS,PDX,0.0,7.0,0,0,763.0,0
2025.0,1.0,2025-01-01,704.0,SEA,LAS,-5.0,-29.0,0,0,867.0,0
2025.0,1.0,2025-01-01,3813.0,TWF,SLC,-10.0,1.0,0,0,175.0,0
2025.0,1.0,2025-01-01,3882.0,SLC,OKC,-5.0,-22.0,0,0,866.0,0
2025.0,1.0,2025-01-01,3932.0,SJC,SLC,-5.0,-25.0,0,0,584.0,0
2025.0,1.0,2025-01-01,3932.0,SLC,SJC,-7.0,-10.0,0,0,584.0,0
2025.0,1.0,2025-01-01,157.0,OAK,DEN,-4.0,-19.0,0,0,957.0,0
2025.0,1.0,2025-01-01,2489.0,MTJ,DEN,-3.0,-10.0,0,0,196.0,0
2025.0,1.0,2025-01-01,3268.0,HOU,STL,-7.0,-16.0,0,0,687.0,0
2025.0,1.0,2025-01-01,468.0,DEN,MTJ,-6.0,-21.0,0,0,196.0,0
2025.0,1.0,2025-01-01,569.0,DEN,HOU,-2.0,-17.0,0,0,883.0,0
2025.0,1.0,2025-01-01,1800.0,CLE,ORD,-6.0,-6.0,0,0,316.0,0
2025.0,1.0,2025-01-01,31.0,JFK,SEA,-7.0,-47.0,0,0,2422.0,0
2025.0,1.0,2025-01-01,438.0,SEA,IAH,-9.0,-34.0,0,0,1874.0,0
2025.0,1.0,2025-01-01,439.0,IAH,SEA,0.0,17.0,0,0,1874.0,1
2025.0,1.0,2025-01-01,542.0,SEA,DFW,12.0,-28.0,0,0,1660.0,0
2025.0,1.0,2025-01-01,3619.0,MKE,SLC,-7.0,-2.0,0,0,1247.0,0
2025.0,1.0,2025-01-01,3896.0,SLC,OMA,-5.0,-20.0,0,0,840.0,0
2025.0,1.0,2025-01-01,1614.0,EUG,LAS,9.0,2.0,0,0,700.0,0
2025.0,1.0,2025-01-01,1614.0,LAS,BUR,22.0,11.0,0,0,223.0,0
2025.0,1.0,2025-01-01,3458.0,BUR,RNO,3.0,-10.0,0,0,374.0,0
2025.0,1.0,2025-01-01,5304.0,LAS,EUG,3.0,-3.0,0,0,700.0,0
2025.0,1.0,2025-01-01,555.0,BUR,LAS,-5.0,-13.0,0,0,223.0,0
2025.0,1.0,2025-01-01,111.0,FAI,SEA,-8.0,-13.0,0,0,1533.0,0
2025.0,1.0,2025-01-01,323.0,MKE,SEA,25.0,2.0,0,0,1694.0,0
2025.0,1.0,2025-01-01,538.0,SEA,ORD,38.0,7.0,0,0,1721.0,0
2025.0,1.0,2025-01-01,809.0,SEA,MKE,54.0,27.0,0,0,1694.0,1
2025.0,1.0,2025-01-01,3633.0,MIA,RIC,0.0,-8.0,0,0,825.0,0
2025.0,1.0,2025-01-01,3633.0,RIC,MIA,-10.0,-27.0,0,0,825.0,0
2025.0,1.0,2025-01-01,3640.0,GSO,MIA,-7.0,-20.0,0,0,710.0,0
2025.0,1.0,2025-01-01,3730.0,MIA,TLH,-2.0,-20.0,0,0,402.0,0
2025.0,1.0,2025-01-01,3736.0,SEA,SJC,-5.0,-28.0,0,0,696.0,0
2025.0,1.0,2025-01-01,3736.0,SJC,SEA,-4.0,-29.0,0,0,696.0,0
2025.0,1.0,2025-01-01,3873.0,SEA,LWS,-8.0,-36.0,0,0,261.0,0
2025.0,1.0,2025-01-01,4128.0,EUG,SEA,-4.0,-26.0,0,0,234.0,0
2025.0,1.0,2025-01-01,1912.0,ATL,MIA,-6.0,4.0,0,0,594.0,0
2025.0,1.0,2025-01-01,2215.0,STL,BNA,-5.0,-12.0,0,0,272.0,0
2025.0,1.0,2025-01-01,4533.0,BNA,PHL,0.0,-8.0,0,0,675.0,0
2025.0,1.0,2025-01-01,598.0,MIA,STL,6.0,-9.0,0,0,1068.0,0
2025.0,1.0,2025-01-01,1900.0,SFO,EWR,-8.0,-31.0,0,0,2565.0,0
2025.0,1.0,2025-01-01,548.0,EWR,SFO,3.0,40.0,0,0,2565.0,1
2025.0,1.0,2025-01-01,2856.0,SFO,EWR,19.0,12.0,0,0,2565.0,0
2025.0,1.0,2025-01-01,667.0,IAD,LAX,30.0,25.0,0,0,2288.0,1
2025.0,1.0,2025-01-01,3401.0,XNA,PHX,-6.0,-7.0,0,0,1023.0,0
2025.0,1.0,2025-01-01,3740.0,PHX,TUS,-2.0,-14.0,0,0,110.0,0
2025.0,1.0,2025-01-01,3740.0,TUS,PHX,-8.0,-25.0,0,0,110.0,0
2025.0,1.0,2025-01-01,3962.0,PHX,SMF,-2.0,-7.0,0,0,647.0,0
2025.0,1.0,2025-01-01,3712.0,LAX,SMF,-9.0,-31.0,0,0,373.0,0
2025.0,1.0,2025-01-01,3725.0,BOI,LAX,-4.0,-23.0,0,0,674.0,0
2025.0,1.0,2025-01-01,3802.0,LAX,PHX,-8.0,-24.0,0,0,370.0,0
2025.0,1.0,2025-01-01,3802.0,PHX,LAX,-6.0,-25.0,0,0,370.0,0
2025.0,1.0,2025-01-01,1030.0,PIT,RSW,-2.0,-18.0,0,0,966.0,0
2025.0,1.0,2025-01-01,4753.0,BWI,CLE,3.0,1.0,0,0,314.0,0
2025.0,1.0,2025-01-01,4753.0,CLE,STL,8.0,7.0,0,0,487.0,0
2025.0,1.0,2025-01-01,4753.0,RSW,BWI,-4.0,-20.0,0,0,919.0,0
2025.0,1.0,2025-01-01,5122.0,STL,PHX,19.0,14.0,0,0,1262.0,0
2025.0,1.0,2025-01-01,839.0,PHX,MKE,3.0,-5.0,0,0,1460.0,0
2025.0,1.0,2025-01-01,3385.0,IND,MIA,-2.0,-1.0,0,0,1020.0,0
2025.0,1.0,2025-01-01,3385.0,MIA,IND,-11.0,-23.0,0,0,1020.0,0
2025.0,1.0,2025-01-01,3467.0,MIA,CVG,-2.0,-20.0,0,0,948.0,0
2025.0,1.0,2025-01-01,3759.0,BNA,TPA,3.0,-9.0,0,0,612.0,0
2025.0,1.0,2025-01-01,3849.0,TPA,MIA,-7.0,-13.0,0,0,204.0,0
2025.0,1.0,2025-01-01,3642.0,LAS,SMF,-1.0,-21.0,0,0,397.0,0
2025.0,1.0,2025-01-01,3655.0,SMF,LAX,-10.0,-8.0,0,0,373.0,0
2025.0,1.0,2025-01-01,3967.0,LAS,SAN,0.0,-5.0,0,0,258.0,0
2025.0,1.0,2025-01-01,3967.0,SAN,LAS,-10.0,-9.0,0,0,258.0,0
2025.0,1.0,2025-01-01,2455.0,SLC,STL,-5.0,-27.0,0,0,1156.0,0
2025.0,1.0,2025-01-01,2455.0,STL,SLC,14.0,35.0,0,0,1156.0,1
2025.0,1.0,2025-01-01,2666.0,SLC,STL,8.0,31.0,0,0,1156.0,1
2025.0,1.0,2025-01-01,1026.0,MSP,ATL,-5.0,-30.0,0,0,907.0,0
2025.0,1.0,2025-01-01,1601.0,ATL,IAH,52.0,46.0,0,0,689.0,1
2025.0,1.0,2025-01-01,880.0,MSP,RSW,-4.0,-33.0,0,0,1416.0,0
2025.0,1.0,2025-01-01,880.0,RSW,MSP,-7.0,-26.0,0,0,1416.0,0
2025.0,1.0,2025-01-01,1031.0,IAD,TPA,-26.0,-19.0,0,0,811.0,0
2025.0,1.0,2025-01-01,1114.0,DEN,TPA,-3.0,9.0,0,0,1506.0,0
2025.0,1.0,2025-01-01,2925.0,BWI,TPA,-10.0,-3.0,0,0,842.0,0
2025.0,1.0,2025-01-01,2954.0,TPA,IAD,-10.0,-20.0,0,0,811.0,0
2025.0,1.0,2025-01-01,4092.0,TPA,BWI,-2.0,-17.0,0,0,842.0,0
2025.0,1.0,2025-01-01,2269.0,SLC,JAC,-3.0,3.0,0,0,205.0,0
2025.0,1.0,2025-01-01,2618.0,AUS,SLC,-2.0,2.0,0,0,1086.0,0
2025.0,1.0,2025-01-01,1570.0,ORD,BOS,-6.0,-23.0,0,0,867.0,0
2025.0,1.0,2025-01-01,1741.0,BOS,ORD,-7.0,-39.0,0,0,867.0,0
2025.0,1.0,2025-01-01,1776.0,BOS,PHL,-4.0,14.0,0,0,280.0,0
2025.0,1.0,2025-01-01,2531.0,PHL,MCO,-6.0,5.0,0,0,861.0,0
2025.0,1.0,2025-01-01,1567.0,ATL,DFW,-4.0,-5.0,0,0,731.0,0
2025.0,1.0,2025-01-01,1770.0,DFW,FAT,-2.0,7.0,0,0,1313.0,0
2025.0,1.0,2025-01-01,1770.0,FAT,DFW,12.0,-9.0,0,0,1313.0,0
2025.0,1.0,2025-01-01,803.0,DFW,CVG,-5.0,-22.0,0,0,812.0,0
2025.0,1.0,2025-01-01,3624.0,CVG,AUS,9.0,10.0,0,0,958.0,0
2025.0,1.0,2025-01-01,3945.0,AUS,BNA,4.0,-3.0,0,0,756.0,0
2025.0,1.0,2025-01-01,4131.0,AUS,HRL,31.0,37.0,0,0,273.0,1
2025.0,1.0,2025-01-01,4131.0,HRL,AUS,33.0,22.0,0,0,273.0,1
2025.0,1.0,2025-01-01,1584.0,MCO,JFK,4.0,5.0,0,0,944.0,0
2025.0,1.0,2025-01-01,1004.0,SEA,GEG,-9.0,-17.0,0,0,224.0,0
2025.0,1.0,2025-01-01,1078.0,SFO,SEA,-9.0,-17.0,0,0,679.0,0
2025.0,1.0,2025-01-01,1304.0,SEA,SFO,3.0,-10.0,0,0,679.0,0
2025.0,1.0,2025-01-01,907.0,RDM,SEA,-3.0,-2.0,0,0,228.0,0
2025.0,1.0,2025-01-01,493.0,ATL,DEN,6.0,5.0,0,0,1199.0,0
2025.0,1.0,2025-01-01,2055.0,ORD,SEA,-4.0,-25.0,0,0,1721.0,0
2025.0,1.0,2025-01-01,2055.0,SEA,ORD,-7.0,-19.0,0,0,1721.0,0
2025.0,1.0,2025-01-01,2108.0,SEA,ORD,-11.0,-31.0,0,0,1721.0,0
2025.0,1.0,2025-01-01,925.0,ANC,SEA,-9.0,-25.0,0,0,1448.0,0
2025.0,1.0,2025-01-01,3417.0,AUS,DFW,-9.0,-21.0,0,0,190.0,0
2025.0,1.0,2025-01-01,3477.0,MSY,DFW,2.0,7.0,0,0,447.0,0
2025.0,1.0,2025-01-01,3789.0,DFW,AUS,-5.0,-17.0,0,0,190.0,0
2025.0,1.0,2025-01-01,3802.0,DFW,MSY,9.0,3.0,0,0,447.0,0
2025.0,1.0,2025-01-01,4065.0,DFW,CRP,-3.0,-13.0,0,0,354.0,0
2025.0,1.0,2025-01-01,4125.0,MAF,DFW,2.0,-2.0,0,0,309.0,0
2025.0,1.0,2025-01-01,2156.0,PHX,EWR,3.0,-14.0,0,0,2133.0,0
2025.0,1.0,2025-01-01,2501.0,CLT,ORD,-8.0,-4.0,0,0,599.0,0
2025.0,1.0,2025-01-01,3014.0,ORD,PHX,-2.0,-14.0,0,0,1440.0,0
2025.0,1.0,2025-01-01,3708.0,EUG,SLC,-7.0,-36.0,0,0,618.0,0
2025.0,1.0,2025-01-01,3833.0,LWS,SLC,5.0,-19.0,0,0,461.0,0
2025.0,1.0,2025-01-01,3833.0,SLC,LWS,-6.0,18.0,0,0,461.0,1
2025.0,1.0,2025-01-01,3839.0,SLC,HLN,-15.0,-35.0,0,0,402.0,0
2025.0,1.0,2025-01-01,1106.0,SEA,SJC,-7.0,-24.0,0,0,696.0,0
2025.0,1.0,2025-01-01,908.0,SEA,DFW,-8.0,-19.0,0,0,1660.0,0
2025.0,1.0,2025-01-01,909.0,DFW,SEA,118.0,135.0,0,0,1660.0,1
2025.0,1.0,2025-01-01,3675.0,IAH,PHX,-3.0,-11.0,0,0,1009.0,0
2025.0,1.0,2025-01-01,3675.0,PHX,IAH,8.0,-10.0,0,0,1009.0,0
2025.0,1.0,2025-01-01,4080.0,PHX,ABQ,1.0,-10.0,0,0,328.0,0
2025.0,1.0,2025-01-01,4090.0,RDM,PHX,7.0,-8.0,0,0,893.0,0
2025.0,1.0,2025-01-01,1676.0,ATL,SAT,-5.0,-9.0,0,0,874.0,0
2025.0,1.0,2025-01-01,1676.0,SAT,ATL,0.0,-19.0,0,0,874.0,0
2025.0,1.0,2025-01-01,2251.0,ATL,PHL,-1.0,0.0,0,0,666.0,0
2025.0,1.0,2025-01-01,1071.0,SLC,SBA,-8.0,-23.0,0,0,615.0,0
2025.0,1.0,2025-01-01,1277.0,SLC,SNA,58.0,49.0,0,0,588.0,1
2025.0,1.0,2025-01-01,1277.0,SNA,SLC,50.0,36.0,0,0,588.0,1
2025.0,1.0,2025-01-01,1291.0,DFW,SLC,-3.0,10.0,0,0,989.0,0
2025.0,1.0,2025-01-01,2095.0,BOI,SLC,26.0,65.0,0,0,290.0,1
2025.0,1.0,2025-01-01,2095.0,SLC,BOI,1.0,34.0,0,0,290.0,1
2025.0,1.0,2025-01-01,1446.0,MCO,CLT,-10.0,-24.0,0,0,468.0,0
2025.0,1.0,2025-01-01,1759.0,CLT,MCO,-8.0,-21.0,0,0,468.0,0
2025.0,1.0,2025-01-01,4404.0,MCO,PHL,-9.0,-1.0,0,0,861.0,0
2025.0,1.0,2025-01-01,2283.0,MIA,STT,-5.0,-29.0,0,0,1107.0,0
2025.0,1.0,2025-01-01,2283.0,STT,MIA,-13.0,-39.0,0,0,1107.0,0
2025.0,1.0,2025-01-01,669.0,MIA,LAX,-2.0,7.0,0,0,2342.0,0
2025.0,1.0,2025-01-01,3741.0,LAS,SAN,-4.0,-11.0,0,0,258.0,0
2025.0,1.0,2025-01-01,3741.0,SAN,LAS,-10.0,-18.0,0,0,258.0,0
2025.0,1.0,2025-01-01,3812.0,LAX,SMF,0.0,-7.0,0,0,373.0,0
2025.0,1.0,2025-01-01,3885.0,SMF,LAS,-4.0,-23.0,0,0,397.0,0
2025.0,1.0,2025-01-01,1185.0,JFK,RDU,20.0,17.0,0,0,427.0,1
2025.0,1.0,2025-01-01,1297.0,JFK,DEN,-4.0,-23.0,0,0,1626.0,0
2025.0,1.0,2025-01-01,1298.0,DEN,JFK,22.0,10.0,0,0,1626.0,0
2025.0,1.0,2025-01-01,2516.0,JFK,SYR,0.0,5.0,0,0,209.0,0
2025.0,1.0,2025-01-01,315.0,SYR,JFK,-10.0,2.0,0,0,209.0,0
2025.0,1.0,2025-01-01,2935.0,SLC,MSP,-5.0,-25.0,0,0,991.0,0
2025.0,1.0,2025-01-01,423.0,ATL,SLC,-3.0,10.0,0,0,1590.0,0
2025.0,1.0,2025-01-01,992.0,LGA,ATL,-6.0,-34.0,0,0,762.0,0
2025.0,1.0,2025-01-01,2727.0,DFW,SLC,-5.0,3.0,0,0,989.0,0
2025.0,1.0,2025-01-01,2796.0,SLC,DFW,-8.0,-17.0,0,0,989.0,0
2025.0,1.0,2025-01-01,2970.0,MSP,DFW,-4.0,-6.0,0,0,852.0,0
2025.0,1.0,2025-01-01,2676.0,DFW,MIA,-8.0,-6.0,0,0,1121.0,0
2025.0,1.0,2025-01-01,3378.0,MIA,SJU,-13.0,-21.0,0,0,1045.0,0
2025.0,1.0,2025-01-01,3456.0,LAS,DFW,-4.0,-17.0,0,0,1055.0,0
2025.0,1.0,2025-01-01,3692.0,CLT,LIT,-2.0,1.0,0,0,640.0,0
2025.0,1.0,2025-01-01,3847.0,CLT,SAV,-1.0,-10.0,0,0,213.0,0
2025.0,1.0,2025-01-01,3847.0,SAV,CLT,-7.0,-29.0,0,0,213.0,0
2025.0,1.0,2025-01-01,3988.0,ATL,CLT,-8.0,-17.0,0,0,226.0,0
2025.0,1.0,2025-01-01,3988.0,CLT,ATL,-2.0,-22.0,0,0,226.0,0
2025.0,1.0,2025-01-01,4254.0,ATW,CLT,41.0,53.0,0,0,742.0,1
2025.0,1.0,2025-01-01,1303.0,MIA,JAX,-7.0,-23.0,0,0,335.0,0
2025.0,1.0,2025-01-01,1326.0,MIA,STX,-7.0,-25.0,0,0,1139.0,0
2025.0,1.0,2025-01-01,1326.0,STX,MIA,-22.0,-39.0,0,0,1139.0,0
2025.0,1.0,2025-01-01,2040.0,LGA,MIA,-2.0,-16.0,0,0,1096.0,0
2025.0,1.0,2025-01-01,3665.0,MKE,MSP,471.0,475.0,0,0,297.0,1
2025.0,1.0,2025-01-01,3912.0,DLH,MSP,37.0,49.0,0,0,144.0,1
2025.0,1.0,2025-01-01,3912.0,MSP,DLH,35.0,44.0,0,0,144.0,1
2025.0,1.0,2025-01-01,1236.0,DTW,BOS,-17.0,7.0,0,0,632.0,0
2025.0,1.0,2025-01-01,1237.0,BOS,DTW,-5.0,-15.0,0,0,632.0,0
2025.0,1.0,2025-01-01,1940.0,SRQ,BOS,-2.0,-18.0,0,0,1220.0,0
2025.0,1.0,2025-01-01,1941.0,BOS,SRQ,0.0,-5.0,0,0,1220.0,0
2025.0,1.0,2025-01-01,3667.0,CMH,MIA,-6.0,-29.0,0,0,990.0,0
2025.0,1.0,2025-01-01,4188.0,MIA,SYR,-9.0,-32.0,0,0,1217.0,0
2025.0,1.0,2025-01-01,2183.0,DFW,DTW,-6.0,-30.0,0,0,986.0,0
2025.0,1.0,2025-01-01,2648.0,DTW,BOS,-4.0,0.0,0,0,632.0,0
2025.0,1.0,2025-01-01,322.0,BOS,ATL,-5.0,-5.0,0,0,946.0,0
2025.0,1.0,2025-01-01,746.0,ATL,DEN,-4.0,6.0,0,0,1199.0,0
2025.0,1.0,2025-01-01,2413.0,SLC,ORD,17.0,6.0,0,0,1250.0,0
2025.0,1.0,2025-01-01,2109.0,MIA,MDW,-5.0,-20.0,0,0,1182.0,0
2025.0,1.0,2025-01-01,2110.0,MDW,MIA,-8.0,44.0,0,0,1182.0,1
2025.0,1.0,2025-01-01,2939.0,BWI,MIA,-8.0,-16.0,0,0,946.0,0
2025.0,1.0,2025-01-01,3076.0,CLT,BWI,14.0,15.0,0,0,361.0,1
2025.0,1.0,2025-01-01,3700.0,MIA,CLT,46.0,33.0,0,0,650.0,1
2025.0,1.0,2025-01-01,3626.0,MSP,ORD,-8.0,-3.0,0,0,334.0,0
2025.0,1.0,2025-01-01,3626.0,ORD,MSP,13.0,-10.0,0,0,334.0,0
2025.0,1.0,2025-01-01,3643.0,MSP,ORD,-6.0,-6.0,0,0,334.0,0
2025.0,1.0,2025-01-01,3643.0,ORD,MSP,-6.0,3.0,0,0,334.0,0
2025.0,1.0,2025-01-01,3904.0,RST,MSP,-5.0,2.0,0,0,76.0,0
2025.0,1.0,2025-01-01,4040.0,MSP,SDF,1.0,-6.0,0,0,604.0,0
2025.0,1.0,2025-01-01,1083.0,JFK,MCO,-4.0,9.0,0,0,944.0,0
2025.0,1.0,2025-01-01,2181.0,JFK,RNO,21.0,33.0,0,0,2411.0,1
2025.0,1.0,2025-01-01,784.0,MCO,JFK,14.0,-8.0,0,0,944.0,0
2025.0,1.0,2025-01-01,80.0,RNO,JFK,22.0,15.0,0,0,2411.0,1
2025.0,1.0,2025-01-01,163.0,JFK,SRQ,105.0,129.0,0,0,1041.0,1
2025.0,1.0,2025-01-01,164.0,SRQ,JFK,133.0,115.0,0,0,1041.0,1
2025.0,1.0,2025-01-01,2053.0,JFK,PBI,113.0,132.0,0,0,1028.0,1
2025.0,1.0,2025-01-01,3550.0,MIA,CMH,-5.0,-25.0,0,0,990.0,0
2025.0,1.0,2025-01-01,3764.0,PIT,MIA,-5.0,11.0,0,0,1013.0,0
2025.0,1.0,2025-01-01,2255.0,SLC,DTW,-8.0,-34.0,0,0,1481.0,0
2025.0,1.0,2025-01-01,526.0,ATL,SLC,2.0,9.0,0,0,1590.0,0
2025.0,1.0,2025-01-01,897.0,SLC,ATL,-6.0,-50.0,0,0,1590.0,0
2025.0,1.0,2025-01-01,1260.0,BUR,SLC,42.0,44.0,0,0,574.0,1
2025.0,1.0,2025-01-01,1354.0,IAD,ATL,-9.0,-24.0,0,0,534.0,0
2025.0,1.0,2025-01-01,483.0,ATL,BUR,2.0,19.0,0,0,1941.0,1
2025.0,1.0,2025-01-01,1720.0,SAV,BOS,10.0,-11.0,0,0,901.0,0
2025.0,1.0,2025-01-01,536.0,BNA,BOS,-13.0,-24.0,0,0,942.0,0
2025.0,1.0,2025-01-01,739.0,BOS,SAV,-10.0,-14.0,0,0,901.0,0
2025.0,1.0,2025-01-01,921.0,BOS,PBI,-1.0,15.0,0,0,1197.0,1
2025.0,1.0,2025-01-01,1253.0,ORD,SFO,8.0,25.0,0,0,1846.0,1
2025.0,1.0,2025-01-01,2396.0,PHX,ORD,0.0,-13.0,0,0,1440.0,0
2025.0,1.0,2025-01-01,3181.0,SFO,PHX,33.0,27.0,0,0,651.0,1
2025.0,1.0,2025-01-01,2072.0,DFW,ATL,110.0,92.0,0,0,731.0,1
2025.0,1.0,2025-01-01,1183.0,BWI,MIA,-3.0,-20.0,0,0,946.0,0
2025.0,1.0,2025-01-01,1613.0,MIA,SJU,-5.0,-9.0,0,0,1045.0,0
2025.0,1.0,2025-01-01,1613.0,SJU,MIA,0.0,-30.0,0,0,1045.0,0
2025.0,1.0,2025-01-01,2008.0,MIA,EWR,-6.0,-17.0,0,0,1085.0,0
2025.0,1.0,2025-01-01,2292.0,AUS,JFK,1.0,-25.0,0,0,1521.0,0
2025.0,1.0,2025-01-01,2829.0,JFK,PHX,3.0,31.0,0,0,2153.0,1
2025.0,1.0,2025-01-01,3257.0,PHX,SJC,21.0,3.0,0,0,621.0,0
2025.0,1.0,2025-01-01,3699.0,MSP,PIT,-1.0,-4.0,0,0,726.0,0
2025.0,1.0,2025-01-01,3699.0,PIT,MSP,-4.0,-13.0,0,0,726.0,0
2025.0,1.0,2025-01-01,3784.0,FSD,MSP,5.0,-5.0,0,0,196.0,0
2025.0,1.0,2025-01-01,3784.0,MSP,FSD,-7.0,7.0,0,0,196.0,0
2025.0,1.0,2025-01-01,4154.0,MSP,MOT,-9.0,-23.0,0,0,449.0,0
2025.0,1.0,2025-01-01,1238.0,AUS,BOS,-4.0,-21.0,0,0,1698.0,0
2025.0,1.0,2025-01-01,1439.0,BOS,AUS,-7.0,16.0,0,0,1698.0,1
2025.0,1.0,2025-01-01,2951.0,BOS,MCO,-12.0,12.0,0,0,1121.0,0
2025.0,1.0,2025-01-01,2952.0,MCO,BOS,9.0,-15.0,0,0,1121.0,0
2025.0,1.0,2025-01-01,1179.0,LAX,SEA,-1.0,-4.0,0,0,954.0,0
2025.0,1.0,2025-01-01,313.0,AUS,SEA,-11.0,9.0,0,0,1770.0,0
2025.0,1.0,2025-01-01,318.0,SEA,AUS,-4.0,-28.0,0,0,1770.0,0
2025.0,1.0,2025-01-01,1105.0,SLC,BUR,-13.0,-27.0,0,0,574.0,0
2025.0,1.0,2025-01-01,498.0,BUR,ATL,-15.0,-23.0,0,0,1941.0,0
2025.0,1.0,2025-01-01,720.0,ATL,SBA,-1.0,18.0,0,0,2023.0,1
2025.0,1.0,2025-01-01,1195.0,DTW,FLL,0.0,5.0,0,0,1127.0,0
2025.0,1.0,2025-01-01,2321.0,LGA,FLL,-8.0,-27.0,0,0,1076.0,0
2025.0,1.0,2025-01-01,2465.0,FLL,LGA,-1.0,-21.0,0,0,1076.0,0
2025.0,1.0,2025-01-01,1743.0,TTN,RSW,-7.0,7.0,0,0,1028.0,0
2025.0,1.0,2025-01-01,1744.0,RSW,TTN,0.0,-9.0,0,0,1028.0,0
2025.0,1.0,2025-01-01,2025.0,PHL,RSW,-9.0,-3.0,0,0,993.0,0
2025.0,1.0,2025-01-01,4304.0,RSW,PHL,21.0,18.0,0,0,993.0,1
2025.0,1.0,2025-01-01,3342.0,BTR,DFW,0.0,-1.0,0,0,383.0,0
2025.0,1.0,2025-01-01,3407.0,ABI,DFW,-6.0,-9.0,0,0,158.0,0
2025.0,1.0,2025-01-01,3407.0,DFW,ABI,-6.0,0.0,0,0,158.0,0
2025.0,1.0,2025-01-01,3761.0,DFW,OMA,1.0,-5.0,0,0,583.0,0
2025.0,1.0,2025-01-01,3761.0,OMA,DFW,-2.0,-13.0,0,0,583.0,0
2025.0,1.0,2025-01-01,2772.0,JFK,AUS,-4.0,22.0,0,0,1521.0,1
2025.0,1.0,2025-01-01,1225.0,BOS,MSY,10.0,22.0,0,0,1368.0,1
2025.0,1.0,2025-01-01,1226.0,MSY,BOS,8.0,-16.0,0,0,1368.0,0
2025.0,1.0,2025-01-01,2569.0,BOS,FLL,0.0,6.0,0,0,1237.0,0
2025.0,1.0,2025-01-01,2570.0,FLL,BOS,15.0,-9.0,0,0,1237.0,0
2025.0,1.0,2025-01-01,1543.0,DTW,DFW,7.0,27.0,0,0,986.0,1
2025.0,1.0,2025-01-01,2173.0,BOI,SLC,4.0,-10.0,0,0,290.0,0
2025.0,1.0,2025-01-01,2236.0,SLC,DTW,5.0,-9.0,0,0,1481.0,0
2025.0,1.0,2025-01-01,1244.0,PDX,SLC,-7.0,-25.0,0,0,630.0,0
2025.0,1.0,2025-01-01,1244.0,SLC,PDX,-4.0,2.0,0,0,630.0,0
2025.0,1.0,2025-01-01,1466.0,SLC,GEG,-4.0,-11.0,0,0,546.0,0
2025.0,1.0,2025-01-01,1532.0,IAH,SLC,-4.0,-9.0,0,0,1195.0,0
2025.0,1.0,2025-01-01,2656.0,MSP,IAH,-7.0,-26.0,0,0,1034.0,0
2025.0,1.0,2025-01-01,2245.0,PWM,TPA,-13.0,-13.0,0,0,1277.0,0
2025.0,1.0,2025-01-01,2246.0,TPA,PWM,-9.0,-27.0,0,0,1277.0,0
2025.0,1.0,2025-01-01,2538.0,TPA,PHL,-11.0,-32.0,0,0,920.0,0
2025.0,1.0,2025-01-01,3364.0,MIA,MKE,-5.0,-25.0,0,0,1258.0,0
2025.0,1.0,2025-01-01,3449.0,MIA,PNS,-1.0,-5.0,0,0,530.0,0
2025.0,1.0,2025-01-01,3617.0,PNS,MIA,-1.0,3.0,0,0,530.0,0
2025.0,1.0,2025-01-01,4064.0,EYW,MIA,-2.0,-6.0,0,0,126.0,0
2025.0,1.0,2025-01-01,4064.0,MIA,EYW,-6.0,-15.0,0,0,126.0,0
2025.0,1.0,2025-01-01,1950.0,MIA,DFW,5.0,-39.0,0,0,1121.0,0
2025.0,1.0,2025-01-01,3761.0,LGA,MKE,-4.0,-34.0,0,0,738.0,0
2025.0,1.0,2025-01-01,3815.0,BNA,LGA,-3.0,-26.0,0,0,764.0,0
2025.0,1.0,2025-01-01,3863.0,JFK,MKE,41.0,48.0,0,0,745.0,1
2025.0,1.0,2025-01-01,4095.0,MKE,JFK,43.0,39.0,0,0,745.0,1
2025.0,1.0,2025-01-01,2027.0,LAX,PHX,-11.0,-19.0,0,0,370.0,0
2025.0,1.0,2025-01-01,2339.0,PHX,JFK,-5.0,-40.0,0,0,2153.0,0
2025.0,1.0,2025-01-01,2386.0,SFO,ORD,20.0,-3.0,0,0,1846.0,0
2025.0,1.0,2025-01-01,594.0,SEA,AUS,-9.0,24.0,0,0,1770.0,1
2025.0,1.0,2025-01-01,706.0,SFO,LAS,-11.0,-11.0,0,0,414.0,0
2025.0,1.0,2025-01-01,711.0,LAS,SEA,-3.0,-2.0,0,0,867.0,0
2025.0,1.0,2025-01-01,499.0,BOS,DEN,-1.0,-20.0,0,0,1754.0,0
2025.0,1.0,2025-01-01,499.0,DEN,BOS,-2.0,-20.0,0,0,1754.0,0
2025.0,1.0,2025-01-01,1568.0,GEG,SEA,-5.0,-4.0,0,0,224.0,0
2025.0,1.0,2025-01-01,1602.0,SEA,GEG,3.0,-12.0,0,0,224.0,0
2025.0,1.0,2025-01-01,2400.0,SEA,TUS,-7.0,-40.0,0,0,1216.0,0
2025.0,1.0,2025-01-01,2400.0,TUS,SEA,-3.0,0.0,0,0,1216.0,0
2025.0,1.0,2025-01-01,1161.0,HOU,DEN,0.0,9.0,0,0,883.0,0
2025.0,1.0,2025-01-01,1162.0,DEN,HOU,-3.0,-28.0,0,0,883.0,0
2025.0,1.0,2025-01-01,1280.0,DEN,MIA,12.0,-3.0,0,0,1709.0,0
2025.0,1.0,2025-01-01,1699.0,LAS,SNA,-8.0,-24.0,0,0,226.0,0
2025.0,1.0,2025-01-01,4372.0,SNA,DEN,-19.0,-21.0,0,0,846.0,0
2025.0,1.0,2025-01-01,3396.0,MIA,HPN,2.0,-20.0,0,0,1118.0,0
2025.0,1.0,2025-01-01,3522.0,DSM,MIA,-10.0,-41.0,0,0,1327.0,0
2025.0,1.0,2025-01-01,1106.0,DFW,ORD,-6.0,-23.0,0,0,802.0,0
2025.0,1.0,2025-01-01,2345.0,ORD,DCA,127.0,116.0,0,0,612.0,1
2025.0,1.0,2025-01-01,3018.0,DCA,MIA,123.0,109.0,0,0,919.0,1
2025.0,1.0,2025-01-01,3237.0,MIA,PHL,-2.0,-24.0,0,0,1013.0,0
2025.0,1.0,2025-01-01,3964.0,MSP,CID,54.0,14.0,0,0,220.0,0
2025.0,1.0,2025-01-01,3996.0,IAD,MSP,-3.0,-9.0,0,0,908.0,0
2025.0,1.0,2025-01-01,4144.0,MOT,MSP,54.0,41.0,0,0,449.0,1
2025.0,1.0,2025-01-01,4144.0,MSP,MOT,-2.0,4.0,0,0,449.0,0
2025.0,1.0,2025-01-01,1220.0,MIA,BOS,-10.0,-33.0,0,0,1258.0,0
2025.0,1.0,2025-01-01,1519.0,BOS,MIA,-8.0,-4.0,0,0,1258.0,0
2025.0,1.0,2025-01-01,2033.0,BOS,IAH,-9.0,37.0,0,0,1597.0,1
2025.0,1.0,2025-01-01,932.0,IAH,BOS,25.0,-8.0,0,0,1597.0,0
2025.0,1.0,2025-01-01,1677.0,JFK,JAX,2.0,4.0,0,0,828.0,0
2025.0,1.0,2025-01-01,1678.0,JAX,JFK,-3.0,-22.0,0,0,828.0,0
2025.0,1.0,2025-01-01,185.0,ROC,JFK,-4.0,-11.0,0,0,264.0,0
2025.0,1.0,2025-01-01,841.0,JFK,SAV,-2.0,-17.0,0,0,718.0,0
2025.0,1.0,2025-01-01,842.0,SAV,JFK,9.0,-1.0,0,0,718.0,0
2025.0,1.0,2025-01-01,1201.0,MCO,DTW,-5.0,4.0,0,0,957.0,0
2025.0,1.0,2025-01-01,2111.0,SLC,BOI,-2.0,-8.0,0,0,290.0,0
2025.0,1.0,2025-01-01,2535.0,DTW,PBI,-2.0,9.0,0,0,1086.0,0
2025.0,1.0,2025-01-01,2535.0,PBI,DTW,7.0,-5.0,0,0,1086.0,0
2025.0,1.0,2025-01-01,765.0,DTW,SLC,-1.0,-6.0,0,0,1481.0,0
2025.0,1.0,2025-01-01,1088.0,SFO,SLC,10.0,-20.0,0,0,599.0,0
2025.0,1.0,2025-01-01,1088.0,SLC,SFO,1.0,2.0,0,0,599.0,0
2025.0,1.0,2025-01-01,1224.0,SLC,OAK,-12.0,-33.0,0,0,588.0,0
2025.0,1.0,2025-01-01,1241.0,SBA,SLC,-15.0,-14.0,0,0,615.0,0
2025.0,1.0,2025-01-01,1654.0,BZN,SLC,-7.0,-21.0,0,0,347.0,0
2025.0,1.0,2025-01-01,1654.0,SLC,BZN,-10.0,-11.0,0,0,347.0,0
2025.0,1.0,2025-01-01,3109.0,CLT,DFW,6.0,49.0,0,0,936.0,1
2025.0,1.0,2025-01-01,3110.0,DFW,CLT,15.0,9.0,0,0,936.0,0
2025.0,1.0,2025-01-01,3885.0,DFW,LAS,64.0,58.0,0,0,1055.0,1
2025.0,1.0,2025-01-01,3520.0,MRY,PHX,-7.0,-16.0,0,0,598.0,0
2025.0,1.0,2025-01-01,3820.0,PHX,DSM,-6.0,-18.0,0,0,1150.0,0
2025.0,1.0,2025-01-01,1942.0,CLT,LGA,-1.0,-6.0,0,0,544.0,0
2025.0,1.0,2025-01-01,3041.0,MIA,CLT,-3.0,-15.0,0,0,650.0,0
2025.0,1.0,2025-01-01,391.0,DCA,MIA,-7.0,-22.0,0,0,919.0,0
2025.0,1.0,2025-01-01,3902.0,LAX,SJC,-6.0,-26.0,0,0,308.0,0
2025.0,1.0,2025-01-01,3902.0,SJC,LAX,-10.0,-23.0,0,0,308.0,0
2025.0,1.0,2025-01-01,4077.0,LAX,PHX,-7.0,-9.0,0,0,370.0,0
2025.0,1.0,2025-01-01,4077.0,PHX,LAX,-10.0,-29.0,0,0,370.0,0
2025.0,1.0,2025-01-01,4119.0,LAX,PHX,-3.0,-14.0,0,0,370.0,0
2025.0,1.0,2025-01-01,4119.0,PHX,LAX,-2.0,-16.0,0,0,370.0,0
2025.0,1.0,2025-01-01,126.0,TPA,JFK,-4.0,-22.0,0,0,1005.0,0
2025.0,1.0,2025-01-01,2392.0,MIA,JFK,-2.0,7.0,0,0,1089.0,0
2025.0,1.0,2025-01-01,2593.0,JFK,MIA,-1.0,7.0,0,0,1089.0,0
2025.0,1.0,2025-01-01,1385.0,ROC,JFK,45.0,38.0,0,0,264.0,1
2025.0,1.0,2025-01-01,1386.0,JFK,ROC,44.0,56.0,0,0,264.0,1
2025.0,1.0,2025-01-01,854.0,PBI,JFK,-3.0,-7.0,0,0,1028.0,0
2025.0,1.0,2025-01-01,1066.0,RSW,BOS,-4.0,-19.0,0,0,1249.0,0
2025.0,1.0,2025-01-01,1491.0,BOS,TPA,-8.0,7.0,0,0,1185.0,0
2025.0,1.0,2025-01-01,1492.0,TPA,BOS,6.0,-15.0,0,0,1185.0,0
2025.0,1.0,2025-01-01,983.0,BOS,RDU,-4.0,-13.0,0,0,612.0,0
2025.0,1.0,2025-01-01,2723.0,TPA,LGA,19.0,-1.0,0,0,1010.0,0
2025.0,1.0,2025-01-01,753.0,ATL,LAX,-4.0,8.0,0,0,1947.0,0
2025.0,1.0,2025-01-01,899.0,LAX,ATL,3.0,-9.0,0,0,1947.0,0
2025.0,1.0,2025-01-01,993.0,LGA,ATL,-6.0,-14.0,0,0,762.0,0
2025.0,1.0,2025-01-01,1314.0,SJC,SLC,-1.0,-19.0,0,0,584.0,0
2025.0,1.0,2025-01-01,2556.0,DFW,MSP,-12.0,-3.0,0,0,852.0,0
2025.0,1.0,2025-01-01,2800.0,SLC,DFW,-2.0,-15.0,0,0,989.0,0
2025.0,1.0,2025-01-01,1471.0,CLE,PHX,46.0,48.0,0,0,1737.0,1
2025.0,1.0,2025-01-01,3159.0,PHX,PDX,76.0,70.0,0,0,1009.0,1
2025.0,1.0,2025-01-01,3160.0,PDX,PHX,67.0,51.0,0,0,1009.0,1
2025.0,1.0,2025-01-01,3526.0,DFW,SAT,8.0,1.0,0,0,247.0,0
2025.0,1.0,2025-01-01,3526.0,SAT,DFW,0.0,-12.0,0,0,247.0,0
2025.0,1.0,2025-01-01,3536.0,DFW,TLH,-9.0,-20.0,0,0,767.0,0
2025.0,1.0,2025-01-01,3906.0,DFW,FWA,-7.0,-24.0,0,0,859.0,0
2025.0,1.0,2025-01-01,3906.0,FWA,DFW,-9.0,22.0,0,0,859.0,1
2025.0,1.0,2025-01-01,4075.0,CRP,DFW,-2.0,-21.0,0,0,354.0,0
2025.0,1.0,2025-01-01,1162.0,SJU,BOS,24.0,42.0,0,0,1674.0,1
2025.0,1.0,2025-01-01,2601.0,HPN,SJU,-3.0,13.0,0,0,1624.0,0
2025.0,1.0,2025-01-01,3591.0,SJC,PHX,-2.0,-7.0,0,0,621.0,0
2025.0,1.0,2025-01-01,468.0,ATL,LGA,-2.0,-9.0,0,0,762.0,0
2025.0,1.0,2025-01-01,995.0,ATL,DEN,35.0,35.0,0,0,1199.0,1
2025.0,1.0,2025-01-01,995.0,DEN,ATL,35.0,11.0,0,0,1199.0,0
2025.0,1.0,2025-01-01,2186.0,SEA,FAI,-14.0,-32.0,0,0,1533.0,0
2025.0,1.0,2025-01-01,922.0,ANC,SEA,0.0,-38.0,0,0,1448.0,0
2025.0,1.0,2025-01-01,922.0,SEA,ANC,-1.0,-3.0,0,0,1448.0,0
2025.0,1.0,2025-01-01,1440.0,PHX,SLC,-10.0,-12.0,0,0,507.0,0
2025.0,1.0,2025-01-01,2264.0,LAX,LAS,-12.0,-22.0,0,0,236.0,0
2025.0,1.0,2025-01-01,3015.0,SLC,LAS,-8.0,-26.0,0,0,368.0,0
2025.0,1.0,2025-01-01,3291.0,LAS,LAX,-8.0,-3.0,0,0,236.0,0
2025.0,1.0,2025-01-01,3315.0,LAX,SMF,-6.0,-14.0,0,0,373.0,0
2025.0,1.0,2025-01-01,3316.0,SMF,LAX,-8.0,-9.0,0,0,373.0,0
2025.0,1.0,2025-01-01,3639.0,TUS,LAX,-9.0,-19.0,0,0,451.0,0
2025.0,1.0,2025-01-01,3718.0,SLC,TUS,-4.0,-21.0,0,0,601.0,0
2025.0,1.0,2025-01-01,3894.0,LAX,PHX,20.0,12.0,0,0,370.0,0
2025.0,1.0,2025-01-01,3894.0,PHX,LAX,5.0,-22.0,0,0,370.0,0
2025.0,1.0,2025-01-01,4098.0,LAX,ABQ,-6.0,-17.0,0,0,677.0,0
2025.0,1.0,2025-01-01,102.0,JFK,BUF,7.0,-7.0,0,0,301.0,0
2025.0,1.0,2025-01-01,1105.0,JFK,ORD,-7.0,-30.0,0,0,740.0,0
2025.0,1.0,2025-01-01,1274.0,CHS,JFK,23.0,1.0,0,0,636.0,0
2025.0,1.0,2025-01-01,2473.0,JFK,CHS,22.0,31.0,0,0,636.0,1
2025.0,1.0,2025-01-01,906.0,ORD,JFK,-15.0,11.0,0,0,740.0,0
2025.0,1.0,2025-01-01,1073.0,JFK,BNA,-3.0,-11.0,0,0,765.0,0
2025.0,1.0,2025-01-01,1074.0,BNA,JFK,-5.0,-23.0,0,0,765.0,0
2025.0,1.0,2025-01-01,1319.0,JFK,ATL,1.0,-14.0,0,0,760.0,0
2025.0,1.0,2025-01-01,263.0,JFK,RSW,0.0,7.0,0,0,1074.0,0
2025.0,1.0,2025-01-01,264.0,RSW,JFK,-8.0,-35.0,0,0,1074.0,0
2025.0,1.0,2025-01-01,1178.0,JAX,JFK,-9.0,-20.0,0,0,828.0,0
2025.0,1.0,2025-01-01,2293.0,JFK,MIA,-7.0,-1.0,0,0,1089.0,0
2025.0,1.0,2025-01-01,2592.0,MIA,JFK,-13.0,-22.0,0,0,1089.0,0
2025.0,1.0,2025-01-01,419.0,JFK,ATL,2.0,28.0,0,0,760.0,1
2025.0,1.0,2025-01-01,420.0,ATL,JFK,26.0,1.0,0,0,760.0,0
2025.0,1.0,2025-01-01,3461.0,DFW,HSV,-11.0,-29.0,0,0,603.0,0
2025.0,1.0,2025-01-01,3462.0,HSV,DFW,-14.0,-16.0,0,0,603.0,0
2025.0,1.0,2025-01-01,3596.0,DFW,MAF,-1.0,-10.0,0,0,309.0,0
2025.0,1.0,2025-01-01,3596.0,MAF,DFW,-6.0,-8.0,0,0,309.0,0
2025.0,1.0,2025-01-01,3838.0,DFW,OKC,-2.0,-10.0,0,0,175.0,0
2025.0,1.0,2025-01-01,3838.0,OKC,DFW,-6.0,-11.0,0,0,175.0,0
2025.0,1.0,2025-01-01,1078.0,LGA,DTW,-3.0,-32.0,0,0,502.0,0
2025.0,1.0,2025-01-01,1416.0,DTW,PBI,-3.0,-7.0,0,0,1086.0,0
2025.0,1.0,2025-01-01,1416.0,PBI,DTW,1.0,-14.0,0,0,1086.0,0
2025.0,1.0,2025-01-01,1487.0,DTW,LGA,-3.0,-12.0,0,0,502.0,0
2025.0,1.0,2025-01-01,2549.0,ATL,IAD,-2.0,-2.0,0,0,534.0,0
2025.0,1.0,2025-01-01,735.0,SBA,ATL,-1.0,-7.0,0,0,2023.0,0
2025.0,1.0,2025-01-01,1062.0,LAX,PHX,-3.0,-10.0,0,0,370.0,0
2025.0,1.0,2025-01-01,1086.0,PHX,MCO,-13.0,-41.0,0,0,1849.0,0
2025.0,1.0,2025-01-01,1719.0,PHX,SNA,73.0,58.0,0,0,338.0,1
2025.0,1.0,2025-01-01,2637.0,PHX,SFO,-5.0,-12.0,0,0,651.0,0
2025.0,1.0,2025-01-01,3308.0,SFO,LAX,-8.0,-13.0,0,0,337.0,0
2025.0,1.0,2025-01-01,3581.0,SNA,SFO,58.0,57.0,0,0,372.0,1
2025.0,1.0,2025-01-01,3582.0,SFO,SNA,44.0,34.0,0,0,372.0,1
2025.0,1.0,2025-01-01,4958.0,SNA,PHX,28.0,17.0,0,0,338.0,1
2025.0,1.0,2025-01-01,1295.0,MIA,PHX,-3.0,-30.0,0,0,1972.0,0
2025.0,1.0,2025-01-01,2054.0,PHX,MIA,-1.0,-21.0,0,0,1972.0,0
2025.0,1.0,2025-01-01,3799.0,MDW,MSP,13.0,19.0,0,0,349.0,1
2025.0,1.0,2025-01-01,3853.0,IAD,DTW,11.0,1.0,0,0,383.0,0
2025.0,1.0,2025-01-01,3858.0,DTW,MDW,-3.0,5.0,0,0,228.0,0
2025.0,1.0,2025-01-01,3858.0,MDW,DTW,-4.0,10.0,0,0,228.0,0
2025.0,1.0,2025-01-01,3869.0,DTW,MDW,-3.0,28.0,0,0,228.0,1
2025.0,1.0,2025-01-01,4129.0,MSP,IAD,-3.0,-11.0,0,0,908.0,0
2025.0,1.0,2025-01-01,2237.0,SAN,IAH,-9.0,6.0,0,0,1303.0,0
2025.0,1.0,2025-01-01,2241.0,IAH,RSW,7.0,-3.0,0,0,861.0,0
2025.0,1.0,2025-01-01,2467.0,IAH,SAN,-6.0,-14.0,0,0,1303.0,0
2025.0,1.0,2025-01-01,285.0,JFK,RDU,-1.0,-7.0,0,0,427.0,0
2025.0,1.0,2025-01-01,286.0,RDU,JFK,17.0,12.0,0,0,427.0,0
2025.0,1.0,2025-01-01,486.0,JFK,ROC,16.0,-4.0,0,0,264.0,0
2025.0,1.0,2025-01-01,519.0,JFK,ATL,35.0,44.0,0,0,760.0,1
2025.0,1.0,2025-01-01,520.0,ATL,JFK,47.0,23.0,0,0,760.0,1
2025.0,1.0,2025-01-01,2101.0,JFK,SYR,12.0,4.0,0,0,209.0,0
2025.0,1.0,2025-01-01,2485.0,JFK,RDU,-5.0,-13.0,0,0,427.0,0
2025.0,1.0,2025-01-01,2486.0,RDU,JFK,-3.0,-21.0,0,0,427.0,0
2025.0,1.0,2025-01-01,2802.0,SYR,JFK,-1.0,3.0,0,0,209.0,0
2025.0,1.0,2025-01-01,97.0,JFK,DEN,-3.0,-10.0,0,0,1626.0,0
2025.0,1.0,2025-01-01,98.0,DEN,JFK,107.0,96.0,0,0,1626.0,1
2025.0,1.0,2025-01-01,451.0,BOS,MCO,-12.0,-9.0,0,0,1121.0,0
2025.0,1.0,2025-01-01,891.0,BOS,TPA,-1.0,-5.0,0,0,1185.0,0
2025.0,1.0,2025-01-01,892.0,TPA,BOS,2.0,-26.0,0,0,1185.0,0
2025.0,1.0,2025-01-01,3391.0,MEM,PHX,-1.0,7.0,0,0,1264.0,0
2025.0,1.0,2025-01-01,3402.0,PHX,XNA,-4.0,-16.0,0,0,1023.0,0
2025.0,1.0,2025-01-01,3498.0,PHX,STS,-3.0,-14.0,0,0,699.0,0
2025.0,1.0,2025-01-01,3709.0,STS,PHX,-2.0,-16.0,0,0,699.0,0
2025.0,1.0,2025-01-01,1102.0,SBA,SLC,-3.0,-6.0,0,0,615.0,0
2025.0,1.0,2025-01-01,1102.0,SLC,SBA,-1.0,-7.0,0,0,615.0,0
2025.0,1.0,2025-01-01,1581.0,DEN,SLC,-1.0,12.0,0,0,391.0,0
2025.0,1.0,2025-01-01,1586.0,SLC,DEN,-8.0,-3.0,0,0,391.0,0
2025.0,1.0,2025-01-01,1143.0,LAX,IAH,146.0,117.0,0,0,1379.0,1
2025.0,1.0,2025-01-01,2534.0,SAT,LAX,198.0,198.0,0,0,1211.0,1
2025.0,1.0,2025-01-01,2532.0,PHX,DTW,-7.0,-10.0,0,0,1671.0,0
2025.0,1.0,2025-01-01,486.0,SNA,PHX,-8.0,-17.0,0,0,338.0,0
2025.0,1.0,2025-01-01,1239.0,BOS,JAX,5.0,6.0,0,0,1010.0,0
2025.0,1.0,2025-01-01,1592.0,TPA,BOS,-7.0,-16.0,0,0,1185.0,0
2025.0,1.0,2025-01-01,1161.0,BOS,SJU,163.0,150.0,0,0,1674.0,1
2025.0,1.0,2025-01-01,1352.0,MCO,BOS,3.0,-15.0,0,0,1121.0,0
2025.0,1.0,2025-01-01,2602.0,SJU,HPN,141.0,131.0,0,0,1624.0,1
2025.0,1.0,2025-01-01,2063.0,BOS,EYW,6.0,2.0,0,0,1373.0,0
2025.0,1.0,2025-01-01,2064.0,EYW,BOS,9.0,0.0,0,0,1373.0,0
2025.0,1.0,2025-01-01,647.0,BOS,SLC,-1.0,-3.0,0,0,2105.0,0
2025.0,1.0,2025-01-01,648.0,SLC,BOS,-8.0,-15.0,0,0,2105.0,0
2025.0,1.0,2025-01-01,2642.0,ATL,PHL,-8.0,-19.0,0,0,666.0,0
2025.0,1.0,2025-01-01,381.0,ATL,PHL,0.0,-14.0,0,0,666.0,0
2025.0,1.0,2025-01-01,381.0,PHL,ATL,-3.0,-4.0,0,0,666.0,0
2025.0,1.0,2025-01-01,755.0,LAS,ATL,15.0,-14.0,0,0,1747.0,0
2025.0,1.0,2025-01-01,2041.0,ORD,SEA,-2.0,-29.0,0,0,1721.0,0
2025.0,1.0,2025-01-01,928.0,SEA,ANC,-1.0,-27.0,0,0,1448.0,0
2025.0,1.0,2025-01-01,2374.0,FSD,MSP,-5.0,-26.0,0,0,196.0,0
2025.0,1.0,2025-01-01,2551.0,DFW,MSP,-11.0,-28.0,0,0,852.0,0
2025.0,1.0,2025-01-01,2941.0,MSP,BIL,-4.0,-17.0,0,0,748.0,0
2025.0,1.0,2025-01-01,2972.0,MSP,DFW,-9.0,-20.0,0,0,852.0,0
2025.0,1.0,2025-01-01,3370.0,IAH,MIA,0.0,-3.0,0,0,964.0,0
2025.0,1.0,2025-01-01,3424.0,MIA,IAH,-2.0,5.0,0,0,964.0,0
2025.0,1.0,2025-01-01,3631.0,MIA,BHM,12.0,0.0,0,0,661.0,0
2025.0,1.0,2025-01-01,3681.0,ATL,MIA,-3.0,-10.0,0,0,594.0,0
2025.0,1.0,2025-01-01,4156.0,CLE,MIA,2.0,7.0,0,0,1080.0,0
2025.0,1.0,2025-01-01,4156.0,MIA,CLE,1.0,0.0,0,0,1080.0,0
2025.0,1.0,2025-01-01,1370.0,PHX,BNA,-7.0,-24.0,0,0,1449.0,0
2025.0,1.0,2025-01-01,2096.0,LAS,ORD,-1.0,-27.0,0,0,1514.0,0
2025.0,1.0,2025-01-01,2654.0,ORD,LAS,-9.0,-10.0,0,0,1514.0,0
2025.0,1.0,2025-01-01,2343.0,LAX,RDU,0.0,-19.0,0,0,2239.0,0
2025.0,1.0,2025-01-01,2343.0,RDU,LAX,-6.0,-16.0,0,0,2239.0,0
2025.0,1.0,2025-01-01,2755.0,LAX,MIA,-3.0,-22.0,0,0,2342.0,0
2025.0,1.0,2025-01-01,3861.0,MSP,RST,-4.0,7.0,0,0,76.0,0
2025.0,1.0,2025-01-01,3861.0,RST,MSP,89.0,76.0,0,0,76.0,1
2025.0,1.0,2025-01-01,3938.0,SDF,MSP,-5.0,-28.0,0,0,604.0,0
2025.0,1.0,2025-01-01,3942.0,BIS,MSP,15.0,-7.0,0,0,386.0,0
2025.0,1.0,2025-01-01,3942.0,MSP,BIS,-5.0,0.0,0,0,386.0,0
2025.0,1.0,2025-01-01,1214.0,DFW,BOS,44.0,18.0,0,0,1562.0,1
2025.0,1.0,2025-01-01,1951.0,BOS,MCO,21.0,38.0,0,0,1121.0,1
2025.0,1.0,2025-01-01,215.0,BOS,DFW,15.0,45.0,0,0,1562.0,1
2025.0,1.0,2025-01-01,752.0,MCO,BOS,40.0,16.0,0,0,1121.0,1
2025.0,1.0,2025-01-01,2125.0,MSP,SAN,-8.0,-22.0,0,0,1532.0,0
2025.0,1.0,2025-01-01,2750.0,SAN,ATL,-12.0,-25.0,0,0,1892.0,0
2025.0,1.0,2025-01-01,2940.0,ATL,DTW,0.0,-13.0,0,0,594.0,0
2025.0,1.0,2025-01-01,2107.0,MSP,SNA,-5.0,-9.0,0,0,1522.0,0
2025.0,1.0,2025-01-01,2185.0,SNA,MSP,-8.0,-30.0,0,0,1522.0,0
2025.0,1.0,2025-01-01,2144.0,MDW,ATL,0.0,-9.0,0,0,591.0,0
2025.0,1.0,2025-01-01,2291.0,ATL,MDW,4.0,-10.0,0,0,591.0,0
2025.0,1.0,2025-01-01,2495.0,ATL,DFW,-9.0,21.0,0,0,731.0,1
2025.0,1.0,2025-01-01,2780.0,MDW,ATL,-9.0,10.0,0,0,591.0,0
2025.0,1.0,2025-01-01,2998.0,DFW,MDW,3.0,-4.0,0,0,797.0,0
2025.0,1.0,2025-01-01,4026.0,ABQ,PHX,-4.0,-14.0,0,0,328.0,0
2025.0,1.0,2025-01-01,4105.0,PHX,BFL,-2.0,-13.0,0,0,425.0,0
2025.0,1.0,2025-01-01,1484.0,MSP,DTW,33.0,17.0,0,0,528.0,1
2025.0,1.0,2025-01-01,2203.0,DTW,MSP,-3.0,-5.0,0,0,528.0,0
2025.0,1.0,2025-01-01,2869.0,DCA,DTW,-10.0,-13.0,0,0,405.0,0
2025.0,1.0,2025-01-01,788.0,DTW,SAT,-8.0,-16.0,0,0,1214.0,0
2025.0,1.0,2025-01-01,788.0,SAT,DTW,4.0,-2.0,0,0,1214.0,0
2025.0,1.0,2025-01-01,2683.0,RDU,DFW,189.0,179.0,0,0,1061.0,1
2025.0,1.0,2025-01-01,582.0,DFW,FLL,30.0,13.0,0,0,1119.0,0
2025.0,1.0,2025-01-01,2434.0,MIA,STT,-1.0,-24.0,0,0,1107.0,0
2025.0,1.0,2025-01-01,2434.0,STT,MIA,-15.0,-24.0,0,0,1107.0,0
2025.0,1.0,2025-01-01,775.0,MIA,ORF,-5.0,-35.0,0,0,802.0,0
2025.0,1.0,2025-01-01,3989.0,GEG,LAX,-7.0,-16.0,0,0,945.0,0
2025.0,1.0,2025-01-01,3999.0,LAX,GEG,-8.0,-9.0,0,0,945.0,0
2025.0,1.0,2025-01-01,4108.0,ABQ,LAX,-8.0,-19.0,0,0,677.0,0
2025.0,1.0,2025-01-01,4108.0,LAX,ABQ,-5.0,-15.0,0,0,677.0,0
2025.0,1.0,2025-01-01,969.0,LGA,ATL,20.0,9.0,0,0,762.0,0
2025.0,1.0,2025-01-01,978.0,LGA,PBI,-2.0,-20.0,0,0,1035.0,0
2025.0,1.0,2025-01-01,978.0,PBI,LGA,-10.0,-14.0,0,0,1035.0,0
2025.0,1.0,2025-01-01,1014.0,JFK,SAT,2.0,12.0,0,0,1587.0,0
2025.0,1.0,2025-01-01,1222.0,JAX,JFK,7.0,11.0,0,0,828.0,0
2025.0,1.0,2025-01-01,2675.0,SAT,MSP,19.0,11.0,0,0,1097.0,0
2025.0,1.0,2025-01-01,2773.0,MSP,SAT,-8.0,-17.0,0,0,1097.0,0
2025.0,1.0,2025-01-01,1447.0,ATL,SFO,5.0,16.0,0,0,2139.0,1
2025.0,1.0,2025-01-01,1816.0,DEN,AUS,-1.0,-4.0,0,0,775.0,0
2025.0,1.0,2025-01-01,2486.0,SFO,LAS,0.0,-8.0,0,0,414.0,0
2025.0,1.0,2025-01-01,3645.0,AUS,LAS,-13.0,0.0,0,0,1090.0,0
2025.0,1.0,2025-01-01,3844.0,LAS,DEN,-9.0,-6.0,0,0,628.0,0
2025.0,1.0,2025-01-01,1854.0,DCA,BOS,-9.0,-9.0,0,0,399.0,0
2025.0,1.0,2025-01-01,415.0,BOS,BUF,129.0,118.0,0,0,395.0,1
2025.0,1.0,2025-01-01,715.0,BOS,BUF,12.0,0.0,0,0,395.0,0
2025.0,1.0,2025-01-01,716.0,BUF,BOS,2.0,17.0,0,0,395.0,1
2025.0,1.0,2025-01-01,759.0,BOS,PHL,23.0,38.0,0,0,280.0,1
2025.0,1.0,2025-01-01,760.0,PHL,BOS,115.0,100.0,0,0,280.0,1
2025.0,1.0,2025-01-01,2575.0,FCA,MSP,-5.0,-2.0,0,0,1026.0,0
2025.0,1.0,2025-01-01,2575.0,MSP,FCA,-2.0,-7.0,0,0,1026.0,0
2025.0,1.0,2025-01-01,2898.0,BIL,MSP,-5.0,-21.0,0,0,748.0,0
2025.0,1.0,2025-01-01,2220.0,MSP,DFW,-2.0,12.0,0,0,852.0,0
2025.0,1.0,2025-01-01,2659.0,DFW,SNA,2.0,-11.0,0,0,1205.0,0
2025.0,1.0,2025-01-01,2659.0,SNA,DFW,-8.0,-14.0,0,0,1205.0,0
2025.0,1.0,2025-01-01,3754.0,GEG,SEA,-12.0,-7.0,0,0,224.0,0
2025.0,1.0,2025-01-01,3754.0,SEA,GEG,-4.0,-19.0,0,0,224.0,0
2025.0,1.0,2025-01-01,4042.0,ONT,SEA,-6.0,-3.0,0,0,956.0,0
2025.0,1.0,2025-01-01,4065.0,PDX,SEA,-13.0,-22.0,0,0,129.0,0
2025.0,1.0,2025-01-01,4065.0,SEA,PDX,-4.0,-22.0,0,0,129.0,0
2025.0,1.0,2025-01-01,3408.0,CLT,SGF,39.0,40.0,0,0,708.0,1
2025.0,1.0,2025-01-01,3408.0,SGF,CLT,34.0,18.0,0,0,708.0,1
2025.0,1.0,2025-01-01,3806.0,GSP,MIA,-6.0,-4.0,0,0,637.0,0
2025.0,1.0,2025-01-01,3913.0,CLT,SGF,7.0,30.0,0,0,708.0,1
2025.0,1.0,2025-01-01,1184.0,OKC,ATL,-6.0,-4.0,0,0,761.0,0
2025.0,1.0,2025-01-01,225.0,JFK,TPA,9.0,12.0,0,0,1005.0,0
2025.0,1.0,2025-01-01,391.0,BUF,JFK,3.0,16.0,0,0,301.0,1
2025.0,1.0,2025-01-01,677.0,JFK,JAX,-8.0,-17.0,0,0,828.0,0
2025.0,1.0,2025-01-01,678.0,JAX,JFK,0.0,-12.0,0,0,828.0,0
2025.0,1.0,2025-01-01,992.0,JFK,BUF,-1.0,-9.0,0,0,301.0,0
2025.0,1.0,2025-01-01,1240.0,JAX,BOS,-4.0,-19.0,0,0,1010.0,0
2025.0,1.0,2025-01-01,719.0,BOS,MIA,4.0,-5.0,0,0,1258.0,0
2025.0,1.0,2025-01-01,720.0,MIA,BOS,-2.0,-17.0,0,0,1258.0,0
2025.0,1.0,2025-01-01,721.0,BOS,PBI,-2.0,23.0,0,0,1197.0,1
2025.0,1.0,2025-01-01,133.0,SEA,EUG,-7.0,-10.0,0,0,234.0,0
2025.0,1.0,2025-01-01,641.0,TUS,SEA,-8.0,9.0,0,0,1216.0,0
2025.0,1.0,2025-01-01,648.0,SEA,TUS,-7.0,-30.0,0,0,1216.0,0
2025.0,1.0,2025-01-01,767.0,TUS,SEA,0.0,9.0,0,0,1216.0,0
2025.0,1.0,2025-01-01,2022.0,SLC,PHL,-3.0,-25.0,0,0,1927.0,0
2025.0,1.0,2025-01-01,2231.0,ORD,SLC,-10.0,-38.0,0,0,1250.0,0
2025.0,1.0,2025-01-01,2579.0,BWI,ATL,-13.0,-24.0,0,0,577.0,0
2025.0,1.0,2025-01-01,752.0,ATL,LAS,-9.0,-2.0,0,0,1747.0,0
2025.0,1.0,2025-01-01,857.0,LAS,ATL,-3.0,-27.0,0,0,1747.0,0
2025.0,1.0,2025-01-01,1376.0,PHX,DEN,-10.0,-20.0,0,0,602.0,0
2025.0,1.0,2025-01-01,688.0,DEN,DCA,-4.0,-16.0,0,0,1476.0,0
2025.0,1.0,2025-01-01,689.0,DCA,DEN,-11.0,-31.0,0,0,1476.0,0
2025.0,1.0,2025-01-01,1485.0,BOS,PIT,-11.0,-34.0,0,0,496.0,0
2025.0,1.0,2025-01-01,2286.0,PIT,BOS,-12.0,-24.0,0,0,496.0,0
2025.0,1.0,2025-01-01,321.0,BOS,PBI,-5.0,-10.0,0,0,1197.0,0
2025.0,1.0,2025-01-01,322.0,PBI,BOS,-7.0,-21.0,0,0,1197.0,0
2025.0,1.0,2025-01-01,3523.0,PHX,FAR,-8.0,-19.0,0,0,1225.0,0
2025.0,1.0,2025-01-01,3636.0,SBP,PHX,-7.0,-16.0,0,0,509.0,0
2025.0,1.0,2025-01-01,3969.0,ONT,PHX,-8.0,-15.0,0,0,325.0,0
2025.0,1.0,2025-01-01,3969.0,PHX,ONT,-6.0,-20.0,0,0,325.0,0
2025.0,1.0,2025-01-01,1487.0,JFK,PHX,-4.0,-2.0,0,0,2153.0,0
2025.0,1.0,2025-01-01,2418.0,SFO,ORD,-5.0,-22.0,0,0,1846.0,0
2025.0,1.0,2025-01-01,2423.0,PHX,SFO,-5.0,-20.0,0,0,651.0,0
2025.0,1.0,2025-01-01,903.0,ORD,DCA,-3.0,-31.0,0,0,612.0,0
2025.0,1.0,2025-01-01,1049.0,ATL,MIA,-8.0,-11.0,0,0,594.0,0
2025.0,1.0,2025-01-01,3297.0,LGA,MIA,-3.0,-13.0,0,0,1096.0,0
2025.0,1.0,2025-01-01,3297.0,MIA,LGA,6.0,-3.0,0,0,1096.0,0
2025.0,1.0,2025-01-01,1421.0,BOS,PBI,0.0,1.0,0,0,1197.0,0
2025.0,1.0,2025-01-01,1422.0,PBI,BOS,13.0,-14.0,0,0,1197.0,0
2025.0,1.0,2025-01-01,1591.0,BOS,TPA,-7.0,3.0,0,0,1185.0,0
2025.0,1.0,2025-01-01,952.0,MCO,BOS,12.0,-8.0,0,0,1121.0,0
2025.0,1.0,2025-01-01,1384.0,MCO,JFK,31.0,1.0,0,0,944.0,0
2025.0,1.0,2025-01-01,2873.0,JFK,CHS,-5.0,-16.0,0,0,636.0,0
2025.0,1.0,2025-01-01,2874.0,CHS,JFK,-6.0,-24.0,0,0,636.0,0
2025.0,1.0,2025-01-01,386.0,RDU,JFK,0.0,-14.0,0,0,427.0,0
2025.0,1.0,2025-01-01,883.0,JFK,MCO,-4.0,18.0,0,0,944.0,1
2025.0,1.0,2025-01-01,1071.0,SAN,SEA,37.0,37.0,0,0,1050.0,1
2025.0,1.0,2025-01-01,1142.0,SEA,SAN,26.0,45.0,0,0,1050.0,1
2025.0,1.0,2025-01-01,970.0,PDX,SEA,-3.0,-8.0,0,0,129.0,0
2025.0,1.0,2025-01-01,2112.0,MCO,LGA,9.0,-19.0,0,0,950.0,0
2025.0,1.0,2025-01-01,2239.0,LGA,MCO,-8.0,-10.0,0,0,950.0,0
2025.0,1.0,2025-01-01,2414.0,JFK,MSP,184.0,164.0,0,0,1029.0,1
2025.0,1.0,2025-01-01,2744.0,MSP,JFK,-2.0,-23.0,0,0,1029.0,0
2025.0,1.0,2025-01-01,2728.0,SLC,AUS,-6.0,-26.0,0,0,1086.0,0
2025.0,1.0,2025-01-01,2882.0,MCI,SLC,-9.0,-17.0,0,0,920.0,0
2025.0,1.0,2025-01-01,2882.0,SLC,MCI,-7.0,-23.0,0,0,920.0,0
2025.0,1.0,2025-01-01,3624.0,EYW,MIA,28.0,21.0,0,0,126.0,1
2025.0,1.0,2025-01-01,3784.0,DCA,EYW,-2.0,16.0,0,0,1023.0,1
2025.0,1.0,2025-01-01,3915.0,MIA,TYS,1.0,-20.0,0,0,724.0,0
2025.0,1.0,2025-01-01,4027.0,DCA,ILM,-1.0,-26.0,0,0,319.0,0
2025.0,1.0,2025-01-01,4027.0,ILM,DCA,-11.0,-26.0,0,0,319.0,0
2025.0,1.0,2025-01-01,4035.0,CMH,DCA,-8.0,-31.0,0,0,323.0,0
2025.0,1.0,2025-01-01,4018.0,LAX,SAN,-2.0,-11.0,0,0,109.0,0
2025.0,1.0,2025-01-01,4018.0,SAN,LAX,-1.0,-25.0,0,0,109.0,0
2025.0,1.0,2025-01-01,4099.0,LAX,RNO,-4.0,-1.0,0,0,391.0,0
2025.0,1.0,2025-01-01,4099.0,RNO,LAX,-4.0,-12.0,0,0,391.0,0
2025.0,1.0,2025-01-01,4106.0,RNO,LAX,-6.0,8.0,0,0,391.0,0
2025.0,1.0,2025-01-01,4148.0,LAX,BOI,-5.0,-15.0,0,0,674.0,0
2025.0,1.0,2025-01-01,1700.0,MCO,MIA,34.0,20.0,0,0,192.0,1
2025.0,1.0,2025-01-01,3016.0,MIA,PHX,-2.0,-23.0,0,0,1972.0,0
2025.0,1.0,2025-01-01,315.0,LAX,MIA,0.0,-19.0,0,0,2342.0,0
2025.0,1.0,2025-01-01,359.0,MIA,MCO,5.0,6.0,0,0,192.0,0
2025.0,1.0,2025-01-01,2472.0,ATL,ROC,-7.0,-14.0,0,0,749.0,0
2025.0,1.0,2025-01-01,961.0,ATL,DFW,-1.0,-3.0,0,0,731.0,0
2025.0,1.0,2025-01-01,961.0,DFW,ATL,-2.0,-27.0,0,0,731.0,0
2025.0,1.0,2025-01-01,281.0,JFK,IAH,-1.0,15.0,0,0,1417.0,1
2025.0,1.0,2025-01-01,2841.0,JFK,SAV,4.0,18.0,0,0,718.0,1
2025.0,1.0,2025-01-01,2842.0,SAV,JFK,10.0,-2.0,0,0,718.0,0
2025.0,1.0,2025-01-01,82.0,IAH,JFK,26.0,-2.0,0,0,1417.0,0
2025.0,1.0,2025-01-01,2396.0,LGA,PBI,1.0,-28.0,0,0,1035.0,0
2025.0,1.0,2025-01-01,2396.0,PBI,LGA,-7.0,-28.0,0,0,1035.0,0
2025.0,1.0,2025-01-01,2561.0,LGA,MCO,125.0,124.0,0,0,950.0,1
2025.0,1.0,2025-01-01,2730.0,MCO,LGA,14.0,-5.0,0,0,950.0,0
2025.0,1.0,2025-01-01,1134.0,JFK,JAX,-5.0,-4.0,0,0,828.0,0
2025.0,1.0,2025-01-01,1166.0,SAT,JFK,6.0,-30.0,0,0,1587.0,0
2025.0,1.0,2025-01-01,2667.0,MSP,SAT,-3.0,-6.0,0,0,1097.0,0
2025.0,1.0,2025-01-01,2717.0,SAT,MSP,-3.0,-18.0,0,0,1097.0,0
2025.0,1.0,2025-01-01,2127.0,MCO,MIA,16.0,-10.0,0,0,192.0,0
2025.0,1.0,2025-01-01,2127.0,MIA,MCO,32.0,28.0,0,0,192.0,1
2025.0,1.0,2025-01-01,2259.0,MCO,AUS,-5.0,-25.0,0,0,994.0,0
2025.0,1.0,2025-01-01,2260.0,AUS,LAS,-11.0,-15.0,0,0,1090.0,0
2025.0,1.0,2025-01-01,2260.0,LAS,AUS,-9.0,-23.0,0,0,1090.0,0
2025.0,1.0,2025-01-01,3657.0,MSP,MKE,-5.0,-36.0,0,0,297.0,0
2025.0,1.0,2025-01-01,3714.0,CMH,MSP,-3.0,-6.0,0,0,626.0,0
2025.0,1.0,2025-01-01,3714.0,MSP,CMH,0.0,-2.0,0,0,626.0,0
2025.0,1.0,2025-01-01,3759.0,MKE,MSP,-4.0,26.0,0,0,297.0,1
2025.0,1.0,2025-01-01,3759.0,MSP,MKE,-7.0,0.0,0,0,297.0,0
2025.0,1.0,2025-01-01,3930.0,DLH,MSP,1.0,1.0,0,0,144.0,0
2025.0,1.0,2025-01-01,2371.0,MCO,MIA,-1.0,-15.0,0,0,192.0,0
2025.0,1.0,2025-01-01,583.0,JFK,MCO,-4.0,-1.0,0,0,944.0,0
2025.0,1.0,2025-01-01,1495.0,ATL,PBI,-3.0,-20.0,0,0,545.0,0
2025.0,1.0,2025-01-01,364.0,LGA,ATL,-2.0,-17.0,0,0,762.0,0
2025.0,1.0,2025-01-01,3470.0,SBA,PHX,-6.0,18.0,0,0,455.0,1
2025.0,1.0,2025-01-01,3970.0,PHX,SBP,-2.0,-16.0,0,0,509.0,0
2025.0,1.0,2025-01-01,3970.0,SBP,PHX,-4.0,-9.0,0,0,509.0,0
2025.0,1.0,2025-01-01,4063.0,GJT,PHX,-5.0,-29.0,0,0,438.0,0
2025.0,1.0,2025-01-01,4063.0,PHX,GJT,9.0,-6.0,0,0,438.0,0
2025.0,1.0,2025-01-01,2571.0,PSC,MSP,-9.0,-23.0,0,0,1254.0,0
2025.0,1.0,2025-01-01,2963.0,MSP,DCA,-5.0,-10.0,0,0,931.0,0
2025.0,1.0,2025-01-01,2887.0,CLE,MIA,-2.0,5.0,0,0,1080.0,0
2025.0,1.0,2025-01-01,3200.0,MIA,MCO,-6.0,-13.0,0,0,192.0,0
2025.0,1.0,2025-01-01,1053.0,JFK,PBI,-2.0,10.0,0,0,1028.0,0
2025.0,1.0,2025-01-01,254.0,PBI,JFK,0.0,-3.0,0,0,1028.0,0
2025.0,1.0,2025-01-01,2884.0,MCO,JFK,13.0,-9.0,0,0,944.0,0
2025.0,1.0,2025-01-01,83.0,JFK,MCO,9.0,27.0,0,0,944.0,1
2025.0,1.0,2025-01-01,1853.0,JFK,PBI,25.0,24.0,0,0,1028.0,1
2025.0,1.0,2025-01-01,54.0,PBI,JFK,25.0,8.0,0,0,1028.0,0
2025.0,1.0,2025-01-01,991.0,BUF,JFK,-8.0,4.0,0,0,301.0,0
2025.0,1.0,2025-01-01,2135.0,PHX,DTW,-7.0,-10.0,0,0,1671.0,0
2025.0,1.0,2025-01-01,471.0,LAX,ATL,6.0,-25.0,0,0,1947.0,0
2025.0,1.0,2025-01-01,913.0,DTW,LAX,-8.0,-19.0,0,0,1979.0,0
2025.0,1.0,2025-01-01,1272.0,SLC,SJC,-11.0,-30.0,0,0,584.0,0
2025.0,1.0,2025-01-01,2363.0,STL,SLC,-7.0,-14.0,0,0,1156.0,0
2025.0,1.0,2025-01-01,902.0,SFO,SLC,-5.0,-23.0,0,0,599.0,0
2025.0,1.0,2025-01-01,902.0,SLC,SFO,0.0,-7.0,0,0,599.0,0
2025.0,1.0,2025-01-01,2261.0,DEN,ELP,-5.0,-17.0,0,0,563.0,0
2025.0,1.0,2025-01-01,4418.0,ELP,DEN,-6.0,-6.0,0,0,563.0,0
2025.0,1.0,2025-01-01,4989.0,DEN,SAN,-7.0,,0,1,853.0,
2025.0,1.0,2025-01-01,686.0,DEN,DCA,-10.0,4.0,0,0,1476.0,0
2025.0,1.0,2025-01-01,687.0,DCA,DEN,10.0,-6.0,0,0,1476.0,0
2025.0,1.0,2025-01-01,1553.0,DEN,SLC,-3.0,22.0,0,0,391.0,1
2025.0,1.0,2025-01-01,1553.0,SLC,DEN,-5.0,-19.0,0,0,391.0,0
2025.0,1.0,2025-01-01,2592.0,SAT,SLC,-6.0,-4.0,0,0,1087.0,0
2025.0,1.0,2025-01-01,2797.0,SLC,SAT,-10.0,-28.0,0,0,1087.0,0
2025.0,1.0,2025-01-01,3350.0,CLT,GSP,-3.0,-8.0,0,0,75.0,0
2025.0,1.0,2025-01-01,3350.0,GSP,CLT,14.0,-3.0,0,0,75.0,0
2025.0,1.0,2025-01-01,3973.0,CLT,GSO,-4.0,-6.0,0,0,83.0,0
2025.0,1.0,2025-01-01,3973.0,GSO,CLT,-8.0,-19.0,0,0,83.0,0
2025.0,1.0,2025-01-01,4083.0,SGF,CLT,3.0,-5.0,0,0,708.0,0
2025.0,1.0,2025-01-01,4172.0,CLT,SAV,0.0,-14.0,0,0,213.0,0
2025.0,1.0,2025-01-01,4172.0,SAV,CLT,-4.0,-34.0,0,0,213.0,0
2025.0,1.0,2025-01-01,4252.0,CLT,ATW,0.0,-6.0,0,0,742.0,0
2025.0,1.0,2025-01-01,3789.0,MDW,DTW,1.0,-3.0,0,0,228.0,0
2025.0,1.0,2025-01-01,3794.0,CID,MSP,-2.0,-8.0,0,0,220.0,0
2025.0,1.0,2025-01-01,3838.0,MSP,OMA,-7.0,-18.0,0,0,282.0,0
2025.0,1.0,2025-01-01,3838.0,OMA,MSP,-4.0,-24.0,0,0,282.0,0
2025.0,1.0,2025-01-01,3961.0,DTW,IAD,3.0,30.0,0,0,383.0,1
2025.0,1.0,2025-01-01,4169.0,MSP,MDW,-2.0,6.0,0,0,349.0,0
2025.0,1.0,2025-01-01,1177.0,JFK,JAX,-1.0,-1.0,0,0,828.0,0
2025.0,1.0,2025-01-01,1320.0,ATL,JFK,146.0,148.0,0,0,760.0,1
2025.0,1.0,2025-01-01,454.0,PBI,JFK,74.0,55.0,0,0,1028.0,1
2025.0,1.0,2025-01-01,53.0,JFK,PBI,69.0,76.0,0,0,1028.0,1
2025.0,1.0,2025-01-01,1017.0,PWM,ATL,4.0,-10.0,0,0,1027.0,0
2025.0,1.0,2025-01-01,314.0,ATL,PSP,-5.0,7.0,0,0,1840.0,0
2025.0,1.0,2025-01-01,314.0,PSP,ATL,10.0,-2.0,0,0,1840.0,0
2025.0,1.0,2025-01-01,575.0,ATL,LAX,1.0,-9.0,0,0,1947.0,0
2025.0,1.0,2025-01-01,1703.0,SLC,DFW,-4.0,-31.0,0,0,989.0,0
2025.0,1.0,2025-01-01,2067.0,DFW,SLC,-3.0,-6.0,0,0,989.0,0
2025.0,1.0,2025-01-01,920.0,SFO,SLC,-10.0,-28.0,0,0,599.0,0
2025.0,1.0,2025-01-01,920.0,SLC,SFO,-6.0,-17.0,0,0,599.0,0
2025.0,1.0,2025-01-01,3468.0,LAX,PHX,-2.0,-8.0,0,0,370.0,0
2025.0,1.0,2025-01-01,3587.0,PHX,LAX,4.0,-6.0,0,0,370.0,0
2025.0,1.0,2025-01-01,3971.0,PHX,RDM,-3.0,1.0,0,0,893.0,0
2025.0,1.0,2025-01-01,2517.0,LAS,PDX,-6.0,32.0,0,0,763.0,1
2025.0,1.0,2025-01-01,3336.0,PDX,ONT,223.0,245.0,0,0,838.0,1
2025.0,1.0,2025-01-01,4206.0,ONT,LAS,617.0,601.0,0,0,197.0,1
2025.0,1.0,2025-01-01,2185.0,BOS,PIT,6.0,29.0,0,0,496.0,1
2025.0,1.0,2025-01-01,2186.0,PIT,BOS,17.0,37.0,0,0,496.0,1
2025.0,1.0,2025-01-01,466.0,RSW,BOS,-12.0,-35.0,0,0,1249.0,0
2025.0,1.0,2025-01-01,468.0,BOS,RSW,-7.0,-7.0,0,0,1249.0,0
2025.0,1.0,2025-01-01,845.0,BOS,SYR,23.0,10.0,0,0,265.0,0
2025.0,1.0,2025-01-01,1041.0,DTW,DFW,-3.0,2.0,0,0,986.0,0
2025.0,1.0,2025-01-01,1558.0,DCA,DTW,-5.0,-16.0,0,0,405.0,0
2025.0,1.0,2025-01-01,1558.0,DTW,DCA,-2.0,-6.0,0,0,405.0,0
2025.0,1.0,2025-01-01,420.0,LAX,DFW,-5.0,-22.0,0,0,1235.0,0
2025.0,1.0,2025-01-01,948.0,DFW,LAX,-4.0,-24.0,0,0,1235.0,0
2025.0,1.0,2025-01-01,1044.0,MIA,ATL,-4.0,-6.0,0,0,594.0,0
2025.0,1.0,2025-01-01,1391.0,MIA,STT,-5.0,-16.0,0,0,1107.0,0
2025.0,1.0,2025-01-01,3133.0,DCA,MIA,-7.0,-30.0,0,0,919.0,0
2025.0,1.0,2025-01-01,943.0,STT,MIA,-16.0,-27.0,0,0,1107.0,0
2025.0,1.0,2025-01-01,3998.0,LGA,OKC,-9.0,8.0,0,0,1341.0,0
2025.0,1.0,2025-01-01,4064.0,MKE,LGA,-10.0,-16.0,0,0,738.0,0
2025.0,1.0,2025-01-01,1705.0,ATL,OKC,15.0,15.0,0,0,761.0,1
2025.0,1.0,2025-01-01,1705.0,OKC,ATL,7.0,-19.0,0,0,761.0,0
2025.0,1.0,2025-01-01,2423.0,ATL,OKC,0.0,4.0,0,0,761.0,0
2025.0,1.0,2025-01-01,410.0,DCA,ATL,-7.0,-17.0,0,0,547.0,0
2025.0,1.0,2025-01-01,1498.0,PBI,IAH,-7.0,-22.0,0,0,956.0,0
2025.0,1.0,2025-01-01,1913.0,IAH,LAS,-6.0,-11.0,0,0,1222.0,0
2025.0,1.0,2025-01-01,305.0,LAS,IAH,4.0,-4.0,0,0,1222.0,0
2025.0,1.0,2025-01-01,1065.0,BOS,RSW,-2.0,9.0,0,0,1249.0,0
2025.0,1.0,2025-01-01,2251.0,HPN,RSW,57.0,71.0,0,0,1102.0,1
2025.0,1.0,2025-01-01,2252.0,RSW,HPN,47.0,29.0,0,0,1102.0,1
2025.0,1.0,2025-01-01,722.0,PBI,BOS,23.0,3.0,0,0,1197.0,0
2025.0,1.0,2025-01-01,1170.0,FLL,LGA,8.0,-14.0,0,0,1076.0,0
2025.0,1.0,2025-01-01,1171.0,LGA,FLL,7.0,-1.0,0,0,1076.0,0
2025.0,1.0,2025-01-01,661.0,LGA,PBI,-3.0,-12.0,0,0,1035.0,0
2025.0,1.0,2025-01-01,662.0,PBI,LGA,17.0,-3.0,0,0,1035.0,0
2025.0,1.0,2025-01-01,2825.0,JFK,TPA,-7.0,7.0,0,0,1005.0,0
2025.0,1.0,2025-01-01,2023.0,PHL,SLC,-6.0,-23.0,0,0,1927.0,0
2025.0,1.0,2025-01-01,1142.0,SLC,LAX,-4.0,-19.0,0,0,590.0,0
2025.0,1.0,2025-01-01,1194.0,LAX,SLC,16.0,-7.0,0,0,590.0,0
2025.0,1.0,2025-01-01,1672.0,LAS,SLC,8.0,-9.0,0,0,368.0,0
2025.0,1.0,2025-01-01,1672.0,SLC,LAS,27.0,19.0,0,0,368.0,1
2025.0,1.0,2025-01-01,430.0,LAX,MSP,-3.0,-8.0,0,0,1535.0,0
2025.0,1.0,2025-01-01,2593.0,TTN,MCO,-7.0,-22.0,0,0,896.0,0
2025.0,1.0,2025-01-01,3273.0,BWI,MCO,-12.0,-25.0,0,0,787.0,0
2025.0,1.0,2025-01-01,3506.0,MCO,SJU,-5.0,-12.0,0,0,1189.0,0
2025.0,1.0,2025-01-01,4072.0,MCO,BWI,-8.0,-26.0,0,0,787.0,0
2025.0,1.0,2025-01-01,4725.0,SJU,MCO,-10.0,-35.0,0,0,1189.0,0
2025.0,1.0,2025-01-01,1418.0,JFK,BOS,1.0,-2.0,0,0,187.0,0
2025.0,1.0,2025-01-01,500.0,MSY,BOS,-1.0,-17.0,0,0,1368.0,0
2025.0,1.0,2025-01-01,701.0,BOS,MSY,-8.0,13.0,0,0,1368.0,0
2025.0,1.0,2025-01-01,717.0,BOS,JFK,-2.0,-15.0,0,0,187.0,0
2025.0,1.0,2025-01-01,1116.0,LGB,SLC,-1.0,-5.0,0,0,588.0,0
2025.0,1.0,2025-01-01,1116.0,SLC,LGB,0.0,-8.0,0,0,588.0,0
2025.0,1.0,2025-01-01,1220.0,SLC,MCI,14.0,-5.0,0,0,920.0,0
2025.0,1.0,2025-01-01,2486.0,JAC,SLC,-5.0,-11.0,0,0,205.0,0
2025.0,1.0,2025-01-01,1239.0,RSW,ORD,-3.0,-16.0,0,0,1120.0,0
2025.0,1.0,2025-01-01,2819.0,JFK,ORD,-3.0,-10.0,0,0,740.0,0
2025.0,1.0,2025-01-01,2906.0,ORD,MSP,-7.0,-17.0,0,0,334.0,0
2025.0,1.0,2025-01-01,407.0,ORD,RSW,1.0,-17.0,0,0,1120.0,0
2025.0,1.0,2025-01-01,3100.0,MIA,LAS,1.0,-6.0,0,0,2174.0,0
2025.0,1.0,2025-01-01,3119.0,LAS,MIA,-4.0,-24.0,0,0,2174.0,0
2025.0,1.0,2025-01-01,655.0,JFK,MIA,-2.0,-13.0,0,0,1089.0,0
2025.0,1.0,2025-01-01,2285.0,ORD,SNA,-4.0,-13.0,0,0,1726.0,0
2025.0,1.0,2025-01-01,2285.0,SNA,ORD,-4.0,-22.0,0,0,1726.0,0
2025.0,1.0,2025-01-01,586.0,ORD,EWR,7.0,1.0,0,0,719.0,0
2025.0,1.0,2025-01-01,3726.0,PSP,SLC,-6.0,-20.0,0,0,541.0,0
2025.0,1.0,2025-01-01,3726.0,SLC,PSP,-4.0,-6.0,0,0,541.0,0
2025.0,1.0,2025-01-01,3731.0,SLC,ABQ,-2.0,-25.0,0,0,493.0,0
2025.0,1.0,2025-01-01,3744.0,LGB,SLC,-6.0,-19.0,0,0,588.0,0
2025.0,1.0,2025-01-01,2495.0,ATL,OMA,-6.0,-9.0,0,0,821.0,0
2025.0,1.0,2025-01-01,2664.0,BUF,ATL,5.0,-19.0,0,0,712.0,0
2025.0,1.0,2025-01-01,460.0,ATL,LGA,-1.0,-16.0,0,0,762.0,0
2025.0,1.0,2025-01-01,968.0,LGA,ATL,-3.0,-3.0,0,0,762.0,0
2025.0,1.0,2025-01-01,3500.0,DFW,ECP,-5.0,-18.0,0,0,685.0,0
2025.0,1.0,2025-01-01,3611.0,SHV,DFW,4.0,7.0,0,0,190.0,0
2025.0,1.0,2025-01-01,3896.0,DFW,OKC,-8.0,-12.0,0,0,175.0,0
2025.0,1.0,2025-01-01,3896.0,OKC,DFW,-7.0,-12.0,0,0,175.0,0
2025.0,1.0,2025-01-01,3986.0,DFW,HRL,-8.0,-10.0,0,0,461.0,0
2025.0,1.0,2025-01-01,3986.0,HRL,DFW,-9.0,-21.0,0,0,461.0,0
2025.0,1.0,2025-01-01,1010.0,JFK,MCO,32.0,43.0,0,0,944.0,1
2025.0,1.0,2025-01-01,1178.0,ATL,ORD,-6.0,6.0,0,0,606.0,0
2025.0,1.0,2025-01-01,1178.0,ORD,ATL,6.0,18.0,0,0,606.0,1
2025.0,1.0,2025-01-01,2398.0,ATL,JFK,7.0,-17.0,0,0,760.0,0
2025.0,1.0,2025-01-01,1440.0,GEG,SLC,-3.0,-6.0,0,0,546.0,0
2025.0,1.0,2025-01-01,2502.0,SLC,IAH,-5.0,-33.0,0,0,1195.0,0
2025.0,1.0,2025-01-01,2673.0,IAH,MSP,-6.0,-20.0,0,0,1034.0,0
2025.0,1.0,2025-01-01,3817.0,SEA,BOI,-8.0,-28.0,0,0,399.0,0
2025.0,1.0,2025-01-01,3972.0,PSC,SEA,-5.0,-21.0,0,0,172.0,0
2025.0,1.0,2025-01-01,4031.0,ONT,SEA,-8.0,-30.0,0,0,956.0,0
2025.0,1.0,2025-01-01,4031.0,SEA,ONT,-1.0,-23.0,0,0,956.0,0
2025.0,1.0,2025-01-01,1218.0,AUS,DTW,-2.0,-13.0,0,0,1149.0,0
2025.0,1.0,2025-01-01,1218.0,DTW,AUS,-1.0,-7.0,0,0,1149.0,0
2025.0,1.0,2025-01-01,1413.0,SYR,DTW,-3.0,-6.0,0,0,374.0,0
2025.0,1.0,2025-01-01,1032.0,MSP,ATL,-3.0,-27.0,0,0,907.0,0
2025.0,1.0,2025-01-01,1039.0,MSP,ATL,-1.0,-24.0,0,0,907.0,0
2025.0,1.0,2025-01-01,1174.0,ATL,PHL,6.0,-9.0,0,0,666.0,0
2025.0,1.0,2025-01-01,2901.0,ATL,MSP,-5.0,-15.0,0,0,907.0,0
2025.0,1.0,2025-01-01,2408.0,FAI,SEA,-1.0,-26.0,0,0,1533.0,0
2025.0,1.0,2025-01-01,2672.0,SEA,SAN,-8.0,-28.0,0,0,1050.0,0
2025.0,1.0,2025-01-01,2740.0,DEN,SEA,-2.0,-6.0,0,0,1024.0,0
2025.0,1.0,2025-01-01,2740.0,SEA,DEN,0.0,-17.0,0,0,1024.0,0
2025.0,1.0,2025-01-01,2817.0,DEN,SAN,44.0,38.0,0,0,853.0,1
2025.0,1.0,2025-01-01,3871.0,SLC,PHX,586.0,568.0,0,0,507.0,1
2025.0,1.0,2025-01-01,4069.0,DFW,DEN,-2.0,-16.0,0,0,641.0,0
2025.0,1.0,2025-01-01,4070.0,DEN,DFW,23.0,18.0,0,0,641.0,1
2025.0,1.0,2025-01-01,4251.0,DEN,SLC,-11.0,-16.0,0,0,391.0,0
2025.0,1.0,2025-01-01,4928.0,SAN,DEN,49.0,50.0,0,0,853.0,1
2025.0,1.0,2025-01-01,1330.0,BDL,MSP,-1.0,-29.0,0,0,1050.0,0
2025.0,1.0,2025-01-01,2983.0,DCA,MSP,-8.0,-31.0,0,0,931.0,0
2025.0,1.0,2025-01-01,2983.0,MSP,DCA,0.0,-10.0,0,0,931.0,0
2025.0,1.0,2025-01-01,1313.0,LAX,MIA,21.0,7.0,0,0,2342.0,0
2025.0,1.0,2025-01-01,1716.0,STL,MIA,-7.0,-11.0,0,0,1068.0,0
2025.0,1.0,2025-01-01,2897.0,MIA,DCA,-4.0,-17.0,0,0,919.0,0
2025.0,1.0,2025-01-01,4017.0,SEA,PSC,-8.0,-19.0,0,0,172.0,0
2025.0,1.0,2025-01-01,4034.0,PDX,SEA,-10.0,-2.0,0,0,129.0,0
2025.0,1.0,2025-01-01,4034.0,SEA,PDX,-5.0,-14.0,0,0,129.0,0
2025.0,1.0,2025-01-01,1018.0,FLL,RDU,25.0,8.0,0,0,680.0,0
2025.0,1.0,2025-01-01,1038.0,RDU,FLL,-6.0,-9.0,0,0,680.0,0
2025.0,1.0,2025-01-01,1337.0,MCO,RDU,-8.0,-23.0,0,0,534.0,0
2025.0,1.0,2025-01-01,1337.0,RDU,MCO,-1.0,-21.0,0,0,534.0,0
2025.0,1.0,2025-01-01,1015.0,DTW,FLL,0.0,-8.0,0,0,1127.0,0
2025.0,1.0,2025-01-01,1476.0,MSP,DTW,-5.0,-6.0,0,0,528.0,0
2025.0,1.0,2025-01-01,2301.0,MSP,TPA,-6.0,-27.0,0,0,1306.0,0
2025.0,1.0,2025-01-01,2892.0,TPA,MSP,-4.0,-21.0,0,0,1306.0,0
2025.0,1.0,2025-01-01,1317.0,OAK,SLC,-7.0,-26.0,0,0,588.0,0
2025.0,1.0,2025-01-01,2657.0,SAT,SLC,-3.0,3.0,0,0,1087.0,0
2025.0,1.0,2025-01-01,2657.0,SLC,SAT,-4.0,-20.0,0,0,1087.0,0
2025.0,1.0,2025-01-01,1350.0,ATL,CLE,-6.0,-14.0,0,0,554.0,0
2025.0,1.0,2025-01-01,1350.0,CLE,ATL,4.0,-1.0,0,0,554.0,0
2025.0,1.0,2025-01-01,737.0,ATL,DCA,-8.0,-22.0,0,0,547.0,0
2025.0,1.0,2025-01-01,737.0,DCA,ATL,-13.0,-19.0,0,0,547.0,0
2025.0,1.0,2025-01-01,1951.0,PHX,SAN,-2.0,-9.0,0,0,304.0,0
2025.0,1.0,2025-01-01,1951.0,SAN,PHX,-8.0,-5.0,0,0,304.0,0
2025.0,1.0,2025-01-01,3860.0,MSP,RST,-1.0,-20.0,0,0,76.0,0
2025.0,1.0,2025-01-01,4066.0,BIS,MSP,313.0,298.0,0,0,386.0,1
2025.0,1.0,2025-01-01,1069.0,IAH,ATL,6.0,-3.0,0,0,689.0,0
2025.0,1.0,2025-01-01,672.0,ATL,PHX,-1.0,12.0,0,0,1587.0,0
2025.0,1.0,2025-01-01,672.0,PHX,ATL,16.0,-9.0,0,0,1587.0,0
2025.0,1.0,2025-01-01,1084.0,IAD,SEA,-5.0,-44.0,0,0,2306.0,0
2025.0,1.0,2025-01-01,1668.0,PSP,SEA,19.0,9.0,0,0,987.0,0
2025.0,1.0,2025-01-01,1668.0,SEA,PSP,-6.0,-9.0,0,0,987.0,0
2025.0,1.0,2025-01-01,508.0,SEA,IAD,-3.0,-22.0,0,0,2306.0,0
2025.0,1.0,2025-01-01,1819.0,DEN,PHX,-4.0,-5.0,0,0,602.0,0
2025.0,1.0,2025-01-01,3167.0,PHX,SAN,-13.0,-27.0,0,0,304.0,0
2025.0,1.0,2025-01-01,3168.0,SAN,PHX,-5.0,2.0,0,0,304.0,0
2025.0,1.0,2025-01-01,3381.0,SAN,SFO,-11.0,-1.0,0,0,447.0,0
2025.0,1.0,2025-01-01,3382.0,SFO,SAN,-5.0,-3.0,0,0,447.0,0
2025.0,1.0,2025-01-01,685.0,DCA,DEN,-10.0,-19.0,0,0,1476.0,0
2025.0,1.0,2025-01-01,109.0,BOS,JAX,-12.0,-20.0,0,0,1010.0,0
2025.0,1.0,2025-01-01,1097.0,BOS,ATL,-1.0,-5.0,0,0,946.0,0
2025.0,1.0,2025-01-01,1410.0,JAX,BOS,-15.0,-34.0,0,0,1010.0,0
2025.0,1.0,2025-01-01,896.0,ATL,BOS,-10.0,-28.0,0,0,946.0,0
2025.0,1.0,2025-01-01,2282.0,JAC,SLC,-12.0,15.0,0,0,205.0,1
2025.0,1.0,2025-01-01,2282.0,SLC,JAC,-1.0,-15.0,0,0,205.0,0
2025.0,1.0,2025-01-01,2897.0,MCI,SLC,-6.0,-23.0,0,0,920.0,0
2025.0,1.0,2025-01-01,1356.0,LAS,LAX,-9.0,1.0,0,0,236.0,0
2025.0,1.0,2025-01-01,1356.0,LAX,LAS,-8.0,-28.0,0,0,236.0,0
2025.0,1.0,2025-01-01,2267.0,LAX,SFO,-3.0,-19.0,0,0,337.0,0
2025.0,1.0,2025-01-01,2267.0,SFO,LAX,-7.0,-15.0,0,0,337.0,0
2025.0,1.0,2025-01-01,2457.0,LAX,PDX,8.0,16.0,0,0,834.0,1
2025.0,1.0,2025-01-01,1819.0,SEA,MIA,-9.0,-14.0,0,0,2724.0,0
2025.0,1.0,2025-01-01,3220.0,MIA,SEA,-3.0,-7.0,0,0,2724.0,0
2025.0,1.0,2025-01-01,761.0,MIA,JFK,-2.0,-33.0,0,0,1089.0,0
2025.0,1.0,2025-01-01,3359.0,DFW,SGF,-5.0,-16.0,0,0,364.0,0
2025.0,1.0,2025-01-01,3372.0,LRD,DFW,-3.0,-18.0,0,0,396.0,0
2025.0,1.0,2025-01-01,3655.0,DFW,ELP,-6.0,-20.0,0,0,551.0,0
2025.0,1.0,2025-01-01,3655.0,ELP,DFW,-7.0,-23.0,0,0,551.0,0
2025.0,1.0,2025-01-01,3983.0,DFW,LRD,-6.0,-8.0,0,0,396.0,0
2025.0,1.0,2025-01-01,3983.0,LRD,DFW,-5.0,-18.0,0,0,396.0,0
2025.0,1.0,2025-01-01,2036.0,SLC,FLL,-4.0,-40.0,0,0,2084.0,0
2025.0,1.0,2025-01-01,2465.0,LGA,FLL,-4.0,-16.0,0,0,1076.0,0
2025.0,1.0,2025-01-01,2541.0,FLL,JFK,-7.0,-21.0,0,0,1069.0,0
2025.0,1.0,2025-01-01,315.0,JFK,SLC,-3.0,-11.0,0,0,1990.0,0
2025.0,1.0,2025-01-01,3665.0,DEN,SMF,23.0,12.0,0,0,909.0,0
2025.0,1.0,2025-01-01,3666.0,SMF,DEN,10.0,-13.0,0,0,909.0,0
2025.0,1.0,2025-01-01,4766.0,PHX,DEN,-7.0,4.0,0,0,602.0,0
2025.0,1.0,2025-01-01,1117.0,BOS,JFK,3.0,-8.0,0,0,187.0,0
2025.0,1.0,2025-01-01,1118.0,JFK,BOS,-5.0,-20.0,0,0,187.0,0
2025.0,1.0,2025-01-01,693.0,BOS,RDU,7.0,7.0,0,0,612.0,0
2025.0,1.0,2025-01-01,694.0,RDU,BOS,-8.0,-26.0,0,0,612.0,0
2025.0,1.0,2025-01-01,817.0,BOS,JFK,-6.0,-23.0,0,0,187.0,0
2025.0,1.0,2025-01-01,918.0,JFK,BOS,-7.0,-8.0,0,0,187.0,0
2025.0,1.0,2025-01-01,2401.0,ATL,EWR,10.0,4.0,0,0,746.0,0
2025.0,1.0,2025-01-01,2401.0,EWR,ATL,25.0,22.0,0,0,746.0,1
2025.0,1.0,2025-01-01,1127.0,BOS,MSP,-2.0,-27.0,0,0,1124.0,0
2025.0,1.0,2025-01-01,2098.0,AUS,BOS,-10.0,-45.0,0,0,1698.0,0
2025.0,1.0,2025-01-01,2967.0,MSP,DFW,-9.0,-26.0,0,0,852.0,0
2025.0,1.0,2025-01-01,2868.0,DFW,HDN,143.0,138.0,0,0,769.0,1
2025.0,1.0,2025-01-01,2868.0,HDN,DFW,244.0,244.0,0,0,769.0,1
2025.0,1.0,2025-01-01,1289.0,PHX,MSP,-8.0,-22.0,0,0,1276.0,0
2025.0,1.0,2025-01-01,376.0,BOS,ATL,-5.0,-14.0,0,0,946.0,0
2025.0,1.0,2025-01-01,836.0,ATL,PHX,3.0,13.0,0,0,1587.0,0
2025.0,1.0,2025-01-01,849.0,ATL,BOS,6.0,9.0,0,0,946.0,0
2025.0,1.0,2025-01-01,1621.0,MSP,TUS,-8.0,-11.0,0,0,1298.0,0
2025.0,1.0,2025-01-01,1621.0,TUS,MSP,-13.0,-25.0,0,0,1298.0,0
2025.0,1.0,2025-01-01,1746.0,DTW,MSP,-5.0,-6.0,0,0,528.0,0
2025.0,1.0,2025-01-01,2918.0,MSP,BWI,-10.0,-32.0,0,0,936.0,0
2025.0,1.0,2025-01-01,1088.0,RDU,MIA,-10.0,0.0,0,0,700.0,0
2025.0,1.0,2025-01-01,2230.0,MIA,IAH,-2.0,-25.0,0,0,964.0,0
2025.0,1.0,2025-01-01,2238.0,LAS,MSP,-3.0,-28.0,0,0,1299.0,0
2025.0,1.0,2025-01-01,2238.0,MSP,LAS,-6.0,-28.0,0,0,1299.0,0
2025.0,1.0,2025-01-01,953.0,SEA,MSP,-15.0,-38.0,0,0,1399.0,0
2025.0,1.0,2025-01-01,2399.0,ATL,IAH,4.0,45.0,0,0,689.0,1
2025.0,1.0,2025-01-01,4471.0,RDU,ATL,16.0,31.0,0,0,356.0,1
2025.0,1.0,2025-01-01,4610.0,IAH,RDU,40.0,27.0,0,0,1042.0,1
2025.0,1.0,2025-01-01,708.0,MIA,DCA,-5.0,-33.0,0,0,919.0,0
2025.0,1.0,2025-01-01,1782.0,BOI,DEN,-5.0,-4.0,0,0,649.0,0
2025.0,1.0,2025-01-01,1846.0,BDL,ORD,28.0,6.0,0,0,783.0,0
2025.0,1.0,2025-01-01,2386.0,ORD,IAD,17.0,4.0,0,0,588.0,0
2025.0,1.0,2025-01-01,2643.0,DEN,BDL,0.0,-1.0,0,0,1671.0,0
2025.0,1.0,2025-01-01,2453.0,JAX,IAH,-1.0,-11.0,0,0,817.0,0
2025.0,1.0,2025-01-01,2859.0,IAH,PDX,6.0,14.0,0,0,1825.0,0
2025.0,1.0,2025-01-01,1577.0,SFO,LAS,-6.0,-17.0,0,0,414.0,0
2025.0,1.0,2025-01-01,1665.0,SNA,SFO,3.0,-6.0,0,0,372.0,0
2025.0,1.0,2025-01-01,360.0,AUS,EWR,65.0,26.0,0,0,1504.0,1
2025.0,1.0,2025-01-01,494.0,EWR,SNA,25.0,6.0,0,0,2434.0,0
2025.0,1.0,2025-01-01,1381.0,BUR,DEN,-4.0,-15.0,0,0,850.0,0
2025.0,1.0,2025-01-01,1520.0,MCO,DEN,-4.0,-6.0,0,0,1546.0,0
2025.0,1.0,2025-01-01,2397.0,DEN,BUR,-1.0,-12.0,0,0,850.0,0
2025.0,1.0,2025-01-01,374.0,DEN,MIA,-4.0,5.0,0,0,1709.0,0
2025.0,1.0,2025-01-01,1442.0,OMA,DEN,-7.0,-8.0,0,0,472.0,0
2025.0,1.0,2025-01-01,1481.0,DEN,PHX,49.0,50.0,0,0,602.0,1
2025.0,1.0,2025-01-01,1715.0,PHX,DEN,41.0,40.0,0,0,602.0,1
2025.0,1.0,2025-01-01,1762.0,DEN,SAT,-1.0,-8.0,0,0,794.0,0
2025.0,1.0,2025-01-01,1294.0,DEN,PSP,39.0,30.0,0,0,776.0,1
2025.0,1.0,2025-01-01,1722.0,SFO,LAX,-5.0,-8.0,0,0,337.0,0
2025.0,1.0,2025-01-01,2383.0,PHL,DEN,-9.0,11.0,0,0,1558.0,0
2025.0,1.0,2025-01-01,2626.0,PSP,SFO,29.0,11.0,0,0,421.0,0
2025.0,1.0,2025-01-01,2626.0,SFO,SAN,-2.0,-16.0,0,0,447.0,0
2025.0,1.0,2025-01-01,456.0,SAN,SFO,0.0,-1.0,0,0,447.0,0
2025.0,1.0,2025-01-01,1257.0,PHX,DEN,-2.0,-8.0,0,0,602.0,0
2025.0,1.0,2025-01-01,1281.0,DEN,SAN,-6.0,-16.0,0,0,853.0,0
2025.0,1.0,2025-01-01,1924.0,SAN,DEN,-10.0,-22.0,0,0,853.0,0
2025.0,1.0,2025-01-01,2045.0,MSO,DEN,-3.0,-11.0,0,0,679.0,0
2025.0,1.0,2025-01-01,711.0,DEN,PHX,1.0,-8.0,0,0,602.0,0
2025.0,1.0,2025-01-01,1552.0,RDU,ATL,4.0,-8.0,0,0,356.0,0
2025.0,1.0,2025-01-01,1647.0,LAX,SLC,15.0,17.0,0,0,590.0,1
2025.0,1.0,2025-01-01,2056.0,SLC,MCO,7.0,-14.0,0,0,1931.0,0
2025.0,1.0,2025-01-01,501.0,ATL,LAX,3.0,15.0,0,0,1947.0,1
2025.0,1.0,2025-01-01,3398.0,ELP,ORD,-3.0,-13.0,0,0,1236.0,0
2025.0,1.0,2025-01-01,3695.0,ORD,LIT,-2.0,-28.0,0,0,552.0,0
2025.0,1.0,2025-01-01,3877.0,ORD,ELP,0.0,20.0,0,0,1236.0,1
2025.0,1.0,2025-01-01,1598.0,SFO,LAX,-7.0,-22.0,0,0,337.0,0
2025.0,1.0,2025-01-01,2054.0,LAX,SFO,29.0,9.0,0,0,337.0,0
2025.0,1.0,2025-01-01,2120.0,LAS,LAX,5.0,-10.0,0,0,236.0,0
2025.0,1.0,2025-01-01,2120.0,LAX,LAS,-6.0,-13.0,0,0,236.0,0
2025.0,1.0,2025-01-01,2828.0,DEN,LAX,-1.0,-9.0,0,0,862.0,0
2025.0,1.0,2025-01-01,2828.0,LAX,DEN,7.0,1.0,0,0,862.0,0
2025.0,1.0,2025-01-01,1077.0,FLL,LGA,-5.0,-24.0,0,0,1076.0,0
2025.0,1.0,2025-01-01,1077.0,LGA,FLL,9.0,-16.0,0,0,1076.0,0
2025.0,1.0,2025-01-01,2532.0,PBI,LGA,-8.0,-27.0,0,0,1035.0,0
2025.0,1.0,2025-01-01,2432.0,DTW,SAT,-1.0,30.0,0,0,1214.0,1
2025.0,1.0,2025-01-01,2497.0,SAT,DTW,-10.0,-17.0,0,0,1214.0,0
2025.0,1.0,2025-01-01,2121.0,MSP,SAN,-1.0,-16.0,0,0,1532.0,0
2025.0,1.0,2025-01-01,2823.0,SAN,DTW,-4.0,-8.0,0,0,1956.0,0
2025.0,1.0,2025-01-01,2872.0,BWI,MSP,-11.0,-39.0,0,0,936.0,0
2025.0,1.0,2025-01-01,565.0,DTW,SEA,37.0,15.0,0,0,1927.0,1
2025.0,1.0,2025-01-01,217.0,BOS,JFK,1.0,-14.0,0,0,187.0,0
2025.0,1.0,2025-01-01,2236.0,DTW,BOS,-11.0,-27.0,0,0,632.0,0
2025.0,1.0,2025-01-01,2237.0,BOS,DTW,-9.0,-38.0,0,0,632.0,0
2025.0,1.0,2025-01-01,418.0,JFK,BOS,-4.0,17.0,0,0,187.0,1
2025.0,1.0,2025-01-01,537.0,BOS,BNA,29.0,20.0,0,0,942.0,1
2025.0,1.0,2025-01-01,576.0,PIT,BOS,-9.0,16.0,0,0,496.0,1
2025.0,1.0,2025-01-01,1122.0,LGA,DTW,1.0,-30.0,0,0,502.0,0
2025.0,1.0,2025-01-01,1612.0,DTW,AUS,-7.0,32.0,0,0,1149.0,1
2025.0,1.0,2025-01-01,2589.0,DTW,LGA,9.0,5.0,0,0,502.0,0
2025.0,1.0,2025-01-01,2002.0,DEN,LAX,-5.0,16.0,0,0,862.0,1
2025.0,1.0,2025-01-01,2004.0,LAX,DEN,42.0,26.0,0,0,862.0,1
2025.0,1.0,2025-01-01,946.0,AUS,LAX,78.0,67.0,0,0,1242.0,1
2025.0,1.0,2025-01-01,946.0,LAX,AUS,90.0,76.0,0,0,1242.0,1
2025.0,1.0,2025-01-01,1235.0,JFK,MIA,-5.0,-28.0,0,0,1089.0,0
2025.0,1.0,2025-01-01,2210.0,MIA,JFK,-1.0,-28.0,0,0,1089.0,0
2025.0,1.0,2025-01-01,738.0,MIA,BWI,-1.0,-16.0,0,0,946.0,0
2025.0,1.0,2025-01-01,2249.0,MSP,LAS,-9.0,-18.0,0,0,1299.0,0
2025.0,1.0,2025-01-01,2915.0,CVG,LAS,-5.0,-11.0,0,0,1678.0,0
2025.0,1.0,2025-01-01,417.0,LAS,ATL,5.0,-24.0,0,0,1747.0,0
2025.0,1.0,2025-01-01,833.0,LAS,MSP,-8.0,-22.0,0,0,1299.0,0
2025.0,1.0,2025-01-01,2263.0,LAS,LAX,-7.0,-4.0,0,0,236.0,0
2025.0,1.0,2025-01-01,2350.0,LAS,DEN,-1.0,-8.0,0,0,628.0,0
2025.0,1.0,2025-01-01,3292.0,LAX,LAS,-6.0,-16.0,0,0,236.0,0
2025.0,1.0,2025-01-01,3738.0,SNA,LAS,-13.0,-11.0,0,0,226.0,0
2025.0,1.0,2025-01-01,3978.0,LAS,DFW,130.0,117.0,0,0,1055.0,1
2025.0,1.0,2025-01-01,4371.0,DEN,SNA,-4.0,5.0,0,0,846.0,0
2025.0,1.0,2025-01-01,1294.0,ALB,DTW,-1.0,-16.0,0,0,489.0,0
2025.0,1.0,2025-01-01,1343.0,DTW,MKE,-10.0,-5.0,0,0,237.0,0
2025.0,1.0,2025-01-01,1343.0,MKE,DTW,-2.0,-14.0,0,0,237.0,0
2025.0,1.0,2025-01-01,2582.0,DTW,ALB,-6.0,14.0,0,0,489.0,0
2025.0,1.0,2025-01-01,2790.0,DTW,MSY,-2.0,-2.0,0,0,926.0,0
2025.0,1.0,2025-01-01,2790.0,MSY,DTW,-2.0,-11.0,0,0,926.0,0
2025.0,1.0,2025-01-01,1609.0,MIA,DCA,-3.0,-1.0,0,0,919.0,0
2025.0,1.0,2025-01-01,1632.0,DCA,DFW,8.0,14.0,0,0,1192.0,0
2025.0,1.0,2025-01-01,2881.0,DFW,ORD,19.0,3.0,0,0,802.0,0
2025.0,1.0,2025-01-01,3209.0,BOS,MIA,-7.0,-29.0,0,0,1258.0,0
2025.0,1.0,2025-01-01,1664.0,DFW,PHL,81.0,51.0,0,0,1303.0,1
2025.0,1.0,2025-01-01,2264.0,MSP,TPA,-2.0,-4.0,0,0,1306.0,0
2025.0,1.0,2025-01-01,2775.0,ATL,MSP,-6.0,-22.0,0,0,907.0,0
2025.0,1.0,2025-01-01,401.0,DFW,ATL,-7.0,-32.0,0,0,731.0,0
2025.0,1.0,2025-01-01,1790.0,PDX,DEN,6.0,-10.0,0,0,991.0,0
2025.0,1.0,2025-01-01,2107.0,FSD,DEN,-9.0,-27.0,0,0,483.0,0
2025.0,1.0,2025-01-01,2108.0,DEN,FSD,-12.0,-18.0,0,0,483.0,0
2025.0,1.0,2025-01-01,2341.0,DEN,LAX,-9.0,2.0,0,0,862.0,0
2025.0,1.0,2025-01-01,3155.0,DEN,LAX,-3.0,-2.0,0,0,862.0,0
2025.0,1.0,2025-01-01,3823.0,LAX,PDX,10.0,6.0,0,0,834.0,0
2025.0,1.0,2025-01-01,1711.0,MSP,GRR,-8.0,-22.0,0,0,408.0,0
2025.0,1.0,2025-01-01,2114.0,DFW,SNA,-5.0,-15.0,0,0,1205.0,0
2025.0,1.0,2025-01-01,2114.0,SNA,DFW,-7.0,-25.0,0,0,1205.0,0
2025.0,1.0,2025-01-01,3058.0,EWR,PHX,-5.0,-21.0,0,0,2133.0,0
2025.0,1.0,2025-01-01,832.0,PHX,JFK,-2.0,-34.0,0,0,2153.0,0
2025.0,1.0,2025-01-01,1764.0,BNA,IAH,-10.0,-21.0,0,0,657.0,0
2025.0,1.0,2025-01-01,2156.0,IAD,BNA,-3.0,-4.0,0,0,542.0,0
2025.0,1.0,2025-01-01,1430.0,ORF,ATL,-8.0,-23.0,0,0,516.0,0
2025.0,1.0,2025-01-01,519.0,ATL,DEN,19.0,20.0,0,0,1199.0,1
2025.0,1.0,2025-01-01,557.0,ATL,LGA,-1.0,-11.0,0,0,762.0,0
2025.0,1.0,2025-01-01,990.0,LGA,ATL,33.0,19.0,0,0,762.0,1
2025.0,1.0,2025-01-01,1267.0,SLC,LAX,90.0,80.0,0,0,590.0,1
2025.0,1.0,2025-01-01,1268.0,LAX,SLC,70.0,61.0,0,0,590.0,1
2025.0,1.0,2025-01-01,1292.0,DEN,MSP,37.0,27.0,0,0,680.0,1
2025.0,1.0,2025-01-01,1733.0,MCO,DEN,-8.0,-6.0,0,0,1546.0,0
2025.0,1.0,2025-01-01,3981.0,DEN,SLC,27.0,24.0,0,0,391.0,1
2025.0,1.0,2025-01-01,4252.0,SLC,DEN,58.0,43.0,0,0,391.0,1
2025.0,1.0,2025-01-01,1006.0,BNA,BOS,24.0,12.0,0,0,942.0,0
2025.0,1.0,2025-01-01,1007.0,BOS,BNA,-7.0,34.0,0,0,942.0,1
2025.0,1.0,2025-01-01,1318.0,JFK,BOS,19.0,4.0,0,0,187.0,0
2025.0,1.0,2025-01-01,367.0,BOS,CHS,-6.0,-13.0,0,0,818.0,0
2025.0,1.0,2025-01-01,368.0,CHS,BOS,-10.0,-24.0,0,0,818.0,0
2025.0,1.0,2025-01-01,1368.0,JFK,MSY,79.0,61.0,0,0,1182.0,1
2025.0,1.0,2025-01-01,1368.0,MSY,JFK,59.0,49.0,0,0,1182.0,1
2025.0,1.0,2025-01-01,1223.0,ATL,IAH,-5.0,-3.0,0,0,689.0,0
2025.0,1.0,2025-01-01,1223.0,IAH,ATL,-4.0,-32.0,0,0,689.0,0
2025.0,1.0,2025-01-01,380.0,ATL,DCA,-4.0,-4.0,0,0,547.0,0
2025.0,1.0,2025-01-01,380.0,DCA,ATL,-14.0,-21.0,0,0,547.0,0
2025.0,1.0,2025-01-01,550.0,LGA,ATL,-7.0,-34.0,0,0,762.0,0
2025.0,1.0,2025-01-01,223.0,FLL,ORD,-6.0,-24.0,0,0,1182.0,0
2025.0,1.0,2025-01-01,3019.0,PHX,MIA,0.0,-12.0,0,0,1972.0,0
2025.0,1.0,2025-01-01,706.0,ATL,DEN,-7.0,-4.0,0,0,1199.0,0
2025.0,1.0,2025-01-01,706.0,DEN,ATL,-6.0,-7.0,0,0,1199.0,0
2025.0,1.0,2025-01-01,893.0,DFW,ATL,-5.0,-32.0,0,0,731.0,0
2025.0,1.0,2025-01-01,955.0,ATL,RDU,5.0,-6.0,0,0,356.0,0
2025.0,1.0,2025-01-01,1149.0,MSP,DEN,-11.0,3.0,0,0,680.0,0
2025.0,1.0,2025-01-01,1291.0,MSP,DEN,-7.0,1.0,0,0,680.0,0
2025.0,1.0,2025-01-01,2453.0,PNS,DEN,4.0,1.0,0,0,1179.0,0
2025.0,1.0,2025-01-01,3930.0,DEN,PNS,10.0,3.0,0,0,1179.0,0
2025.0,1.0,2025-01-01,4616.0,DEN,MSP,-9.0,16.0,0,0,680.0,1
2025.0,1.0,2025-01-01,4753.0,DEN,PHX,-8.0,5.0,0,0,602.0,0
2025.0,1.0,2025-01-01,1233.0,JFK,AUS,-2.0,15.0,0,0,1521.0,1
2025.0,1.0,2025-01-01,1411.0,AUS,JFK,-7.0,-29.0,0,0,1521.0,0
2025.0,1.0,2025-01-01,2147.0,ATL,PVD,36.0,27.0,0,0,903.0,1
2025.0,1.0,2025-01-01,2147.0,PVD,ATL,33.0,29.0,0,0,903.0,1
2025.0,1.0,2025-01-01,2334.0,ATL,BUF,-4.0,-9.0,0,0,712.0,0
2025.0,1.0,2025-01-01,2429.0,ALB,ATL,-3.0,-10.0,0,0,853.0,0
2025.0,1.0,2025-01-01,213.0,ORD,FLL,0.0,-18.0,0,0,1182.0,0
2025.0,1.0,2025-01-01,635.0,MIA,ORD,-6.0,-33.0,0,0,1197.0,0
2025.0,1.0,2025-01-01,1968.0,PHX,MIA,-5.0,-19.0,0,0,1972.0,0
2025.0,1.0,2025-01-01,1196.0,EWR,MIA,-7.0,-10.0,0,0,1085.0,0
2025.0,1.0,2025-01-01,1344.0,AUS,ATL,-6.0,-25.0,0,0,813.0,0
2025.0,1.0,2025-01-01,31.0,ATL,DFW,-1.0,-1.0,0,0,731.0,0
2025.0,1.0,2025-01-01,1127.0,OMA,DEN,-3.0,-5.0,0,0,472.0,0
2025.0,1.0,2025-01-01,1874.0,DEN,OMA,-10.0,-16.0,0,0,472.0,0
2025.0,1.0,2025-01-01,1355.0,BOS,DCA,2.0,-8.0,0,0,399.0,0
2025.0,1.0,2025-01-01,1755.0,BOS,DCA,-7.0,-15.0,0,0,399.0,0
2025.0,1.0,2025-01-01,2354.0,DCA,BOS,-10.0,-22.0,0,0,399.0,0
2025.0,1.0,2025-01-01,2454.0,DCA,BOS,-7.0,-18.0,0,0,399.0,0
2025.0,1.0,2025-01-01,1388.0,RDU,DTW,-16.0,-32.0,0,0,501.0,0
2025.0,1.0,2025-01-01,1718.0,DTW,IAH,-2.0,11.0,0,0,1075.0,0
2025.0,1.0,2025-01-01,2746.0,DFW,DTW,19.0,-1.0,0,0,986.0,0
2025.0,1.0,2025-01-01,2746.0,DTW,DFW,8.0,20.0,0,0,986.0,1
2025.0,1.0,2025-01-01,1040.0,AUS,DTW,-7.0,-28.0,0,0,1149.0,0
2025.0,1.0,2025-01-01,1170.0,DCA,MCO,-8.0,-17.0,0,0,759.0,0
2025.0,1.0,2025-01-01,1170.0,MCO,DCA,-5.0,-28.0,0,0,759.0,0
2025.0,1.0,2025-01-01,1627.0,MIA,DCA,-1.0,-21.0,0,0,919.0,0
2025.0,1.0,2025-01-01,2355.0,MIA,MSY,-4.0,-21.0,0,0,675.0,0
2025.0,1.0,2025-01-01,897.0,DCA,MIA,-11.0,-29.0,0,0,919.0,0
2025.0,1.0,2025-01-01,457.0,MIA,PHX,-4.0,-34.0,0,0,1972.0,0
2025.0,1.0,2025-01-01,1653.0,SDF,MIA,-2.0,-8.0,0,0,910.0,0
2025.0,1.0,2025-01-01,2290.0,MIA,LAX,-1.0,-13.0,0,0,2342.0,0
2025.0,1.0,2025-01-01,1376.0,PBI,ATL,-3.0,-15.0,0,0,545.0,0
2025.0,1.0,2025-01-01,353.0,ATL,BZN,-4.0,1.0,0,0,1640.0,0
2025.0,1.0,2025-01-01,353.0,BZN,ATL,0.0,5.0,0,0,1640.0,0
2025.0,1.0,2025-01-01,757.0,ATL,PHX,-5.0,-1.0,0,0,1587.0,0
2025.0,1.0,2025-01-01,1230.0,JFK,AUS,-1.0,-10.0,0,0,1521.0,0
2025.0,1.0,2025-01-01,2062.0,AUS,MSP,-10.0,-26.0,0,0,1042.0,0
2025.0,1.0,2025-01-01,2426.0,JAX,MSP,319.0,295.0,0,0,1174.0,1
2025.0,1.0,2025-01-01,2426.0,MSP,JAX,341.0,,0,1,1174.0,
2025.0,1.0,2025-01-01,1444.0,IAH,EWR,35.0,5.0,0,0,1400.0,0
2025.0,1.0,2025-01-01,1833.0,BOS,EWR,-9.0,-22.0,0,0,200.0,0
2025.0,1.0,2025-01-01,2425.0,EWR,IAH,-3.0,35.0,0,0,1400.0,1
2025.0,1.0,2025-01-01,1467.0,DTW,ATL,12.0,6.0,0,0,594.0,0
2025.0,1.0,2025-01-01,1478.0,ATL,DTW,-2.0,12.0,0,0,594.0,0
2025.0,1.0,2025-01-01,2883.0,DEN,DTW,5.0,-1.0,0,0,1123.0,0
2025.0,1.0,2025-01-01,346.0,ATL,DEN,-5.0,0.0,0,0,1199.0,0
2025.0,1.0,2025-01-01,2636.0,STL,MCO,3.0,-6.0,0,0,882.0,0
2025.0,1.0,2025-01-01,1137.0,ALB,ATL,2.0,5.0,0,0,853.0,0
2025.0,1.0,2025-01-01,1137.0,ATL,ALB,2.0,-3.0,0,0,853.0,0
2025.0,1.0,2025-01-01,2584.0,ATL,ALB,-6.0,-9.0,0,0,853.0,0
2025.0,1.0,2025-01-01,1179.0,ORD,SNA,-2.0,-18.0,0,0,1726.0,0
2025.0,1.0,2025-01-01,2590.0,SNA,ORD,-5.0,-30.0,0,0,1726.0,0
2025.0,1.0,2025-01-01,363.0,MIA,CLE,-11.0,-36.0,0,0,1080.0,0
2025.0,1.0,2025-01-01,756.0,ORF,MIA,-8.0,-9.0,0,0,802.0,0
2025.0,1.0,2025-01-01,2274.0,MSP,PHX,-13.0,-24.0,0,0,1276.0,0
2025.0,1.0,2025-01-01,2274.0,PHX,MSP,-7.0,-28.0,0,0,1276.0,0
2025.0,1.0,2025-01-01,810.0,SEA,DTW,-4.0,-30.0,0,0,1927.0,0
2025.0,1.0,2025-01-01,881.0,MSP,SEA,2.0,-14.0,0,0,1399.0,0
2025.0,1.0,2025-01-01,1871.0,JFK,ATL,-5.0,-16.0,0,0,760.0,0
2025.0,1.0,2025-01-01,1872.0,ATL,JFK,-4.0,-4.0,0,0,760.0,0
2025.0,1.0,2025-01-01,2897.0,DTW,ATL,-12.0,27.0,0,0,594.0,1
2025.0,1.0,2025-01-01,2898.0,ATL,DTW,-3.0,-12.0,0,0,594.0,0
2025.0,1.0,2025-01-01,3512.0,ATL,BOS,-3.0,-20.0,0,0,946.0,0
2025.0,1.0,2025-01-01,1387.0,JFK,MSY,-3.0,9.0,0,0,1182.0,0
2025.0,1.0,2025-01-01,1387.0,MSY,JFK,9.0,-17.0,0,0,1182.0,0
2025.0,1.0,2025-01-01,2320.0,JFK,RSW,-5.0,-11.0,0,0,1074.0,0
2025.0,1.0,2025-01-01,2320.0,RSW,JFK,-11.0,-32.0,0,0,1074.0,0
2025.0,1.0,2025-01-01,2086.0,LGA,CLT,-4.0,-13.0,0,0,544.0,0
2025.0,1.0,2025-01-01,3270.0,ORD,LGA,-1.0,-12.0,0,0,733.0,0
2025.0,1.0,2025-01-01,483.0,CLT,MIA,-3.0,-22.0,0,0,650.0,0
2025.0,1.0,2025-01-01,2291.0,JAX,MIA,-11.0,-12.0,0,0,335.0,0
2025.0,1.0,2025-01-01,426.0,MIA,STL,2.0,-23.0,0,0,1068.0,0
2025.0,1.0,2025-01-01,1325.0,DTW,MSP,0.0,-10.0,0,0,528.0,0
2025.0,1.0,2025-01-01,2091.0,MSP,MSN,0.0,-11.0,0,0,228.0,0
2025.0,1.0,2025-01-01,1321.0,MSP,PIT,16.0,1.0,0,0,726.0,0
2025.0,1.0,2025-01-01,1561.0,MSP,PSP,-3.0,11.0,0,0,1454.0,0
2025.0,1.0,2025-01-01,1561.0,PSP,MSP,58.0,56.0,0,0,1454.0,1
2025.0,1.0,2025-01-01,2421.0,MSN,MSP,-6.0,-7.0,0,0,228.0,0
2025.0,1.0,2025-01-01,1071.0,CLT,EWR,-4.0,-7.0,0,0,529.0,0
2025.0,1.0,2025-01-01,2089.0,LGA,CLT,-7.0,-6.0,0,0,544.0,0
2025.0,1.0,2025-01-01,3249.0,MIA,LAX,0.0,-15.0,0,0,2342.0,0
2025.0,1.0,2025-01-01,2482.0,SFO,ATL,-2.0,-5.0,0,0,2139.0,0
2025.0,1.0,2025-01-01,1942.0,DEN,AUS,-3.0,-25.0,0,0,775.0,0
2025.0,1.0,2025-01-01,2672.0,ORD,PDX,0.0,-6.0,0,0,1739.0,0
2025.0,1.0,2025-01-01,545.0,ROC,ORD,-3.0,-13.0,0,0,528.0,0
2025.0,1.0,2025-01-01,726.0,PDX,DEN,-2.0,-27.0,0,0,991.0,0
2025.0,1.0,2025-01-01,2375.0,DTW,ATL,-4.0,-28.0,0,0,594.0,0
2025.0,1.0,2025-01-01,665.0,ATL,ONT,-3.0,3.0,0,0,1900.0,0
2025.0,1.0,2025-01-01,665.0,ONT,ATL,-1.0,-20.0,0,0,1900.0,0
2025.0,1.0,2025-01-01,845.0,ATL,SLC,1.0,8.0,0,0,1590.0,0
2025.0,1.0,2025-01-01,2372.0,ATL,ROA,-3.0,6.0,0,0,357.0,0
2025.0,1.0,2025-01-01,1050.0,IAH,MSP,-3.0,-21.0,0,0,1034.0,0
2025.0,1.0,2025-01-01,1701.0,HRL,MSP,-9.0,-25.0,0,0,1310.0,0
2025.0,1.0,2025-01-01,1701.0,MSP,HRL,-4.0,-16.0,0,0,1310.0,0
2025.0,1.0,2025-01-01,2692.0,MSP,JFK,-4.0,-20.0,0,0,1029.0,0
2025.0,1.0,2025-01-01,1347.0,IAH,MIA,-7.0,-8.0,0,0,964.0,0
2025.0,1.0,2025-01-01,2111.0,CLT,MIA,-4.0,-9.0,0,0,650.0,0
2025.0,1.0,2025-01-01,2286.0,MIA,CLT,-2.0,-22.0,0,0,650.0,0
2025.0,1.0,2025-01-01,2537.0,ORD,TUS,-4.0,-11.0,0,0,1437.0,0
2025.0,1.0,2025-01-01,2537.0,TUS,ORD,-7.0,-20.0,0,0,1437.0,0
2025.0,1.0,2025-01-01,2919.0,EWR,ORD,-8.0,-1.0,0,0,719.0,0
2025.0,1.0,2025-01-01,1627.0,FLL,LGA,-1.0,-29.0,0,0,1076.0,0
2025.0,1.0,2025-01-01,1627.0,LGA,FLL,2.0,-6.0,0,0,1076.0,0
2025.0,1.0,2025-01-01,998.0,MIA,LGA,-2.0,2.0,0,0,1096.0,0
2025.0,1.0,2025-01-01,1389.0,IAH,DTW,25.0,1.0,0,0,1075.0,0
2025.0,1.0,2025-01-01,1242.0,AUS,MSP,-5.0,-28.0,0,0,1042.0,0
2025.0,1.0,2025-01-01,1053.0,ATL,TUS,-5.0,3.0,0,0,1541.0,0
2025.0,1.0,2025-01-01,2722.0,JAX,ATL,-2.0,-14.0,0,0,270.0,0
2025.0,1.0,2025-01-01,725.0,ATL,SAN,-2.0,20.0,0,0,1892.0,1
2025.0,1.0,2025-01-01,725.0,SAN,ATL,18.0,16.0,0,0,1892.0,1
2025.0,1.0,2025-01-01,1670.0,ATL,RDU,117.0,130.0,0,0,356.0,1
2025.0,1.0,2025-01-01,2400.0,IAH,ATL,134.0,110.0,0,0,689.0,1
2025.0,1.0,2025-01-01,3287.0,LGA,ATL,8.0,20.0,0,0,762.0,1
2025.0,1.0,2025-01-01,3288.0,ATL,LGA,16.0,9.0,0,0,762.0,0
2025.0,1.0,2025-01-01,4405.0,MIA,ATL,-9.0,16.0,0,0,594.0,1
2025.0,1.0,2025-01-01,4609.0,RDU,IAH,120.0,125.0,0,0,1042.0,1
2025.0,1.0,2025-01-01,2266.0,MSP,PSC,-6.0,-21.0,0,0,1254.0,0
2025.0,1.0,2025-01-01,2958.0,DCA,MSP,-6.0,-32.0,0,0,931.0,0
2025.0,1.0,2025-01-01,1404.0,DEN,PHX,-6.0,-2.0,0,0,602.0,0
2025.0,1.0,2025-01-01,2109.0,LAS,PHX,-4.0,-20.0,0,0,255.0,0
2025.0,1.0,2025-01-01,3241.0,PHX,DEN,76.0,76.0,0,0,602.0,1
2025.0,1.0,2025-01-01,479.0,PHX,LAS,-6.0,-13.0,0,0,255.0,0
2025.0,1.0,2025-01-01,1161.0,SLC,LAX,8.0,15.0,0,0,590.0,1
2025.0,1.0,2025-01-01,1179.0,SAN,SLC,14.0,13.0,0,0,626.0,0
2025.0,1.0,2025-01-01,1179.0,SLC,SAN,13.0,20.0,0,0,626.0,1
2025.0,1.0,2025-01-01,2045.0,TPA,SLC,23.0,23.0,0,0,1888.0,1
2025.0,1.0,2025-01-01,458.0,LAX,CVG,-5.0,-19.0,0,0,1900.0,0
2025.0,1.0,2025-01-01,3016.0,LAS,SLC,-11.0,-24.0,0,0,368.0,0
2025.0,1.0,2025-01-01,1620.0,AUS,ATL,1.0,-18.0,0,0,813.0,0
2025.0,1.0,2025-01-01,2123.0,ATL,SYR,-7.0,-9.0,0,0,794.0,0
2025.0,1.0,2025-01-01,2709.0,MSP,AUS,-4.0,-19.0,0,0,1042.0,0
2025.0,1.0,2025-01-01,2820.0,PIT,MSP,-2.0,-3.0,0,0,726.0,0
2025.0,1.0,2025-01-01,2842.0,ORD,CLT,5.0,-15.0,0,0,599.0,0
2025.0,1.0,2025-01-01,2102.0,MSP,LAX,0.0,-4.0,0,0,1535.0,0
2025.0,1.0,2025-01-01,320.0,LAX,ATL,-1.0,-10.0,0,0,1947.0,0
2025.0,1.0,2025-01-01,3056.0,MCO,ISP,-14.0,-24.0,0,0,971.0,0
2025.0,1.0,2025-01-01,3941.0,ISP,MCO,-16.0,-23.0,0,0,971.0,0
2025.0,1.0,2025-01-01,1003.0,DCA,MCO,-12.0,-17.0,0,0,759.0,0
2025.0,1.0,2025-01-01,1003.0,MCO,DCA,-3.0,-18.0,0,0,759.0,0
2025.0,1.0,2025-01-01,2576.0,DCA,MIA,-13.0,22.0,0,0,919.0,1
2025.0,1.0,2025-01-01,2992.0,MIA,RDU,16.0,-9.0,0,0,700.0,0
2025.0,1.0,2025-01-01,1648.0,DEN,DTW,-1.0,5.0,0,0,1123.0,0
2025.0,1.0,2025-01-01,1648.0,DTW,DEN,-2.0,1.0,0,0,1123.0,0
2025.0,1.0,2025-01-01,1689.0,DTW,SYR,0.0,37.0,0,0,374.0,1
2025.0,1.0,2025-01-01,1745.0,DEN,DTW,0.0,14.0,0,0,1123.0,0
2025.0,1.0,2025-01-01,2304.0,DCA,ORD,-13.0,-16.0,0,0,612.0,0
2025.0,1.0,2025-01-01,2462.0,ORD,SNA,-2.0,15.0,0,0,1726.0,1
2025.0,1.0,2025-01-01,2462.0,SNA,ORD,7.0,-9.0,0,0,1726.0,0
2025.0,1.0,2025-01-01,2881.0,ATL,MCO,4.0,6.0,0,0,404.0,0
2025.0,1.0,2025-01-01,2950.0,BWI,ATL,5.0,-21.0,0,0,577.0,0
2025.0,1.0,2025-01-01,937.0,ATL,TUS,9.0,9.0,0,0,1541.0,0
2025.0,1.0,2025-01-01,937.0,TUS,ATL,-5.0,-32.0,0,0,1541.0,0
2025.0,1.0,2025-01-01,2634.0,ATL,BWI,8.0,-9.0,0,0,577.0,0
2025.0,1.0,2025-01-01,4003.0,BWI,MCO,-19.0,-16.0,0,0,787.0,0
2025.0,1.0,2025-01-01,4707.0,IAD,ATL,-19.0,-12.0,0,0,534.0,0
2025.0,1.0,2025-01-01,4708.0,ATL,IAD,-10.0,-18.0,0,0,534.0,0
2025.0,1.0,2025-01-01,1136.0,OMA,ATL,-5.0,-30.0,0,0,821.0,0
2025.0,1.0,2025-01-01,1406.0,AUS,JFK,10.0,3.0,0,0,1521.0,0
2025.0,1.0,2025-01-01,2886.0,ATL,AUS,-6.0,5.0,0,0,813.0,0
2025.0,1.0,2025-01-01,1096.0,FLL,DTW,-5.0,-26.0,0,0,1127.0,0
2025.0,1.0,2025-01-01,349.0,DTW,SAN,-3.0,-5.0,0,0,1956.0,0
2025.0,1.0,2025-01-01,764.0,SAN,DTW,-10.0,-6.0,0,0,1956.0,0
2025.0,1.0,2025-01-01,3137.0,MIA,DEN,-7.0,-2.0,0,0,1709.0,0
2025.0,1.0,2025-01-01,4917.0,DEN,SJC,2.0,0.0,0,0,948.0,0
2025.0,1.0,2025-01-01,4918.0,SJC,DEN,-6.0,-25.0,0,0,948.0,0
2025.0,1.0,2025-01-01,1188.0,PIT,SLC,-4.0,19.0,0,0,1660.0,1
2025.0,1.0,2025-01-01,1188.0,SLC,PIT,-4.0,-19.0,0,0,1660.0,0
2025.0,1.0,2025-01-01,1331.0,SFO,SLC,-10.0,-28.0,0,0,599.0,0
2025.0,1.0,2025-01-01,1566.0,MIA,RDU,-4.0,-17.0,0,0,700.0,0
2025.0,1.0,2025-01-01,324.0,IAH,MIA,-7.0,-11.0,0,0,964.0,0
2025.0,1.0,2025-01-01,843.0,ATL,SAN,-8.0,-5.0,0,0,1892.0,0
2025.0,1.0,2025-01-01,907.0,SLC,ATL,-6.0,-35.0,0,0,1590.0,0
2025.0,1.0,2025-01-01,1093.0,DEN,SFO,-8.0,8.0,0,0,967.0,0
2025.0,1.0,2025-01-01,1500.0,ONT,DEN,50.0,30.0,0,0,819.0,1
2025.0,1.0,2025-01-01,2105.0,DEN,PHX,-8.0,-21.0,0,0,602.0,0
2025.0,1.0,2025-01-01,2142.0,PHX,DEN,-17.0,-14.0,0,0,602.0,0
2025.0,1.0,2025-01-01,4126.0,SFO,BUR,-10.0,7.0,0,0,326.0,0
2025.0,1.0,2025-01-01,4522.0,BUR,DEN,7.0,-6.0,0,0,850.0,0
2025.0,1.0,2025-01-01,1091.0,SLC,SFO,-1.0,-13.0,0,0,599.0,0
2025.0,1.0,2025-01-01,1312.0,MCO,RDU,4.0,-13.0,0,0,534.0,0
2025.0,1.0,2025-01-01,1377.0,RDU,MCO,-6.0,2.0,0,0,534.0,0
2025.0,1.0,2025-01-01,2783.0,MSP,RDU,-12.0,-18.0,0,0,980.0,0
2025.0,1.0,2025-01-01,1475.0,IAH,LAS,7.0,-9.0,0,0,1222.0,0
2025.0,1.0,2025-01-01,1913.0,MIA,IAH,-3.0,1.0,0,0,964.0,0
2025.0,1.0,2025-01-01,2112.0,PHL,IAH,-5.0,-1.0,0,0,1325.0,0
2025.0,1.0,2025-01-01,2235.0,IAH,PHL,-9.0,-34.0,0,0,1325.0,0
2025.0,1.0,2025-01-01,1816.0,DEN,TUS,-7.0,-20.0,0,0,639.0,0
2025.0,1.0,2025-01-01,2412.0,BWI,DEN,-2.0,-21.0,0,0,1491.0,0
2025.0,1.0,2025-01-01,283.0,DEN,FLL,1.0,3.0,0,0,1703.0,0
2025.0,1.0,2025-01-01,347.0,PHL,DEN,-5.0,-7.0,0,0,1558.0,0
2025.0,1.0,2025-01-01,376.0,DEN,PHL,-10.0,-28.0,0,0,1558.0,0
2025.0,1.0,2025-01-01,515.0,FLL,DEN,0.0,-2.0,0,0,1703.0,0
2025.0,1.0,2025-01-01,2028.0,RDU,SLC,7.0,12.0,0,0,1823.0,0
2025.0,1.0,2025-01-01,2028.0,SLC,RDU,9.0,-14.0,0,0,1823.0,0
2025.0,1.0,2025-01-01,830.0,ATL,SLC,5.0,2.0,0,0,1590.0,0
2025.0,1.0,2025-01-01,912.0,SLC,ATL,-7.0,-46.0,0,0,1590.0,0
2025.0,1.0,2025-01-01,2147.0,DFW,DEN,-10.0,-19.0,0,0,641.0,0
2025.0,1.0,2025-01-01,2532.0,PHX,DFW,-9.0,-19.0,0,0,868.0,0
2025.0,1.0,2025-01-01,1193.0,DCA,MSP,-17.0,-45.0,0,0,931.0,0
2025.0,1.0,2025-01-01,2304.0,MSP,FSD,15.0,20.0,0,0,196.0,1
2025.0,1.0,2025-01-01,1454.0,DCA,DTW,-2.0,2.0,0,0,405.0,0
2025.0,1.0,2025-01-01,1454.0,DTW,DCA,-1.0,-8.0,0,0,405.0,0
2025.0,1.0,2025-01-01,2333.0,DTW,JAX,-3.0,-22.0,0,0,813.0,0
2025.0,1.0,2025-01-01,2333.0,JAX,DTW,-7.0,-12.0,0,0,813.0,0
2025.0,1.0,2025-01-01,3073.0,DFW,PSP,-2.0,0.0,0,0,1126.0,0
2025.0,1.0,2025-01-01,3073.0,PSP,DFW,-1.0,-14.0,0,0,1126.0,0
2025.0,1.0,2025-01-01,609.0,DFW,ATL,27.0,12.0,0,0,731.0,0
2025.0,1.0,2025-01-01,686.0,ATL,AUS,-14.0,-17.0,0,0,813.0,0
2025.0,1.0,2025-01-01,2785.0,SAN,MSP,7.0,4.0,0,0,1532.0,0
2025.0,1.0,2025-01-01,492.0,DTW,SAN,7.0,10.0,0,0,1956.0,0
2025.0,1.0,2025-01-01,858.0,MSP,SFO,0.0,-5.0,0,0,1589.0,0
2025.0,1.0,2025-01-01,1473.0,PHL,TPA,-15.0,-10.0,0,0,920.0,0
2025.0,1.0,2025-01-01,1474.0,TPA,PHL,-9.0,-22.0,0,0,920.0,0
2025.0,1.0,2025-01-01,3054.0,ATL,TPA,-6.0,-9.0,0,0,406.0,0
2025.0,1.0,2025-01-01,3372.0,TPA,RDU,-5.0,3.0,0,0,587.0,0
2025.0,1.0,2025-01-01,3373.0,RDU,TPA,-3.0,5.0,0,0,587.0,0
2025.0,1.0,2025-01-01,3781.0,TPA,ATL,-11.0,-2.0,0,0,406.0,0
2025.0,1.0,2025-01-01,2424.0,DTW,TVC,-18.0,-10.0,0,0,207.0,0
2025.0,1.0,2025-01-01,2619.0,DFW,DTW,11.0,-8.0,0,0,986.0,0
2025.0,1.0,2025-01-01,439.0,DFW,LAX,3.0,7.0,0,0,1235.0,0
2025.0,1.0,2025-01-01,521.0,LAX,DFW,50.0,25.0,0,0,1235.0,1
2025.0,1.0,2025-01-01,2931.0,MSP,DEN,-3.0,-2.0,0,0,680.0,0
2025.0,1.0,2025-01-01,1563.0,IAH,ONT,12.0,-6.0,0,0,1334.0,0
2025.0,1.0,2025-01-01,2170.0,PDX,IAH,6.0,-30.0,0,0,1825.0,0
2025.0,1.0,2025-01-01,656.0,AUS,IAH,-7.0,-19.0,0,0,140.0,0
2025.0,1.0,2025-01-01,740.0,IAH,PDX,3.0,10.0,0,0,1825.0,0
2025.0,1.0,2025-01-01,1163.0,DTW,BOS,-1.0,-10.0,0,0,632.0,0
2025.0,1.0,2025-01-01,1570.0,BOS,MCO,0.0,-7.0,0,0,1121.0,0
2025.0,1.0,2025-01-01,2410.0,LGA,PBI,-10.0,-26.0,0,0,1035.0,0
2025.0,1.0,2025-01-01,2669.0,MCO,LGA,5.0,-22.0,0,0,950.0,0
2025.0,1.0,2025-01-01,1216.0,IAH,LAX,-3.0,0.0,0,0,1379.0,0
2025.0,1.0,2025-01-01,2568.0,LAX,SAT,2.0,-4.0,0,0,1211.0,0
2025.0,1.0,2025-01-01,1308.0,MSP,PBI,-9.0,-26.0,0,0,1451.0,0
2025.0,1.0,2025-01-01,1308.0,PBI,MSP,-1.0,2.0,0,0,1451.0,0
2025.0,1.0,2025-01-01,2913.0,GRR,MSP,-1.0,-3.0,0,0,408.0,0
2025.0,1.0,2025-01-01,2961.0,MSP,DCA,-4.0,-29.0,0,0,931.0,0
2025.0,1.0,2025-01-01,2822.0,AUS,PHX,-1.0,-6.0,0,0,872.0,0
2025.0,1.0,2025-01-01,1301.0,PBI,ATL,-1.0,-17.0,0,0,545.0,0
2025.0,1.0,2025-01-01,1408.0,ATL,SAT,-6.0,-5.0,0,0,874.0,0
2025.0,1.0,2025-01-01,1408.0,SAT,ATL,4.0,-13.0,0,0,874.0,0
2025.0,1.0,2025-01-01,300.0,ATL,BOS,-4.0,-18.0,0,0,946.0,0
2025.0,1.0,2025-01-01,360.0,ATL,DCA,-6.0,-16.0,0,0,547.0,0
2025.0,1.0,2025-01-01,360.0,DCA,ATL,0.0,-6.0,0,0,547.0,0
2025.0,1.0,2025-01-01,1598.0,LAX,ORD,-4.0,-22.0,0,0,1744.0,0
2025.0,1.0,2025-01-01,2176.0,ORD,MSP,-5.0,10.0,0,0,334.0,0
2025.0,1.0,2025-01-01,2648.0,MIA,DCA,0.0,-15.0,0,0,919.0,0
2025.0,1.0,2025-01-01,1024.0,LGA,MCO,-6.0,-3.0,0,0,950.0,0
2025.0,1.0,2025-01-01,1024.0,MCO,LGA,69.0,54.0,0,0,950.0,1
2025.0,1.0,2025-01-01,2520.0,LGA,MCO,48.0,33.0,0,0,950.0,1
2025.0,1.0,2025-01-01,1916.0,CLE,MCO,-4.0,14.0,0,0,895.0,0
2025.0,1.0,2025-01-01,2251.0,MCO,CLE,-2.0,-9.0,0,0,895.0,0
2025.0,1.0,2025-01-01,3735.0,FLL,CLE,11.0,10.0,0,0,1062.0,0
2025.0,1.0,2025-01-01,3736.0,CLE,FLL,-5.0,15.0,0,0,1062.0,1
2025.0,1.0,2025-01-01,2610.0,MSP,MSO,-6.0,-24.0,0,0,1013.0,0
2025.0,1.0,2025-01-01,2877.0,DEN,MSP,31.0,11.0,0,0,680.0,0
2025.0,1.0,2025-01-01,2877.0,MSP,DEN,3.0,-11.0,0,0,680.0,0
2025.0,1.0,2025-01-01,1524.0,LAS,MIA,-5.0,-29.0,0,0,2174.0,0
2025.0,1.0,2025-01-01,2076.0,DTW,PHX,0.0,-2.0,0,0,1671.0,0
2025.0,1.0,2025-01-01,732.0,LAS,DTW,-6.0,-27.0,0,0,1749.0,0
2025.0,1.0,2025-01-01,777.0,ATL,LAS,-2.0,6.0,0,0,1747.0,0
2025.0,1.0,2025-01-01,929.0,PHX,ATL,-9.0,-32.0,0,0,1587.0,0
2025.0,1.0,2025-01-01,1375.0,ATL,SYR,6.0,-9.0,0,0,794.0,0
2025.0,1.0,2025-01-01,1375.0,SYR,ATL,-5.0,-9.0,0,0,794.0,0
2025.0,1.0,2025-01-01,2615.0,ATL,FSD,-6.0,-13.0,0,0,954.0,0
2025.0,1.0,2025-01-01,2272.0,LAX,SFO,-8.0,-33.0,0,0,337.0,0
2025.0,1.0,2025-01-01,2272.0,SFO,LAX,18.0,3.0,0,0,337.0,0
2025.0,1.0,2025-01-01,306.0,AUS,LAX,-9.0,-28.0,0,0,1242.0,0
2025.0,1.0,2025-01-01,692.0,LAX,AUS,-7.0,-19.0,0,0,1242.0,0
2025.0,1.0,2025-01-01,2461.0,DFW,SNA,-4.0,-13.0,0,0,1205.0,0
2025.0,1.0,2025-01-01,2461.0,SNA,DFW,-7.0,-13.0,0,0,1205.0,0
2025.0,1.0,2025-01-01,806.0,DFW,SNA,2.0,-8.0,0,0,1205.0,0
2025.0,1.0,2025-01-01,3056.0,ORD,MIA,40.0,42.0,0,0,1197.0,1
2025.0,1.0,2025-01-01,462.0,MIA,LAS,-4.0,-22.0,0,0,2174.0,0
2025.0,1.0,2025-01-01,581.0,MIA,ORD,-4.0,-19.0,0,0,1197.0,0
2025.0,1.0,2025-01-01,1177.0,SAN,SLC,-8.0,-7.0,0,0,626.0,0
2025.0,1.0,2025-01-01,1177.0,SLC,SAN,-6.0,-18.0,0,0,626.0,0
2025.0,1.0,2025-01-01,2244.0,SLC,DTW,24.0,5.0,0,0,1481.0,0
2025.0,1.0,2025-01-01,1443.0,MIA,CVG,-16.0,-40.0,0,0,948.0,0
2025.0,1.0,2025-01-01,1750.0,CVG,MCO,-10.0,14.0,0,0,757.0,0
2025.0,1.0,2025-01-01,2383.0,SJU,MIA,-10.0,-26.0,0,0,1045.0,0
2025.0,1.0,2025-01-01,1656.0,DFW,RSW,-8.0,-16.0,0,0,1017.0,0
2025.0,1.0,2025-01-01,1656.0,RSW,DFW,-7.0,-16.0,0,0,1017.0,0
2025.0,1.0,2025-01-01,2800.0,DFW,IND,-4.0,-20.0,0,0,761.0,0
2025.0,1.0,2025-01-01,2800.0,IND,DFW,-12.0,-21.0,0,0,761.0,0
2025.0,1.0,2025-01-01,1249.0,MIA,ATL,-7.0,-28.0,0,0,594.0,0
2025.0,1.0,2025-01-01,1284.0,ATL,IAH,48.0,50.0,0,0,689.0,1
2025.0,1.0,2025-01-01,1457.0,MCO,MDW,-1.0,-11.0,0,0,990.0,0
2025.0,1.0,2025-01-01,1458.0,MDW,MCO,-9.0,-24.0,0,0,990.0,0
2025.0,1.0,2025-01-01,1823.0,SJU,MCO,68.0,63.0,0,0,1189.0,1
2025.0,1.0,2025-01-01,4629.0,MCO,OMA,-11.0,-25.0,0,0,1211.0,0
2025.0,1.0,2025-01-01,4630.0,OMA,MCO,-13.0,-49.0,0,0,1211.0,0
2025.0,1.0,2025-01-01,1023.0,PVD,ATL,-7.0,11.0,0,0,903.0,0
2025.0,1.0,2025-01-01,2064.0,ATL,PVD,-7.0,-14.0,0,0,903.0,0
2025.0,1.0,2025-01-01,1360.0,BIL,SLC,-12.0,-26.0,0,0,387.0,0
2025.0,1.0,2025-01-01,1432.0,PHX,SLC,67.0,58.0,0,0,507.0,1
2025.0,1.0,2025-01-01,1432.0,SLC,PHX,79.0,62.0,0,0,507.0,1
2025.0,1.0,2025-01-01,2798.0,DFW,SLC,44.0,33.0,0,0,989.0,1
2025.0,1.0,2025-01-01,2798.0,SLC,DFW,76.0,45.0,0,0,989.0,1
2025.0,1.0,2025-01-01,1422.0,JFK,FLL,-5.0,-15.0,0,0,1069.0,0
2025.0,1.0,2025-01-01,655.0,FLL,DTW,5.0,-5.0,0,0,1127.0,0
2025.0,1.0,2025-01-01,944.0,DTW,SEA,7.0,12.0,0,0,1927.0,0
2025.0,1.0,2025-01-01,1113.0,TPA,DEN,-9.0,2.0,0,0,1506.0,0
2025.0,1.0,2025-01-01,1243.0,BUF,TPA,-14.0,-15.0,0,0,1053.0,0
2025.0,1.0,2025-01-01,1244.0,TPA,BUF,-13.0,-34.0,0,0,1053.0,0
2025.0,1.0,2025-01-01,1689.0,TTN,TPA,13.0,10.0,0,0,955.0,0
2025.0,1.0,2025-01-01,4172.0,TPA,TTN,42.0,16.0,0,0,955.0,1
2025.0,1.0,2025-01-01,21.0,SEA,HNL,-11.0,-2.0,0,0,2677.0,0
2025.0,1.0,2025-01-01,90.0,HNL,BOS,-2.0,-5.0,0,0,5095.0,0
2025.0,1.0,2025-01-01,1156.0,JAC,MSP,271.0,279.0,0,0,872.0,1
2025.0,1.0,2025-01-01,1156.0,MSP,JAC,1.0,,0,1,872.0,
2025.0,1.0,2025-01-01,2074.0,MSP,SFO,297.0,274.0,0,0,1589.0,1
2025.0,1.0,2025-01-01,2907.0,MSO,MSP,-2.0,-11.0,0,0,1013.0,0
2025.0,1.0,2025-01-01,1394.0,PBI,ATL,-1.0,-1.0,0,0,545.0,0
2025.0,1.0,2025-01-01,2300.0,LGA,MIA,-4.0,23.0,0,0,1096.0,1
2025.0,1.0,2025-01-01,467.0,ATL,LGA,-6.0,-24.0,0,0,762.0,0
2025.0,1.0,2025-01-01,1595.0,ATL,ORD,22.0,27.0,0,0,606.0,1
2025.0,1.0,2025-01-01,2999.0,MDW,DFW,71.0,42.0,0,0,797.0,1
2025.0,1.0,2025-01-01,3087.0,BWI,MDW,72.0,69.0,0,0,611.0,1
2025.0,1.0,2025-01-01,3088.0,MDW,BWI,-14.0,0.0,0,0,611.0,0
2025.0,1.0,2025-01-01,3098.0,DFW,ATL,46.0,26.0,0,0,731.0,1
2025.0,1.0,2025-01-01,16.0,HNL,SAN,6.0,1.0,0,0,2614.0,0
2025.0,1.0,2025-01-01,2073.0,DTW,DCA,3.0,4.0,0,0,405.0,0
2025.0,1.0,2025-01-01,2292.0,TVC,DTW,3.0,8.0,0,0,207.0,0
2025.0,1.0,2025-01-01,1108.0,SYR,ATL,-6.0,-27.0,0,0,794.0,0
2025.0,1.0,2025-01-01,371.0,ATL,LGA,-1.0,-17.0,0,0,762.0,0
2025.0,1.0,2025-01-01,1807.0,DEN,BNA,-6.0,-18.0,0,0,1014.0,0
2025.0,1.0,2025-01-01,1839.0,BNA,DEN,-4.0,-3.0,0,0,1014.0,0
2025.0,1.0,2025-01-01,2230.0,LAS,IAD,-7.0,-30.0,0,0,2065.0,0
2025.0,1.0,2025-01-01,2476.0,SAN,DEN,-8.0,-11.0,0,0,853.0,0
2025.0,1.0,2025-01-01,284.0,DEN,LAS,7.0,-2.0,0,0,628.0,0
2025.0,1.0,2025-01-01,2093.0,IAH,TPA,2.0,-14.0,0,0,787.0,0
2025.0,1.0,2025-01-01,2128.0,BWI,IAH,-7.0,-1.0,0,0,1235.0,0
2025.0,1.0,2025-01-01,1269.0,PHL,ATL,-6.0,-28.0,0,0,666.0,0
2025.0,1.0,2025-01-01,1508.0,ATL,SAT,-5.0,-7.0,0,0,874.0,0
2025.0,1.0,2025-01-01,2326.0,ATL,JAX,-5.0,-6.0,0,0,270.0,0
2025.0,1.0,2025-01-01,2326.0,JAX,ATL,0.0,-10.0,0,0,270.0,0
2025.0,1.0,2025-01-01,32.0,DFW,ATL,-7.0,-34.0,0,0,731.0,0
2025.0,1.0,2025-01-01,921.0,ATL,DFW,-4.0,5.0,0,0,731.0,0
2025.0,1.0,2025-01-01,1281.0,ATL,EYW,-5.0,-14.0,0,0,646.0,0
2025.0,1.0,2025-01-01,1281.0,EYW,ATL,-6.0,-15.0,0,0,646.0,0
2025.0,1.0,2025-01-01,2937.0,ROA,ATL,-10.0,-27.0,0,0,357.0,0
2025.0,1.0,2025-01-01,1060.0,ATL,AUS,-5.0,-8.0,0,0,813.0,0
2025.0,1.0,2025-01-01,414.0,ATL,DFW,-9.0,-7.0,0,0,731.0,0
2025.0,1.0,2025-01-01,414.0,DFW,ATL,-4.0,-29.0,0,0,731.0,0
2025.0,1.0,2025-01-01,455.0,DCA,ATL,-8.0,-12.0,0,0,547.0,0
2025.0,1.0,2025-01-01,1170.0,ATL,AUS,0.0,2.0,0,0,813.0,0
2025.0,1.0,2025-01-01,2446.0,MCO,LGA,44.0,27.0,0,0,950.0,1
2025.0,1.0,2025-01-01,2858.0,DTW,MCO,44.0,52.0,0,0,957.0,1
2025.0,1.0,2025-01-01,974.0,LGA,ATL,0.0,-10.0,0,0,762.0,0
2025.0,1.0,2025-01-01,2459.0,LAX,PDX,9.0,-4.0,0,0,834.0,0
2025.0,1.0,2025-01-01,2459.0,PDX,LAX,-9.0,-36.0,0,0,834.0,0
2025.0,1.0,2025-01-01,2975.0,LAX,PDX,-8.0,-15.0,0,0,834.0,0
2025.0,1.0,2025-01-01,2975.0,PDX,LAX,-10.0,-38.0,0,0,834.0,0
2025.0,1.0,2025-01-01,1464.0,SLC,FCA,-7.0,-21.0,0,0,531.0,0
2025.0,1.0,2025-01-01,2201.0,FCA,SLC,-7.0,-4.0,0,0,531.0,0
2025.0,1.0,2025-01-01,2247.0,SLC,ORD,-5.0,-31.0,0,0,1250.0,0
2025.0,1.0,2025-01-01,2377.0,ORD,SLC,16.0,29.0,0,0,1250.0,1
2025.0,1.0,2025-01-01,1104.0,MCO,DEN,-3.0,-12.0,0,0,1546.0,0
2025.0,1.0,2025-01-01,2268.0,IAD,MCO,0.0,2.0,0,0,758.0,0
2025.0,1.0,2025-01-01,1803.0,DEN,SFO,-3.0,-10.0,0,0,967.0,0
2025.0,1.0,2025-01-01,1392.0,MSY,IAD,-11.0,-27.0,0,0,955.0,0
2025.0,1.0,2025-01-01,1937.0,IAD,DEN,-4.0,-11.0,0,0,1452.0,0
2025.0,1.0,2025-01-01,798.0,DEN,IAD,2.0,-16.0,0,0,1452.0,0
2025.0,1.0,2025-01-01,1982.0,RSW,IAH,-3.0,-22.0,0,0,861.0,0
2025.0,1.0,2025-01-01,2095.0,LAX,ORD,-9.0,-27.0,0,0,1744.0,0
2025.0,1.0,2025-01-01,285.0,IAH,LAX,-5.0,-27.0,0,0,1379.0,0
2025.0,1.0,2025-01-01,2009.0,ATL,SAT,-6.0,-3.0,0,0,874.0,0
2025.0,1.0,2025-01-01,431.0,DEN,ATL,-6.0,5.0,0,0,1199.0,0
2025.0,1.0,2025-01-01,1596.0,ORD,ATL,-5.0,-28.0,0,0,606.0,0
2025.0,1.0,2025-01-01,2779.0,ATL,MDW,27.0,24.0,0,0,591.0,1
2025.0,1.0,2025-01-01,2945.0,MDW,DEN,9.0,-4.0,0,0,895.0,0
2025.0,1.0,2025-01-01,2511.0,AUS,MCO,-9.0,-10.0,0,0,994.0,0
2025.0,1.0,2025-01-01,681.0,MIA,MCO,1.0,-2.0,0,0,192.0,0
2025.0,1.0,2025-01-01,966.0,MCO,MIA,5.0,-6.0,0,0,192.0,0
2025.0,1.0,2025-01-01,1517.0,LAX,MCI,-3.0,-18.0,0,0,1363.0,0
2025.0,1.0,2025-01-01,1517.0,MCI,LAX,-2.0,-20.0,0,0,1363.0,0
2025.0,1.0,2025-01-01,2947.0,PDX,LAX,-9.0,-32.0,0,0,834.0,0
2025.0,1.0,2025-01-01,909.0,LAX,IND,-6.0,-9.0,0,0,1814.0,0
2025.0,1.0,2025-01-01,2602.0,DTW,LGA,1.0,-5.0,0,0,502.0,0
2025.0,1.0,2025-01-01,812.0,SEA,DTW,2.0,-4.0,0,0,1927.0,0
2025.0,1.0,2025-01-01,1185.0,TPA,MDW,93.0,79.0,0,0,997.0,1
2025.0,1.0,2025-01-01,1186.0,MDW,TPA,77.0,95.0,0,0,997.0,1
2025.0,1.0,2025-01-01,3281.0,MDW,IAH,61.0,52.0,0,0,917.0,1
2025.0,1.0,2025-01-01,3282.0,IAH,MDW,48.0,55.0,0,0,917.0,1
2025.0,1.0,2025-01-01,1043.0,DTW,IAH,-6.0,12.0,0,0,1075.0,0
2025.0,1.0,2025-01-01,1043.0,IAH,DTW,7.0,-13.0,0,0,1075.0,0
2025.0,1.0,2025-01-01,2839.0,DTW,RDU,-6.0,-4.0,0,0,501.0,0
2025.0,1.0,2025-01-01,3122.0,DTW,STL,-7.0,-2.0,0,0,440.0,0
2025.0,1.0,2025-01-01,3122.0,STL,DTW,-14.0,-33.0,0,0,440.0,0
2025.0,1.0,2025-01-01,1615.0,GEG,MSP,-4.0,-2.0,0,0,1175.0,0
2025.0,1.0,2025-01-01,1048.0,MSP,ATL,-4.0,-31.0,0,0,907.0,0
2025.0,1.0,2025-01-01,2134.0,SAN,MSP,-8.0,-19.0,0,0,1532.0,0
2025.0,1.0,2025-01-01,731.0,ATL,SAN,-2.0,-1.0,0,0,1892.0,0
2025.0,1.0,2025-01-01,1104.0,PDX,LAS,-17.0,-30.0,0,0,763.0,0
2025.0,1.0,2025-01-01,1961.0,DFW,LAS,-10.0,-21.0,0,0,1055.0,0
2025.0,1.0,2025-01-01,2675.0,MIA,DFW,-13.0,-32.0,0,0,1121.0,0
2025.0,1.0,2025-01-01,3335.0,ONT,PDX,-10.0,-10.0,0,0,838.0,0
2025.0,1.0,2025-01-01,4205.0,LAS,ONT,-15.0,-18.0,0,0,197.0,0
2025.0,1.0,2025-01-01,2871.0,MSP,BDL,-5.0,-29.0,0,0,1050.0,0
2025.0,1.0,2025-01-01,2904.0,ABQ,MSP,-10.0,-21.0,0,0,981.0,0
2025.0,1.0,2025-01-01,342.0,HDN,MSP,-5.0,2.0,0,0,774.0,0
2025.0,1.0,2025-01-01,342.0,MSP,HDN,-8.0,-21.0,0,0,774.0,0
2025.0,1.0,2025-01-01,2024.0,SLC,MCO,10.0,-21.0,0,0,1931.0,0
2025.0,1.0,2025-01-01,2349.0,DEN,LAS,-11.0,-24.0,0,0,628.0,0
2025.0,1.0,2025-01-01,1682.0,ATL,IAH,-8.0,-8.0,0,0,689.0,0
2025.0,1.0,2025-01-01,1682.0,IAH,ATL,-8.0,-35.0,0,0,689.0,0
2025.0,1.0,2025-01-01,2899.0,AUS,ATL,-19.0,-43.0,0,0,813.0,0
2025.0,1.0,2025-01-01,727.0,ATL,DCA,-7.0,8.0,0,0,547.0,0
2025.0,1.0,2025-01-01,1315.0,IAH,ATL,-6.0,-13.0,0,0,689.0,0
2025.0,1.0,2025-01-01,708.0,LAX,DTW,21.0,6.0,0,0,1979.0,0
2025.0,1.0,2025-01-01,895.0,ATL,LAX,-2.0,23.0,0,0,1947.0,1
2025.0,1.0,2025-01-01,1237.0,FSD,ATL,6.0,-22.0,0,0,954.0,0
2025.0,1.0,2025-01-01,1686.0,ATL,EYW,-5.0,-6.0,0,0,646.0,0
2025.0,1.0,2025-01-01,1686.0,EYW,ATL,0.0,13.0,0,0,646.0,0
2025.0,1.0,2025-01-01,1585.0,ATL,IAH,-5.0,2.0,0,0,689.0,0
2025.0,1.0,2025-01-01,1585.0,IAH,ATL,1.0,-24.0,0,0,689.0,0
2025.0,1.0,2025-01-01,330.0,DCA,ATL,-5.0,-13.0,0,0,547.0,0
2025.0,1.0,2025-01-01,374.0,ATL,DFW,-8.0,-1.0,0,0,731.0,0
2025.0,1.0,2025-01-01,374.0,DFW,ATL,-5.0,-28.0,0,0,731.0,0
2025.0,1.0,2025-01-01,2310.0,LGA,RSW,-1.0,-6.0,0,0,1080.0,0
2025.0,1.0,2025-01-01,2310.0,RSW,LGA,-8.0,-29.0,0,0,1080.0,0
2025.0,1.0,2025-01-01,2536.0,LGA,PBI,-5.0,-21.0,0,0,1035.0,0
2025.0,1.0,2025-01-01,2536.0,PBI,LGA,-2.0,-12.0,0,0,1035.0,0
2025.0,1.0,2025-01-01,2106.0,PHX,DEN,-9.0,-9.0,0,0,602.0,0
2025.0,1.0,2025-01-01,2141.0,DEN,PHX,-8.0,-18.0,0,0,602.0,0
2025.0,1.0,2025-01-01,2632.0,DEN,DFW,-6.0,-14.0,0,0,641.0,0
2025.0,1.0,2025-01-01,3156.0,LAX,DEN,-1.0,-8.0,0,0,862.0,0
2025.0,1.0,2025-01-01,2462.0,MSP,VPS,-1.0,6.0,0,0,1058.0,0
2025.0,1.0,2025-01-01,2462.0,VPS,MSP,14.0,10.0,0,0,1058.0,0
2025.0,1.0,2025-01-01,2870.0,MSP,ABQ,-1.0,-5.0,0,0,981.0,0
2025.0,1.0,2025-01-01,2156.0,SJC,MSP,-1.0,-4.0,0,0,1575.0,0
2025.0,1.0,2025-01-01,2313.0,LGA,MSP,-7.0,-22.0,0,0,1020.0,0
2025.0,1.0,2025-01-01,2418.0,MSP,GEG,-8.0,-25.0,0,0,1175.0,0
2025.0,1.0,2025-01-01,2756.0,MSP,LGA,0.0,-17.0,0,0,1020.0,0
2025.0,1.0,2025-01-01,1039.0,RDU,MCO,-9.0,-15.0,0,0,534.0,0
2025.0,1.0,2025-01-01,1540.0,IND,MCO,-16.0,13.0,0,0,829.0,0
2025.0,1.0,2025-01-01,1554.0,MCO,RDU,7.0,-8.0,0,0,534.0,0
2025.0,1.0,2025-01-01,2252.0,CLE,MCO,-5.0,16.0,0,0,895.0,1
2025.0,1.0,2025-01-01,3915.0,MCO,CLE,-10.0,-19.0,0,0,895.0,0
2025.0,1.0,2025-01-01,4837.0,MCO,IND,-12.0,-21.0,0,0,829.0,0
2025.0,1.0,2025-01-01,2888.0,MIA,DCA,1.0,-23.0,0,0,919.0,0
2025.0,1.0,2025-01-01,890.0,RDU,MIA,-5.0,-23.0,0,0,700.0,0
2025.0,1.0,2025-01-01,1340.0,ONT,SLC,-8.0,-22.0,0,0,558.0,0
2025.0,1.0,2025-01-01,1616.0,DEN,MSP,-3.0,12.0,0,0,680.0,0
2025.0,1.0,2025-01-01,1623.0,SLC,DEN,-1.0,-15.0,0,0,391.0,0
2025.0,1.0,2025-01-01,2683.0,MSP,IAH,-4.0,-37.0,0,0,1034.0,0
2025.0,1.0,2025-01-01,2209.0,MSP,MCO,-5.0,-12.0,0,0,1310.0,0
2025.0,1.0,2025-01-01,2808.0,BOI,MSP,-1.0,-19.0,0,0,1142.0,0
2025.0,1.0,2025-01-01,2843.0,MCO,JFK,5.0,37.0,0,0,944.0,1
2025.0,1.0,2025-01-01,2818.0,SAN,DEN,191.0,190.0,0,0,853.0,1
2025.0,1.0,2025-01-01,690.0,DEN,DCA,-6.0,-17.0,0,0,1476.0,0
2025.0,1.0,2025-01-01,1200.0,ROC,ATL,-3.0,-17.0,0,0,749.0,0
2025.0,1.0,2025-01-01,2097.0,ATL,ROC,-5.0,-13.0,0,0,749.0,0
2025.0,1.0,2025-01-01,2097.0,ROC,ATL,0.0,-18.0,0,0,749.0,0
2025.0,1.0,2025-01-01,832.0,ATL,DCA,-8.0,-22.0,0,0,547.0,0
2025.0,1.0,2025-01-01,1334.0,IAH,ORD,-4.0,-19.0,0,0,925.0,0
2025.0,1.0,2025-01-01,221.0,LGA,DEN,-3.0,-8.0,0,0,1620.0,0
2025.0,1.0,2025-01-01,1263.0,EUG,DEN,-8.0,-36.0,0,0,996.0,0
2025.0,1.0,2025-01-01,453.0,DEN,FLL,32.0,12.0,0,0,1703.0,0
2025.0,1.0,2025-01-01,790.0,SFO,EUG,-3.0,-19.0,0,0,451.0,0
2025.0,1.0,2025-01-01,1729.0,FLL,DEN,6.0,-2.0,0,0,1703.0,0
2025.0,1.0,2025-01-01,477.0,EWR,FLL,20.0,7.0,0,0,1065.0,0
2025.0,1.0,2025-01-01,637.0,DFW,EWR,-6.0,-35.0,0,0,1372.0,0
2025.0,1.0,2025-01-01,655.0,DEN,LAS,1.0,-7.0,0,0,628.0,0
2025.0,1.0,2025-01-01,1007.0,DEN,SFO,32.0,27.0,0,0,967.0,1
2025.0,1.0,2025-01-01,2409.0,SFO,PDX,19.0,9.0,0,0,550.0,0
2025.0,1.0,2025-01-01,259.0,MFR,DEN,-10.0,-27.0,0,0,964.0,0
2025.0,1.0,2025-01-01,2723.0,LAS,IAH,-4.0,-28.0,0,0,1222.0,0
2025.0,1.0,2025-01-01,433.0,SFO,MFR,-5.0,-20.0,0,0,329.0,0
2025.0,1.0,2025-01-01,611.0,IAH,SFO,-1.0,-14.0,0,0,1635.0,0
2025.0,1.0,2025-01-01,1961.0,IAH,IND,-3.0,-16.0,0,0,844.0,0
2025.0,1.0,2025-01-01,2204.0,IND,IAH,0.0,-1.0,0,0,844.0,0
2025.0,1.0,2025-01-01,2399.0,MCO,IAH,18.0,-2.0,0,0,854.0,0
2025.0,1.0,2025-01-01,1564.0,IAH,SAN,-6.0,-21.0,0,0,1303.0,0
2025.0,1.0,2025-01-01,2491.0,PIT,IAH,21.0,26.0,0,0,1117.0,1
2025.0,1.0,2025-01-01,556.0,SAN,IAH,-9.0,-32.0,0,0,1303.0,0
2025.0,1.0,2025-01-01,2636.0,CLE,MCO,-5.0,5.0,0,0,895.0,0
2025.0,1.0,2025-01-01,486.0,MCO,CLE,-5.0,-17.0,0,0,895.0,0
2025.0,1.0,2025-01-01,1390.0,DEN,ORF,0.0,-3.0,0,0,1553.0,0
2025.0,1.0,2025-01-01,2292.0,BUR,DEN,-10.0,7.0,0,0,850.0,0
2025.0,1.0,2025-01-01,2441.0,SFO,BUR,4.0,-13.0,0,0,326.0,0
2025.0,1.0,2025-01-01,790.0,ATL,SFO,5.0,17.0,0,0,2139.0,1
2025.0,1.0,2025-01-01,1285.0,RSW,IAH,-4.0,-17.0,0,0,861.0,0
2025.0,1.0,2025-01-01,1688.0,IAH,RSW,-5.0,-17.0,0,0,861.0,0
2025.0,1.0,2025-01-01,2393.0,TPA,IAH,-1.0,-16.0,0,0,787.0,0
2025.0,1.0,2025-01-01,1486.0,SAT,IAH,-9.0,-19.0,0,0,191.0,0
2025.0,1.0,2025-01-01,2070.0,IAH,JAX,-3.0,-2.0,0,0,817.0,0
2025.0,1.0,2025-01-01,2339.0,IAH,LAS,-5.0,-10.0,0,0,1222.0,0
2025.0,1.0,2025-01-01,368.0,ORD,BWI,13.0,-7.0,0,0,622.0,0
2025.0,1.0,2025-01-01,411.0,IAH,ORD,-1.0,25.0,0,0,925.0,1
2025.0,1.0,2025-01-01,451.0,BWI,IAH,-4.0,-9.0,0,0,1235.0,0
2025.0,1.0,2025-01-01,1826.0,EWR,SAN,-10.0,-21.0,0,0,2425.0,0
2025.0,1.0,2025-01-01,327.0,SAN,EWR,-8.0,-25.0,0,0,2425.0,0
2025.0,1.0,2025-01-01,1111.0,SFO,LIH,-7.0,-15.0,0,0,2447.0,0
2025.0,1.0,2025-01-01,1112.0,LIH,SFO,-6.0,-44.0,0,0,2447.0,0
2025.0,1.0,2025-01-01,552.0,SFO,PHL,-7.0,-42.0,0,0,2521.0,0
2025.0,1.0,2025-01-01,1182.0,FLL,DEN,0.0,-15.0,0,0,1703.0,0
2025.0,1.0,2025-01-01,1236.0,DEN,PHX,-4.0,-21.0,0,0,602.0,0
2025.0,1.0,2025-01-01,1302.0,DEN,SAN,-3.0,-13.0,0,0,853.0,0
2025.0,1.0,2025-01-01,682.0,SAN,DEN,-6.0,8.0,0,0,853.0,0
2025.0,1.0,2025-01-01,1727.0,TLH,ATL,-15.0,-26.0,0,0,223.0,0
2025.0,1.0,2025-01-01,1103.0,BOS,MSP,-5.0,-34.0,0,0,1124.0,0
2025.0,1.0,2025-01-01,2287.0,MSP,PHX,-2.0,-12.0,0,0,1276.0,0
2025.0,1.0,2025-01-01,2287.0,PHX,MSP,-12.0,-20.0,0,0,1276.0,0
2025.0,1.0,2025-01-01,2436.0,MCO,BOS,-4.0,-28.0,0,0,1121.0,0
2025.0,1.0,2025-01-01,4195.0,LGA,MIA,-11.0,-10.0,0,0,1096.0,0
2025.0,1.0,2025-01-01,4196.0,MIA,LGA,-7.0,-33.0,0,0,1096.0,0
2025.0,1.0,2025-01-01,2976.0,ATL,AUS,-4.0,-17.0,0,0,813.0,0
2025.0,1.0,2025-01-01,2976.0,AUS,ATL,-13.0,-28.0,0,0,813.0,0
2025.0,1.0,2025-01-01,537.0,ATL,DCA,-7.0,-21.0,0,0,547.0,0
2025.0,1.0,2025-01-01,563.0,ATL,DCA,-2.0,-7.0,0,0,547.0,0
2025.0,1.0,2025-01-01,563.0,DCA,ATL,-1.0,-5.0,0,0,547.0,0
2025.0,1.0,2025-01-01,1789.0,RSW,SFO,-4.0,-19.0,0,0,2481.0,0
2025.0,1.0,2025-01-01,354.0,SFO,RSW,-8.0,,0,1,2481.0,
2025.0,1.0,2025-01-01,2382.0,IAD,RDU,2.0,3.0,0,0,224.0,0
2025.0,1.0,2025-01-01,2443.0,SFO,FLL,1.0,1.0,0,0,2584.0,0
2025.0,1.0,2025-01-01,538.0,FLL,IAD,2.0,-13.0,0,0,901.0,0
2025.0,1.0,2025-01-01,1447.0,PHX,SLC,-8.0,-17.0,0,0,507.0,0
2025.0,1.0,2025-01-01,1447.0,SLC,PHX,-5.0,-14.0,0,0,507.0,0
